Cód.Original;Baia;Corredor;Nível;Cód.Barras
E26510;;;1;120150191374 8
02004BAGP;;;1;789125202004 4
SBB223J;;;1;120060193066 2
SBC405J 075;;;1;120060193065 5
135;;;1;789014532460 3
10210;;;1;789267700217 2
SBB223J 050;;;1;120060193062 4
SM59405 STD;;;1;789241554792 7
CUN6144;;;1;510410280107 9
97190960;;;1;789053710967 2
13311U;;;1;730020191612 8
A59870 050;;;1;789241539260 2
SB59223 050;;;1;789241554722 4
77848620;;;1;789000041083 0
11906 AG;;;1;789854426073 7
SM59405 050;;;1;789241554794 1
SBB223J 100;;;1;120060193007 5
SM59405 075;;;1;789476604401 8
61052030;;;1;789537215195 4
SB59223 075;;;1;789241554723 1
VS5456;;;1;789000041076 2
800060140000;;;1;789053710124 9
136;;;1;170010013280 7
SB59223 100;;;1;789241554724 8
SB59223 025;;;1;789241554721 7
SB59223 STD;;;1;789241554720 0
97234960;;;1;789053710973 3
64111093;;;1;789000226741 8
SBC405J 050;;;1;120060193100 3
02006BAG;;;1;789125202006 8
11163030;;;1;789537204557 4
64113501;;;1;720020190758 7
64113401;;;1;720020190757 0
64113601;;;1;720020190756 3
30011;;;1;789267700657 6
A59000 STD;;;1;789476601197 3
30010;;;1;789267700656 9
10210A;;;1;789267700218 9
32300B;;;1;230020190274 4
30795B;;;1;230020190254 6
10110;;;1;789267700105 2
22617B;;;1;230020280084 1
30710B;;;1;230020280249 4
31705B;;;1;230020280265 4
20025;;;1;789267700448 0
88850110;;;1;280350040359 7
B59223;;;1;120060010011 0
K59000;;;1;120160190219 2
S59110;;;1;120150191044 0
S59100;;;1;120150191043 3
S59000;;;1;120150191042 6
K59312;;;1;120160190943 6
K59202;;;1;120160190940 5
K59102;;;1;120160190938 2
K59490;;;1;120160190937 5
TR6B10;;;1;761050190009 4
31817B;;;1;230020190307 9
30710B/1;;;1;230020190250 8
11625CU;;;1;130020190778 8
31815B;;;1;230020190306 2
B59223 025;;;1;120060010013 4
S59490;;;1;120150191049 5
P1632;;;1;120150052903 2
10504NP;;;1;789909213513 3
L59105 030;;;1;120240192832 0
L59105 010;;;1;120240192831 3
L59105;;;1;120240192830 6
A59109 025;;;1;120300282829 3
01832BR;;;1;510410190060 5
30006;;;1;789267700653 8
A59840 STD;;;1;789241547227 4
;;;1;510410320052 9
K930;;;1;120160042760 3
VA0590043;;;1;120170193150 4
E59310 050;;;1;120150192729 5
S59560 STD;;;1;120150053162 2
A59100 050;;;1;789476601202 4
S59560 050;;;1;120150053163 9
BKR5EY;;;1;761050280001 0
SUK1806;;;1;120160282690 9
77616640;;;1;789053710347 2
SL59060 010;;;1;789241554851 1
S59570 050;;;1;120150053165 3
BC241 050;;;1;120060193224 6
VA0590093;;;1;120170053232 0
BC123J 025;;;1;120060873259 7
61052230;;;1;470350280726 4
GC0590010;;;1;120340053336 2
SM59405 100;;;1;789241554796 5
9575059;;;1;340270190138 4
SL59060 STD;;;1;789241554850 4
SL59060 015;;;1;789241554852 8
13306U;;;1;730020011611 6
BB223J 050;;;1;120060042609 8
61405 UC;;;1;789000237077 4
A59509 STD;;;1;789241562818 3
01945BRGS*;;;1;789125201945 1
156;;;1;789003720163 0
VE0590178;;;1;120170193577 9
KD0019;;;1;789001639470 4
97152960;;;1;789053710957 3
VA0590181;;;1;120170193579 3
01074BRG;;;1;510410280025 6
09239BREF;;;1;510170190022 6
KD1299;;;1;789001639418 6
77617620;;;1;789000630618 2
VA0590066;;;1;120170193599 1
VE0590182;;;1;120170193602 8
VE0590171;;;1;120170193604 2
800065040060;;;1;789003039362 2
05167BRAGEF;;;1;789125205167 3
VE0590173;;;1;120170193606 6
30705B;;;1;230020190248 5
VA0590174;;;1;120170193607 3
VE0590175;;;1;120170193608 0
11808GU;;;1;730020191627 2
A59499 050;;;1;789241562816 9
31795B;;;1;230020280266 1
10138;;;1;789267700138 0
05166BRAGF;;;1;789125205166 6
11818U;;;1;730020191635 7
40714U;;;1;730020321637 0
SBC405J 100;;;1;120060193756 2
77616650 150;;;1;789053710348 9
1669APL;;;1;690160190240 0
RE1169;;;1;789001736147 7
RE1039;;;1;789909742506 2
05702KIT;;;1;789004133290 0
01943BAGEP;;;1;789125201943 7
A59499 STD;;;1;789241562815 2
A59309 STD;;;1;789241563428 3
S59000 050;;;1;120060192386 2
DA6583 STD;;;1;120300053067 9
VE0590042;;;1;120170192560 2
AETO16;;;1;789003039143 7
11211GU;;;1;730020051569 8
K59492;;;1;120160013817 2
86010604;;;1;280240190727 2
K59320;;;1;120160012296 6
M59123 075;;;1;789476604329 5
K59201;;;1;120160190931 3
79244610;;;1;789053710356 4
M59710 050;;;1;789241589309 3
GC0590066 STD;;;1;120340193835 7
M59710 100;;;1;789241589313 0
11906AU/GU;;;1;730020191557 2
VS5657;;;1;789000041059 5
105AV1180;;;1;789002732209 3
64113651;;;1;720020190759 4
11808AU/GU;;;1;730020191556 5
11111U;;;1;730020190135 3
S59201 100;;;1;120150192485 0
11112U;;;1;730020191183 3
10510NP;;;1;789000232225 4
11106GU;;;1;730020191160 4
50017855 STD;;;1;789001713616 7
AE014J STD;;;1;789241517200 6
77616630;;;1;789053710346 5
S59490 050;;;1;120150192472 0
11802AG;;;1;789000232473 9
134;;;1;789003132523 3
77616610;;;1;789053710344 1
S59490 100;;;1;120150012470 1
77617650;;;1;789053710354 0
S59310 050;;;1;120150012463 3
77617620 STD;;;1;789053710351 9
97028960;;;1;789053710951 1
A59009 100;;;1;789241537710 4
13306AG;;;1;789000235124 7
97075960;;;1;789053710954 2
77616600;;;1;789053710343 4
20082;;;1;789847900013 2
77617650 150;;;1;789000533205 2
134APL;;;1;789018333233 2
A59600 050;;;1;789476607376 6
77787600;;;1;789053710507 0
153010;;;1;789000041038 0
A59500 050;;;1;789476607373 5
05250BRGF;;;1;289427205250 2
S59300 050;;;1;120150012335 3
S59300 100;;;1;120150012300 1
800061340100;;;1;789003033629 2
S59201 050;;;1;120150012252 3
S59210 100;;;1;120150012251 6
25645030;;;1;789537206781 1
800061341000 STD;;;1;789053713211 3
92054711;;;1;789053712978 6
00962BR;;;1;789125200962 9
800060640000;;;1;789053710163 8
97181960;;;1;789053710964 1
00962BRGP;;;1;170410010332 4
30004;;;1;789267700651 4
30001;;;1;789267700648 4
155;;;1;170370010294 2
11307 FLEX;;;1;779396032307 6
77657630 075;;;1;789053710560 5
77617630 075;;;1;789000633959 3
800060040000 STD;;;1;789003033964 4
166-9;;;1;170010010248 0
61611FI;;;1;730020191030 0
61507SCR;;;1;730020191014 0
BC218 025;;;1;789000634948 6
59707SCR;;;1;730020260884 8
97295600 STD;;;1;789053712031 8
S59500 050;;;1;120150192433 1
11811CB RV;;;1;130020190691 0
800060240000;;;1;789003034127 2
301781000 STD;;;1;789000134182 9
11616CB;;;1;730020190225 1
89476810 STD;;;1;789003034199 9
00222BAG;;;1;510410190018 6
TA7453 STD;;;1;789003034297 2
11912GV;;;1;789000234648 9
11705 GV;;;1;789000234649 6
800038440000 STD;;;1;789003034737 3
D121SX180;;;1;590270280004 7
50017730 STD;;;1;789053711456 0
11286030;;;1;789537204776 9
11026B;;;1;730020190200 8
BB238 050;;;1;789000634811 3
11811AU/GU;;;1;730020190196 4
BB238 075;;;1;789000634812 0
11611AU/GU;;;1;730020190195 7
11311GU;;;1;730020190193 3
SBB150J010;;;1;789000041006 9
BB777 075;;;1;789000634823 6
11802AU/GU;;;1;730020190188 9
11807AU/GU;;;1;730020190178 0
11806AU/GU;;;1;730020190176 6
86010604 010;;;1;789000627501 3
11620AU/GU;;;1;730020190174 2
68514311;;;1;720020280393 2
84141258;;;1;720020190166 0
54151201;;;1;720020190151 6
64134861;;;1;720020190135 6
159;;;1;691450190014 8
AE060MT 050;;;1;789002434831 7
BC777MT 050;;;1;789000634862 5
BC241 100;;;1;789000634884 7
97348620;;;1;789053713239 7
64134341;;;1;720020190132 5
64134211;;;1;720050190131 5
800060140050;;;1;789053710125 6
SM405 STD;;;1;789894231414 8
RDC1006;;;1;170010010557 3
64114861;;;1;720010190072 5
64114341;;;1;720020190070 0
64114211;;;1;720020190068 7
64111471;;;1;720050190065 3
KD0019CP;;;1;789001640606 3
S59210 050;;;1;120150192388 4
SM405 125;;;1;789000634931 8
SM405 150;;;1;789000634932 5
SB777 025;;;1;789000634943 1
SM777 025;;;1;789000634944 8
BB218 025;;;1;789000634950 9
M59710 025;;;1;789241589307 9
A59000 050;;;1;789476601198 0
A59100 100;;;1;120300192355 5
A59009 050;;;1;789241537709 8
40297960;;;1;789053710907 8
92054710 050;;;1;789001534998 9
307751000;;;1;789003034999 5
79407FLEX;;;1;789000040973 5
77788610;;;1;789053710513 1
77788600;;;1;789053710512 4
40714CV;;;1;789000235136 0
800061340050;;;1;789053710127 0
11801AU/GU;;;1;730020190187 2
11220GU;;;1;730020190172 8
3602A;;;1;789001735213 0
PNA7707 STD;;;1;789003035390 9
M35300075;;;1;789000635502 9
11911AG;;;1;789854426274 8
800064440000;;;1;789053713143 7
AT3080;;;1;789815685072 2
50017775;;;1;789053711501 7
40714MLS;;;1;789000236080 5
RE1298;;;1;789001736163 7
AE014020;;;1;789002436180 4
EMA7730 STD;;;1;789003036206 2
A59490 050;;;1;789476601212 3
46610CB SC;;;1;789354800653 4
LN7242 STD;;;1;789003036210 9
97295610 050;;;1;789053712033 2
K26510;;;1;120160190947 4
VS5264;;;1;789001738951 8
BC708 020;;;1;789000636231 7
11706CBSC;;;1;789354800391 5
11611CB RV;;;1;130020190687 3
11420CB SC;;;1;130020190685 9
R32313S;;;1;230200190715 8
11220CB SC;;;1;130020190682 8
11912AG;;;1;789854426276 2
50017640;;;1;789053712936 6
01945BRGS;;;1;789004113741 3
800038441000;;;1;789053713376 9
97462620;;;1;789053713250 2
800035041 050;;;1;789053713053 9
AR3050;;;1;789003736927 9
50017813;;;1;789053711533 8
50017748;;;1;789053711474 4
800038441 050;;;1;789053713377 6
800035041000;;;1;789053713052 2
1100N;;;1;789004137008 7
AEFO16;;;1;789003037190 3
JSCF10STD;;;1;789002237234 5
JCRHY18A;;;1;789000040962 9
800038940;;;1;789003037337 2
AT3057;;;1;789003737472 3
50017749 STD;;;1;789053711475 1
PSA8788050;;;1;789003037522 2
61405US;;;1;789000238086 5
KD0082;;;1;789001638719 5
40058600;;;1;789001539120 9
800067540040;;;1;789003039178 9
454002;;;1;789001039225 6
30511AG;;;1;789000239528 9
14311AG;;;1;789000239595 1
A59870 STD;;;1;789241539259 6
30505AGR;;;1;789000239627 9
11113AGR;;;1;789000239809 9
S59210;;;1;120150192233 7
K59212 STD;;;1;120160193875 7
A59500 100;;;1;120300192222 0
41912600;;;1;789000640744 5
11136FL;;;1;789004140488 1
10174;;;1;789267700173 1
61507US;;;1;730020191013 3
A59000 100;;;1;120300192009 7
A59000 075;;;1;120300192008 0
A59109 050;;;1;789476606181 7
A59109 STD;;;1;789476606180 0
S59600 050;;;1;120150191598 8
M59123 050;;;1;789476604327 1
X56E6K301BE;;;1;789004138432 9
R55412N;;;1;230200190719 6
02005BAGP;;;1;789125202005 1
R31812S;;;1;230200190711 0
R31800S;;;1;230410190710 6
R30611S;;;1;230200190709 7
E59210 100;;;1;120150192728 8
A59009 STD;;;1;789476606179 4
B59228 025;;;1;120060191555 3
B59223 100;;;1;120060191554 6
11105GU;;;1;730020191081 2
B59223 075;;;1;120060191553 9
B59223 050;;;1;120060191552 2
A59500 STD;;;1;789476607372 8
A59490 STD;;;1;789476601211 6
VS1117;;;1;789001712094 4
A59320 STD;;;1;789476601208 6
A59300 STD;;;1;789476601205 5
05245MJEF;;;1;789125205245 8
800067540000;;;1;789003039177 2
BB228 075;;;1;789000636232 4
A59100 STD;;;1;789476601201 7
40749610;;;1;789001537242 0
L59060 010;;;1;789476603949 6
35050;;;1;789000041065 6
S59110 050;;;1;120150192389 1
800067340000;;;1;789003037966 4
L59010 010;;;1;789476603944 1
05338PHSIP;;;1;789125205338 7
M59708 050;;;1;120060191390 0
M59405 100;;;1;120060191387 0
S59100 050;;;1;120150192387 7
M59405 075;;;1;120060191386 3
20102;;;1;789267700530 2
40735FL;;;1;789004138701 6
M59405 050;;;1;120060191385 6
L59060;;;1;120240191169 8
L59014 STD;;;1;789476603947 2
M59710 STD;;;1;789241589305 5
M59405;;;1;120060191164 7
B59228 STD;;;1;789476601674 9
20008;;;1;789267700428 2
20005;;;1;789267700425 1
10109;;;1;789267700104 5
50017814;;;1;789053711534 5
E59201;;;1;120150191127 0
E59110;;;1;120150191126 3
S59600;;;1;120150191051 8
11906GU;;;1;730020191628 9
77616620;;;1;789053710345 8
R55411S;;;1;230200190718 9
11306AG;;;1;789854426056 0
S59310;;;1;120150191048 8
S59300;;;1;120150191047 1
S59201;;;1;120150191045 7
K59310;;;1;120160190934 4
97295960;;;1;789053710987 0
K59300;;;1;120160190933 7
K59330;;;1;120160190936 8
K59210;;;1;120020190932 7
K59110;;;1;120160190930 6
K59100;;;1;120160190929 0
78852628;;;1;789002435311 3
32907B;;;1;230020190505 9
32507B;;;1;230020190280 5
31807B;;;1;230020190268 3
32500B;;;1;230020190278 2
MM100567;ADTVO;;1;789000339027 6
MM100566;ADTVO;;1;789018938798 5
71716NA; 052;;1;789854427134 4
800021241 050; 095;;1;789000033410 5
10118;E;;1;789267700118 2
922580191048; 01;A;1;789582512558 7
922550191048;01A;A;1;789001640333 8
922580191068; 02;A;1;789582512559 4
922550191068;02A;A;1;789001640480 9
922680190148; 03;A;1;789582512683 6
922650190148; 03;A;1;789000041015 1
922980191428; 04;A;1;789582514750 3
922950191428;04A;A;1;789582584807 3
922980192908; 05;A;1;789582519485 9
922950192908;05A;A;1;789001640143 3
922980192958; 06;A;1;789582519490 3
922950192958;06A;A;1;789582584822 6
922980193018; 07;A;1;789582519495 8
922950193018;07A;A;1;789582584819 6
922980192898;10;A;1;789582519484 2
922900190748;11;A;1;789582512793 2
922980192888;12;A;1;789582519483 5
941080191118;15;A;1;789582519513 9
941080191128;16;A;1;789582519511 5
941080191138;17;A;1;789582519508 5
941050191138;17A;A;1;789582584820 2
941080191148;18;A;1;789582519510 8
941080191158;19;A;1;789582519509 2
941050191158;19;A;1;789582585129 5
961080191178;20;A;1;789582519512 2
961050191178;20A;A;1;789001640656 8
961250190118;21;A;1;789002340257 7
961250190138;22;A;1;789000040893 6
961280190488;23;A;1;789582524712 8
940750191076;24;A;1;789001640800 5
940780191076;24;A;1;789582530742 6
940780191146;25;A;1;789582530515 6
940750191146;25;A;1;789000041074 8
940750191126;26;A;1;789001640819 7
940780191126;26;A;1;789582530497 5
940750191136;27;A;1;789001640811 1
940780191156;28;A;1;789582530563 7
940750191086;29;A;1;789001640362 8
961250190648;31;A;1;789001640316 1
961280190648;31;A;1;789582525707 3
922901700034;35;A;1;789582513040 6
922901700544;36;A;1;789582513056 7
922901700464;37;A;1;789582513055 0
922901700444;38;A;1;789582513054 3
922901700364;39;A;1;789582513053 6
7004000C91;40;A;1;789582526093 6
7004014C91E;41;A;1;789582525514 7
961201700014;41;A;1;789582518577 2
940781700046;42;A;1;789582521869 2
940781700086;43;A;1;789582521867 8
960751700046E;44;A;1;789001638917 5
7008453R1E; 01;C;1;789000040877 6
61074250; 02;C;1;789537216167 0
70530054RE; 03;C;1;789582537200 4
7008455R1E; 04;C;1;789003540724 9
70530043RE; 04;C;1;789582537029 1
70530044RE; 05;C;1;789003534234 2
70530042RE; 07;C;1;789582522063 3
7008454R1E; 07;C;1;789003540822 2
70530020; 09;C;1;100350051605 6
7008452R1E; 09;C;1;789000041030 4
70530050RE;10;C;1;789582537025 3
7008451R1E;10A;C;1;789000040890 5
70530022;11;C;1;789582504121 4
70530052RE;12;C;1;789582537855 6
7008293R91;13;C;1;789001640664 3
I41014;13;C;1;789582519583 2
P4050;14;C;1;789582519939 7
P4051;15;C;1;789582519941 0
7008506R91;17;C;1;789000041093 9
S1037;18;C;1;789582519557 3
K57280;22;C;1;120160050274 4
6354162;22;C;1;789582519556 6
7008291R91;24;C;1;789000040967 4
I41013;24;C;1;789582519562 7
7008505R91;25;C;1;789000041048 9
I41T009;27;C;1;789582519552 8
R7001455C91;28;C;1;789001640667 4
424878;29;C;1;789582519547 4
7008296R91;29;C;1;789000040918 6
7008285R91;31;C;1;789001640723 7
I39A003;32;C;1;789582519558 0
I39A001;33;C;1;789582519548 1
4203208;34;C;1;789582519561 0
7008095R91;35;C;1;789001640666 7
4203207;36;C;1;789582519564 1
3152191;37;C;1;789582508551 5
3152135;38;C;1;789582507476 2
4203154;39;C;1;789582507602 5
423616;40;C;1;789582507604 9
7008281R91;40;C;1;789001540665 1
423647;41;C;1;789582507608 7
7008284R91;41;C;1;789001540823 5
4236118;42;C;1;789582507603 2
424844;43;C;1;789582507609 4
7008277R91;44;C;1;789000040908 7
S4078;44;C;1;789582508549 2
S4079;45;C;1;789582508548 5
S4081;46;C;1;789582508555 3
S4082;47;C;1;789582508556 0
P4047;48;C;1;789582508553 9
7008292R91;48;C;1;789001540681 1
P4046;49;C;1;789582508554 6
635429;50;C;1;789582507613 1
635478;51;C;1;789582507614 8
6357107;52;C;1;789582507615 5
635852;53;C;1;789582507617 9
S1016;55;C;1;789582506999 7
7008055R91;55;C;1;789000040999 5
7008070R91;56;C;1;789001639453 7
635845E;56;C;1;789582500723 4
7008066R91;57;C;1;789582535693 6
635759;57;C;1;789582500706 7
635477;59;C;1;789582500682 4
7008057R91;59;C;1;789582535697 4
7008045R91;60;C;1;789582535805 3
70993854;61;C;1;789582519915 1
S4006;63;C;1;789582500517 9
7008049R91;63;C;1;789582535657 8
7008061R91;64;C;1;789582535692 9
A57220 STD;64;C;1;789476601183 6
7008724R91E;65;C;1;789000041053 3
424843;65;C;1;789582500630 5
7008041R91;65;C;1;789582535873 2
7008031R91;67;C;1;789582535849 7
4236151;67;C;1;789582501491 1
7008714R91E;67;C;1;789000041106 6
423614;68;C;1;789582500594 0
7008052R91;68;C;1;789582535782 7
7008037R91;69;C;1;789582535691 2
7008720R91E;69;C;1;789000041040 3
3152158;69;C;1;789582501419 5
3152165;70;C;1;789582501426 3
7008419R91;71;C;1;789003040829 6
S1015;71;C;1;789582507083 2
961201450055; 01;D;1;789582518565 9
71221FA; 02;D;1;730020041348 2
71107SCR; 03;D;1;789854426809 2
71106SCR; 05;D;1;789854426806 1
71110SCR; 06;D;1;789854426818 4
71904SCR; 07;D;1;789854427202 0
71905SCR; 08;D;1;789854427204 4
71826BO; 09;D;1;170020023609 2
71906SCR;12;D;1;789000237924 1
71907SCR;13;D;1;789000237424 6
961280130076;14;D;1;789000237297 6
61506UC;14A;D;1;730020191007 2
78006;14B;D;1;789000240558 2
61411U;14C;D;1;789000238098 8
61311U;14D;D;1;789854427267 9
961280130146;15;D;1;789582530864 5
961280130096;16;D;1;789582525157 6
941280130026;17;D;1;789582517251 2
961080130236;18;D;1;789582518337 2
941280130076;19;D;1;789000240288 8
960708530084E;20;D;1;789582536642 3
71726B;21;D;1;789854427135 1
71122NAK;22;D;1;789000235260 2
961058530034;24;D;1;789000240810 1
961008530034E;25;D;1;789582518062 3
961088530524;26;D;1;789582521481 6
961058530364E;26;D;1;789000040946 9
71921FA;27;D;1;730020121360 9
941008530164E;28;D;1;789582516797 6
71921NAK;29;D;1;789854427144 3
71226NA;30;D;1;789854428977 6
71226CB;31;D;1;789854427119 1
71126CB;32;D;1;789854427113 9
922908530064E;33;D;1;789582513759 7
922958530444E;34;D;1;789000040892 9
71326B;35;D;1;789854427128 3
922908530444E;36;D;1;789582513788 7
71221NAK;37;D;1;789000235325 8
922908530684E;38;D;1;789582536597 6
961280130116;39;D;1;789002340564 6
901537000015;40;D;1;789582510424 7
922508540034E;41;D;1;789582536867 0
922688540114;42;D;1;789582512694 2
922608540104E;43;D;1;789582512647 8
922988540154;44;D;1;789582515121 0
922908540194;45;D;1;789582584928 5
961088540184;46;D;1;789582518507 9
961058540184;47;D;1;789582583041 2
961250130036E;48;D;1;789000240584 1
961280130136;49;D;1;789582526018 9
940788540074E;50;D;1;789582536647 8
940708540094E;51;D;1;789582536613 3
960788540064E;52;D;1;789582536674 4
330607170;52;D;1;230020050942 5
960758540064E;52;D;1;789000240780 7
922980131236;53;D;1;789582514707 7
961080130166;54;D;1;789582518330 3
940788530294;55;D;1;789582525234 4
960708530014E;56;D;1;789582536732 1
940780130116;57;D;1;789582522027 5
940880130016;60;D;1;789582516529 3
960780130056;61;D;1;789582522029 9
61306UC;61A;D;1;730020191003 4
61416NA;61B;D;1;789000238099 5
61522NA;61C;D;1;789000237983 8
61523AG;61D;D;1;730020191050 8
960780130016;62;D;1;789582517544 5
I6001;65;D;1;789582521488 5
71119B;66;D;1;789000233492 9
940708530144E;66A;D;1;789582515944 5
940708610014E;67;D;1;789582536602 7
941080130086;69;D;1;789582516966 6
922980131486E;70;D;1;789582514732 9
922980131476;71;D;1;789582514731 2
922950131536;72;D;1;789000040912 4
922980131516;73;D;1;789582536769 7
922580130826;74;D;1;789582512552 5
71004SCR;85;D;1;730020041525 7
71013U;86;D;1;789000239426 8
71014U;87;D;1;789000239427 5
71005SCR;88;D;1;730020041575 2
71266NA;88A;D;1;789000239808 2
61511U;88B;D;1;730020191028 7
61511CB SC;88B;D;1;130020261506 4
93951961; 001;G;1;789053710941 2
K48410 STD; 001;G;1;120160020773 1
K1807; 001;G;1;120160052755 6
90274984;001A;G;1;789053710875 0
90276974;002A;G;1;789053710876 7
93831960; 003;G;1;789053710936 8
K48510 STD; 003;G;1;120160020352 8
93750962;003A;G;1;789053710933 7
K48520; 005;G;1;120160020349 8
92525960; 006;G;1;789053710905 4
K48550; 007;G;1;120160020350 4
99443960; 007;G;1;789053711011 1
92581962; 008;G;1;789053710906 1
94971960;008A;G;1;789001634326 9
K48560; 009;G;1;120160020948 3
K48932; 010;G;1;120160020775 5
K48930; 010;G;1;120160020774 8
91379960; 010;G;1;789053710895 8
K48938; 010;G;1;120160020354 2
97411960;010A;G;1;789053710998 6
K48940; 011;G;1;120160020499 0
91467960; 011;G;1;789053710898 9
S48251 050; 012;G;1;120150020442 7
S48410; 012;G;1;120150020731 2
S48410 050;012A;G;1;120150020732 9
S48510 050; 013;G;1;120150020734 3
P995; 014;G;1;120150022816 4
S48510; 014;G;1;120150020733 6
C48110;014A;G;1;120350020689 0
C48110 050; 015;G;1;120350020746 0
S48600 050; 016;G;1;120150020740 4
S48700;016A;G;1;120150020373 4
S48700 050; 017;G;1;120150020741 1
S48800;017A;G;1;120150020375 8
S48800 050; 018;G;1;120150020742 8
S48810;018A;G;1;120150020407 6
S48810 050; 019;G;1;120150020743 5
A1077;019A;G;1;170350013675 8
A1074; 020;G;1;170350013673 4
E48030;020A;G;1;120150020162 4
P1236100;020A;G;1;789001536174 5
S48030 075;020A;G;1;120150022442 5
E48030 100;020A;G;1;120150040510 7
S48010; 021;G;1;120150020719 0
S48010 100; 021;G;1;120150020554 7
PA1157 STD;021A;G;1;789001532531 0
A48030 025; 023;G;1;789476601125 6
800018812000 STD; 024;G;1;789003034752 6
A48410 050; 025;G;1;120300022518 6
A48419 050; 025;G;1;789476606170 1
C48120; 026;G;1;120350020497 1
A48510 STD; 027;G;1;789476601164 5
C48180; 028;G;1;120350020747 7
A48510 050; 029;G;1;789476601165 2
CRA7093; 029;G;1;789003037298 6
89711190 050;02B;G;1;789053710854 5
E48520; 030;G;1;120150020333 8
8000373100000;030A;G;1;789053712103 2
CA0445 STD;030B;G;1;789003036192 8
GC6877 STD; 031;G;1;789476614461 9
102021; 031;G;1;789003037518 5
A48515 STD; 031;G;1;789476601166 9
GC6877 050; 032;G;1;789003036197 3
A48515 050; 032;G;1;789476604836 8
11419; 033;G;1;789267700330 8
V5629917; 034;G;1;100670053555 1
11273; 035;G;1;789267700314 8
11272; 036;G;1;789267700313 1
11169; 037;G;1;789267700298 1
11067; 038;G;1;789267700296 7
80001961405 050; 039;G;1;789003037342 6
A48600 050; 040;G;1;789476606073 5
AC2276 STD; 041;G;1;789003034305 4
77595600 STD; 042;G;1;789053710231 4
800010921050; 042;G;1;789003034213 2
800019222 050; 042;G;1;789003036486 8
A48270 STD; 043;G;1;789241554263 2
77595610 025; 043;G;1;789053710232 1
800019122000; 044;G;1;789053710135 5
50011992; 045;G;1;280300020490 8
GC6414; 046;G;1;120300022669 5
A48270 050; 046;G;1;789476601160 7
A68150 STD; 047;G;1;789241537322 9
A48015 050; 048;G;1;789476608186 0
A68010 020; 049;G;1;789476601215 4
87429620 050; 049;G;1;789053710706 7
A68010 030; 050;G;1;789476604840 5
A68150 010; 051;G;1;789241537323 6
800062610050 050; 052;G;1;789003034751 9
800062610000; 053;G;1;789003034592 8
M48332 STD; 054;G;1;789476604226 7
BC332J STD; 054;G;1;120060022486 1
M48332 025; 055;G;1;789476604227 4
BC374J 050'; 056;G;1;120060023724 3
M48332 050; 056;G;1;789476604228 1
M48332 075; 057;G;1;789476604229 8
M48332 100; 058;G;1;789476604230 4
87425640 100; 058;G;1;280060020547 2
87429600 STD; 059;G;1;789053710704 3
B48236 STD; 059;G;1;789476601547 6
B48236 025; 060;G;1;789476601548 3
B48236 050; 061;G;1;789476601549 0
B48236 075; 062;G;1;789476601550 6
B48236 100; 063;G;1;789476601551 3
77596620 050; 064;G;1;789053710242 0
M48333 075; 065;G;1;789476604234 2
M48333 100; 066;G;1;789476604235 9
77593615 025; 067;G;1;789000634217 3
77593610; 067;G;1;789000638925 3
M48176 100; 068;G;1;789476604208 3
M48375 100; 069;G;1;789476604242 7
61106220 020;06A;G;1;789003536755 0
B48237 STD; 070;G;1;789241539425 5
87428610; 070;G;1;789053710700 5
87428600; 070;G;1;789053710699 2
B48237 025; 071;G;1;789476601552 0
B48237 050; 072;G;1;789476601554 4
87428620; 072;G;1;789053710701 2
87428630; 073;G;1;789053710702 9
B48237 075; 073;G;1;789476601555 1
B48237 100; 074;G;1;789476601556 8
87428640 100; 074;G;1;789053710703 6
M48399 STD; 075;G;1;789476604249 6
M48399 025; 076;G;1;789476604250 2
M48399 050; 077;G;1;789476604251 9
48406UC; 077;G;1;730020020622 0
M48399 075; 078;G;1;120060020414 6
S48521; 079;G;1;120150020446 5
B48295 STD; 080;G;1;789476601557 5
B48295 025; 081;G;1;789476601558 2
B48295 050; 082;G;1;789476601559 9
B48295 075; 083;G;1;789476601560 5
S45000; 084;G;1;121070471171 6
77813600 STD; 085;G;1;789053713362 2
77813610 025; 086;G;1;789000635170 0
B48324 STD; 087;G;1;789241539370 8
77723600 STD; 087;G;1;789000635217 2
77723610 025; 088;G;1;789000635039 0
VS1177; 089;G;1;789001702537 9
50017049 STD; 090;G;1;789053711396 9
VS1178; 091;G;1;789001702538 6
50017381; 092;G;1;789053711413 3
50017052; 093;G;1;789053711397 6
48612U; 094;G;1;730020020672 5
48508UC; 094;G;1;730020020626 8
50017389; 095;G;1;789053711416 4
VA0480096; 096;G;1;120170023624 2
VE0480097; 097;G;1;120170023218 3
50017056; 098;G;1;280170020290 3
50017055;098A;G;1;789053711398 3
VS2770; 099;G;1;920010010061 2
VS2535;100;G;1;789322900353 1
VA0480091;101;G;1;120170023215 2
VE0480090;102;G;1;120170023217 6
VA0480080;103;G;1;120170023214 5
VA2600A;104;G;1;170170021383 5
50017048;105;G;1;789053711395 2
50017004;106;G;1;789053711389 1
VE0480079;107;G;1;120170023216 9
VS1158;107;G;1;920170020036 8
50017758;107;G;1;789053711484 3
UR1111;108;G;1;750100020003 0
7000407003;109;G;1;240230070042 6
7000406003;110;G;1;240230070041 9
9060380171;111;G;1;250040020011 9
 0000748;112;G;1;170350010537 2
 000007008117;113;G;1;250630020257 4
3521300319;114;G;1;250400020009 8
 07543;115;G;1;789006335326 6
50270AG;116;G;1;730020011080 0
3529900401;117;G;1;170040021278 0
48423SC;118;G;1;130020020941 8
VB036;119;G;1;320200020027 6
16004;120;G;1;789267700377 3
UR1364RL;120;G;1;170230011060 9
UR1371RL;121;G;1;750230050012 7
VBA904RL;122;G;1;690230280286 0
16005;123;G;1;789267700378 0
16006;124;G;1;789267700379 7
35160;125;G;1;230020020399 6
48821FA;126;G;1;730020020730 2
48822 CV;127;G;1;730020020731 9
35611;128;G;1;230020020400 9
16007;129;G;1;789267700380 3
48316CL;130;G;1;130020020312 6
01-00020;131;G;1;460480020001 9
35936B;132;G;1;230020020506 8
35612B;133;G;1;230020020429 0
89177190;13A;G;1;789053710826 2
S48550 050;15A;G;1;120150020738 1
78465;54;G;1;789000438470 0
800010921000;59;G;1;789053710195 9
MD5346CCE;001A;H;1;789582519323 4
MD14402E;001B;H;1;789582519318 0
K41A; 002;H;1;570440040007 5
K41; 003;H;1;570440020005 7
K40; 004;H;1;570440020004 0
K39B; 005;H;1;570440020003 3
K39; 006;H;1;570440020002 6
K38; 007;H;1;570440020001 9
CO510; 008;H;1;320180020147 6
CO511; 009;H;1;320180020146 9
CO528; 010;H;1;320180020142 1
10103; 011;H;1;789267700099 4
10104; 012;H;1;789267700100 7
10108; 013;H;1;789267700103 8
10114; 014;H;1;789267700110 6
10215;014A;H;1;789267700223 3
10123; 015;H;1;789267700124 3
10180; 016;H;1;789267700181 6
10181;016A;H;1;789267700182 3
10216;016B;H;1;789267700224 0
CO513; 017;H;1;320180020148 3
WA49783;017A;H;1;789002839188 3
CA9747;017A;H;1;530280020029 7
WR252;017A;H;1;789002839219 4
20032; 018;H;1;789267700455 8
CO508; 018;H;1;320180020135 3
20031;018A;H;1;789267700453 4
20030; 019;H;1;789267700452 7
CO501; 019;H;1;320180020140 7
20029;019A;H;1;789267700451 0
CO514; 020;H;1;320180020136 0
 0040057;020A;H;1;789582500771 5
CO515; 021;H;1;789613390012 5
77593600 STD; 022;H;1;789053710213 0
CO507; 022;H;1;320180020137 7
M48273 025;022A;H;1;789000608088 4
77593620;022B;H;1;789000636487 8
M48273 050;022B;H;1;789476604218 2
M48275 075;022C;H;1;789476604224 3
77593630;022C;H;1;789053710216 1
M48273 100;022D;H;1;789476604220 5
CO523; 023;H;1;320180020141 4
10093; 024;H;1;789267700091 8
20047; 025;H;1;150100020045 6
10057; 026;H;1;789267700062 8
M48135; 026;H;1;120060020491 7
BC135J STD;026A;H;1;120060052932 4
M48135 STD;026A;H;1;789476604191 8
BC135J 025; 027;H;1;120060052860 0
77594615 025; 027;H;1;789053710224 6
M48135 025; 027;H;1;789476604192 5
20064; 027;H;1;789267700489 3
BC135J 050; 028;H;1;789000615181 2
M48135 050; 028;H;1;789476604193 2
77594625 050; 028;H;1;789053710226 0
77594635 075; 029;H;1;789000634212 8
20046A; 029;H;1;150100020043 2
M48135 075; 029;H;1;789476604194 9
77594645 100; 030;H;1;789053710230 7
M48135 100; 030;H;1;789476604195 6
B48134 100;030A;H;1;789476601513 1
87841640 100;030A;H;1;280060020385 0
87841630 075;030B;H;1;789053710771 5
B48134 075;030B;H;1;789476601512 4
87841620 050;030C;H;1;789053710770 8
87841610;030D;H;1;280060020244 0
87841600 STD;030E;H;1;789053710768 5
M48135 150;030F;H;1;789476604196 3
20045A; 031;H;1;150100020040 1
78756604 STD; 031;H;1;789053710297 0
86093624 STD; 032;H;1;789000633998 2
BB134J STD; 032;H;1;120220022768 6
B48135 050; 032;H;1;789476601517 9
86093604 STD; 032;H;1;789000633996 8
B48134 STD; 032;H;1;789476601509 4
86093614 STD; 032;H;1;789000633997 5
BB134J 075; 033;H;1;789241592745 3
78756634 075; 033;H;1;789053710300 7
20033; 033;H;1;789267700457 2
B48134 025; 033;H;1;789476601510 0
A48020 STD; 034;H;1;789476608055 9
B48134 050; 034;H;1;789476601511 7
20032A; 034;H;1;789267700456 5
NN6408 STD; 035;H;1;120300022623 7
NN6408 050;035A;H;1;789003034186 9
10031A; 036;H;1;150100020036 4
A48000 075; 036;H;1;789476601123 2
MB20640; 037;H;1;789000137332 5
B48134 150; 037;H;1;789476608686 5
A48000 100; 037;H;1;789476606062 9
BB235 075; 039;H;1;789000634809 0
B48235 050; 040;H;1;789476601544 5
20009; 041;H;1;789267700429 9
B48235 075; 041;H;1;789476601545 2
 041020; 042;H;1;789004236230 2
 046020; 042;H;1;789004236229 6
41046020; 042;H;1;789537203094 5
T48826; 042;H;1;120420020777 4
T48705; 043;H;1;120420020154 3
41040020; 043;H;1;789537203089 1
TS0102009; 044;H;1;920420020001 2
T48704; 044;H;1;120420022188 6
T48510; 045;H;1;120420020778 1
H48043 100; 046;H;1;120220022498 2
H48043 050; 048;H;1;170220022924 1
SH043J 050; 048;H;1;789002232212 8
H48043 025; 049;H;1;120220022499 9
H48043; 050;H;1;120220020331 4
87256694 SEMI; 050;H;1;789002233607 1
EC042J 075; 051;H;1;120220052592 8
H48042; 051;H;1;120220020330 7
H48042 075;051A;H;1;120220323540 4
H48034 100; 052;H;1;120220020699 5
EC034J 050;052A;H;1;120220022743 3
M48400 STD; 053;H;1;789476604254 0
87503604 STD; 053;H;1;789000634003 2
BC400J STD; 053;H;1;789000625536 7
87503614 STD; 054;H;1;789053710720 3
87503614 025; 054;H;1;789000633817 6
M48400 025; 054;H;1;789476604255 7
M48400 050; 055;H;1;789476604256 4
M48400 075; 056;H;1;120060020417 7
M48400 100; 057;H;1;120060022500 4
VE0480003; 057;H;1;120170022566 6
VA0480004;057A;H;1;120170022565 9
B48335 STD; 058;H;1;789476601576 6
87505600 STD; 058;H;1;789053710726 5
BB335; 058;H;1;120060022936 1
87505610 025; 059;H;1;789053710727 2
B48335 025; 059;H;1;789476601577 3
B48335 050; 060;H;1;789476601578 0
50009108;060A;H;1;789008237094 7
B48335 075; 061;H;1;789476601579 7
B48335 100; 062;H;1;789476601580 3
77594600 STD; 063;H;1;789053710222 2
M48275 STD; 063;H;1;789476604221 2
77594610 025; 064;H;1;789053710223 9
M48275 025; 064;H;1;789476604222 9
M48275 050; 065;H;1;789476604223 6
M48374 050;067A;H;1;789241534608 7
87355693; 068;H;1;789002232883 0
G48016; 068;H;1;120220020844 9
G48017; 069;H;1;120220020061 0
87355793; 069;H;1;789002232884 7
G48018; 070;H;1;120220020334 5
BG018U STD; 070;H;1;789241514778 3
87354893 SEMI; 070;H;1;789053710667 1
G48069; 071;H;1;120220020335 2
87314694; 071;H;1;280060020424 6
G48126; 072;H;1;120220020359 8
G48137; 073;H;1;120220020336 9
G48412; 074;H;1;120220020845 6
G48526; 075;H;1;120220020846 3
G48616; 076;H;1;120220020847 0
72823690; 076;H;1;789002237284 0
BG616U STD; 076;H;1;789241536924 6
G48617; 077;H;1;120220020848 7
G48716;077A;H;1;120220022258 2
C594; 078;H;1;560220020025 6
H48041; 079;H;1;120220020843 2
H48041 075;079A;H;1;120220020161 7
H48034; 080;H;1;120220020418 2
87245604 STD; 080;H;1;789053710645 9
87245694;080A;H;1;789053710647 3
H48034 050SEMI;080A;H;1;120220023132 4
H48034 025; 081;H;1;120220020064 1
H48034 050; 082;H;1;120220020332 1
H48034 075; 083;H;1;120220020329 1
SH034J 075; 083;H;1;789002232213 5
77824600 STD; 084;H;1;789000634327 9
48812CBSC; 084;H;1;130020020276 1
77824610 025;084A;H;1;789000634328 6
77538600 STD;084B;H;1;789000634329 3
77538610 025;084C;H;1;789000634330 9
48411U; 085;H;1;730020020129 4
80270;085A;H;1;789125280270 1
48512U;085C;H;1;789854427238 9
JC48350/6 98; 086;H;1;120020020525 3
56125703; 087;H;1;720020020499 1
486010R; 087;H;1;130020020281 5
JC48350/6 100; 087;H;1;120020020079 1
48625SC; 087;H;1;130020020454 3
48803NOX-U; 087;H;1;730020020663 3
48802U; 087;H;1;730020020661 9
78406US;087A;H;1;789000238088 9
78406SCR;087A;H;1;789000237774 2
48301FPSD4; 088;H;1;130020020279 2
JC48510/4 100; 088;H;1;120020020490 4
48301U; 088;H;1;730020020656 5
JC48510/4 98; 089;H;1;120020020526 0
48432NAK;089A;H;1;730020020686 2
JSRJE27D; 090;H;1;789000238678 2
JS48100/4 98; 090;H;1;120020020493 5
J48930;090A;H;1;120020020913 8
48902U; 091;H;1;730020020665 7
JC48600/2 98; 091;H;1;120020020527 7
JC48600/3 98; 092;H;1;120020020528 4
48901U; 092;H;1;730020020664 0
48901OR; 092;H;1;130020020285 3
56111903; 092;H;1;720020020494 6
JC48930/1 98; 093;H;1;120020020885 8
9430084245;093A;H;1;760670050021 0
 012185; 094;H;1;170410013211 9
03110V; 095;H;1;130410020452 8
 011745; 096;H;1;789004132215 4
01810BRGF; 096;H;1;170410010103 0
01810BAG; 096;H;1;510410550152 5
01810BAGS; 096;H;1;510410010016 7
R35212S; 096;H;1;230480020724 8
MM100114E;096A;H;1;789001737286 2
23671; 097;H;1;789005532216 4
MM100115E; 097;H;1;789001737287 9
48716AG; 098;H;1;730020020744 9
48917AG; 099;H;1;730020020746 3
OTD0095;100;H;1;170390011121 8
48832PAK;101;H;1;730020020690 9
48832NAK;101;H;1;789000236363 9
 06305;102;H;1;250240020247 6
48532 CB;102;H;1;730020020687 9
48532CB;102;H;1;130020020298 3
48869PP;103;H;1;730020020811 8
 08930;103;H;1;690730280163 9
3142W004;103;H;1;789007340535 1
48868 PP;104;H;1;730020020810 1
48868PP;104;H;1;130020020418 5
48227B;105;H;1;730020020696 1
09236BREF;106;H;1;789125209236 2
48701U;106;H;1;730020020660 2
09235BREF;106A;H;1;789125209235 5
35912B;109;H;1;230020020435 1
48307SCR;110;H;1;730020020613 8
U48930;110;H;1;789476604778 1
48504JGSUP;111;H;1;789854426672 2
R35210P;111;H;1;230410020723 8
48605JGSUP;112;H;1;789854426679 1
48896CV;112;H;1;730020021475 1
OTD0022;113;H;1;170730023112 5
02099 BA;114;H;1;510410020063 8
48425AN;115;H;1;130020020307 2
48527CB;116;H;1;730020020698 5
48926NAK;117;H;1;130020011597 9
K43;5;H;1;789004432302 8
91500BR; 001;I;1;230020380513 5
90800B; 002;I;1;230020360510 0
24407B; 003;I;1;230020300134 6
24211B; 004;I;1;230020300124 7
28710B; 005;I;1;230020300233 6
20312B; 006;I;1;230020300034 9
24217B; 007;I;1;230020300125 4
24010B; 008;I;1;230020300115 5
20895B; 009;I;1;230020300052 3
20810B; 010;I;1;230020300045 5
24005B; 011;I;1;230020300108 7
24017B; 012;I;1;230020300113 1
10801SC; 013;I;1;130020300529 1
24305B; 013;I;1;230020300129 2
24016B; 014;I;1;230020300112 4
20817B; 015;I;1;230020300050 9
20816B; 016;I;1;230020300049 3
20811B; 017;I;1;230020300046 2
24011B; 018;I;1;230020300110 0
20210B; 019;I;1;230020300029 5
24405B; 020;I;1;230020300133 9
24905B; 021;I;1;230020300147 6
24410B; 022;I;1;230020300135 3
24411B; 023;I;1;230020300136 0
24111; 024;I;1;230020300866 6
24116B; 025;I;1;230020300118 6
24816B; 026;I;1;230020300143 8
24105B; 027;I;1;230020300116 2
20416B; 028;I;1;230910300037 4
S14010; 029;I;1;120150301052 0
S14010 050; 030;I;1;120150302279 0
S14010 100; 031;I;1;120150302330 8
S14050; 032;I;1;120150301053 7
S14050 050; 033;I;1;120150190268 1
S14050 100; 034;I;1;120150302501 2
S14070; 035;I;1;120150301054 4
S14070 050; 036;I;1;120150302209 7
97488620;036A;I;1;789053713338 7
S14070 100; 037;I;1;120150302210 3
S14090; 038;I;1;120150301056 8
S14090 050; 039;I;1;120150301567 9
E14090 050; 039;I;1;120150302724 5
S14090 100; 040;I;1;120150302211 0
S14110; 041;I;1;120150301057 5
S14110 050; 042;I;1;120150302198 4
S14110 100; 043;I;1;120150010923 4
S14120; 044;I;1;120150301058 2
S14120 050; 045;I;1;120150302199 1
S14120 100; 046;I;1;120150302292 9
97352600 STD; 047;I;1;789001534762 6
97352601; 047;I;1;789053713236 6
S14140 STD; 047;I;1;120150301059 9
S14140 050; 048;I;1;120150302303 2
97352621; 048;I;1;789053713237 3
97352620 050; 048;I;1;789001534763 3
S14140 100; 049;I;1;120150302502 9
S14145; 050;I;1;120150301060 5
97530621; 051;I;1;789053713335 6
S14145 050; 051;I;1;120150302204 2
S14145 100; 052;I;1;120150302503 6
S14180; 053;I;1;120150301061 2
A14079 050; 053;I;1;789241563419 1
S14180 050; 054;I;1;120150302449 7
S14185; 056;I;1;120150301062 9
S14185 050; 057;I;1;120150012460 2
97340611; 057;I;1;789053712164 3
E14010; 059;I;1;120150301135 0
E14030; 060;I;1;120150301136 7
E14030 075; 061;I;1;120150301995 0
E14090; 062;I;1;120150301139 8
E14110; 063;I;1;120150301140 4
E14110 075; 063;I;1;120150301996 7
PS4742 100;064A;I;1;789001535072 5
VE0140248; 065;I;1;120170303824 9
E14220 075; 065;I;1;120150301997 4
VE0140107;066A;I;1;120170303622 1
VE0140184;067A;I;1;120170303613 9
800063940000;068A;I;1;789053713135 2
800063940 050;068B;I;1;789053713136 9
A14019 STD; 069;I;1;789476606155 8
A14019 050; 070;I;1;789476606156 5
A14019 100; 071;I;1;789476606157 2
800060941 100; 071;I;1;789053713221 2
A14070 STD; 072;I;1;789476601017 4
800061040000 STD; 072;I;1;789003034746 5
800061040 050; 073;I;1;789053710060 0
800061041050; 073;I;1;789053710059 4
A14070 050; 073;I;1;789476601019 8
DA6404100;073A;I;1;789003036202 4
A14070 100;073A;I;1;789476601021 1
A14080 STD; 074;I;1;789476601022 8
800020942000 STD; 074;I;1;789003037122 4
A14079 STD;074A;I;1;789241563418 4
281070301; 075;I;1;789003040406 9
580145401 050; 075;I;1;789003039167 3
A14080 050; 075;I;1;789476601023 5
PNA7504050; 075;I;1;789003035196 7
RA1289;075A;I;1;789001736161 3
A14080 100; 076;I;1;789476601024 2
A14110 STD; 077;I;1;789476601025 9
800062240000 STD; 077;I;1;789003034747 2
A14110 050; 078;I;1;789476601026 6
800062240050 050; 078;I;1;789003034748 9
A14110 100; 079;I;1;789476601027 3
A14130 STD; 080;I;1;789241527590 5
A14130 050; 081;I;1;789241527591 2
800064040000 STD; 082;I;1;789003034738 0
800064041000; 082;I;1;789053713137 6
A14140 STD; 082;I;1;789476601028 0
A14149 STD; 082;I;1;789241564441 1
A14149 050; 083;I;1;789241564442 8
A14140 050; 083;I;1;789476601029 7
800064041 050; 083;I;1;789053713138 3
A14180 STD; 084;I;1;789476607768 9
A14189 STD; 084;I;1;789241562772 8
800039741 050; 085;I;1;789003038757 7
A14189 050; 085;I;1;789241562773 5
A14180 050; 085;I;1;789476607769 6
800039741000; 086;I;1;789003036564 3
A14185 STD; 086;I;1;789476607293 6
A14185 050; 087;I;1;789476607294 3
800061140000; 088;I;1;789053710063 1
A14210 STD; 088;I;1;789003011816 4
A14210 050; 089;I;1;789476601031 0
800061140050; 089;I;1;789053710064 8
A14219 050; 089;I;1;789241564447 3
800061140100; 090;I;1;789003035356 5
A14210 100; 090;I;1;789476601033 4
PNA7508; 091;I;1;789003037030 2
800021140000; 091;I;1;789053710069 3
A14230 STD; 091;I;1;789476601034 1
A14239 STD; 091;I;1;789241562777 3
800021140; 092;I;1;789053710070 9
DA6633 050; 092;I;1;120300303289 7
A14239 050; 092;I;1;789241562778 0
A14230 050; 092;I;1;789476601035 8
A14230 100; 093;I;1;789476601036 5
800021140100; 093;I;1;789053710071 6
93246766; 094;I;1;390300300008 4
800021241000 STD; 094;I;1;789053710037 2
A14279 STD; 094;I;1;789241563424 5
SNA6631; 094;I;1;120300303693 2
A14270 STD; 094;I;1;789476601037 2
A14270 050; 095;I;1;789476601038 9
A14279 050; 095;I;1;789241563425 2
800021241050; 095;I;1;789053710038 9
800064840000;095A;I;1;789053713343 1
800064840050 050;095B;I;1;789053713344 8
M14545 STD; 096;I;1;789241539569 6
SM14545 STD; 096;I;1;789241554764 4
BC172MT STD; 096;I;1;789000634847 2
BC172 STD; 096;I;1;789000634883 0
M14545 025; 097;I;1;120060300473 6
SM172 025; 097;I;1;789000634940 0
77611610 025; 097;I;1;789000634621 8
SM14545 025; 097;I;1;789241554765 1
SM172 050; 098;I;1;789000634941 7
SM14545 050; 098;I;1;789241554766 8
914545 050; 098;I;1;170060302927 7
77611620 050; 098;I;1;789053710320 5
M14545 075; 099;I;1;120060282468 7
SM14545 075; 099;I;1;789241554767 5
M14545 100;100;I;1;120060302397 3
SM14545 100;100;I;1;789241554768 2
SB14163 STD;101;I;1;789241554685 2
BB163MT STD;101;I;1;789000634834 2
B14163;101;I;1;120060301397 4
BB163 STD;101;I;1;789000634804 5
86002614 025;102;I;1;789000632218 2
77610610 025;102;I;1;789000635041 3
SB163 025;102;I;1;789000634936 3
86004614 025;102;I;1;280060300738 7
B14163 025;102;I;1;120060301398 1
SB14163 025;102;I;1;789241554686 9
SB163 050;103;I;1;789000634937 0
B14163 050;103;I;1;120060301399 8
77610620 050;103;I;1;789053710315 1
SB14163 050;103;I;1;789241554687 6
SB14163 075;104;I;1;789241554688 3
77610630 075;104;I;1;789053710316 8
B14163 075;104;I;1;120060301400 1
B14163 100;105;I;1;120060301393 6
SB14163 100;105;I;1;789241554689 0
77610640 100;105;I;1;789053710317 5
M14182;106;I;1;120060301422 3
0M14182 STD;106;I;1;120060023142 5
77613600 STD;106;I;1;789053710328 1
SM182 STD;106;I;1;789000634927 1
M14182 025;107;I;1;120060301423 0
77613610 025;107;I;1;789053710329 8
SM14182 025;107;I;1;789241554751 4
77613620 050;108;I;1;789053710330 4
M14182 050;108;I;1;120060301424 7
SM14182 050;108;I;1;789241554752 1
M14182 075;109;I;1;120060301425 4
77613630 075;109;I;1;280060300767 7
BC182J 020;109;I;1;120060582617 6
SM14182 075;109;I;1;789476604071 3
SM182 100;110;I;1;789000634928 8
77613640 100;110;I;1;789053710333 5
M14182 100;110;I;1;120060301426 1
77612600 STD;111;I;1;789053710323 6
SB14184 STD;111;I;1;789241554690 6
B14184;111;I;1;120060301402 5
B14184 025;112;I;1;120060301403 2
77612610 025;112;I;1;789053710324 3
SB14184 075;112;I;1;789241554693 7
SB14184 025;112;I;1;789241554691 3
SB14184 050;113;I;1;789241554692 0
77612620 050;113;I;1;789053710325 0
B14184 050;113;I;1;120060301404 9
BB184 075;114;I;1;789000634806 9
B14184 075;114;I;1;120060301405 6
SB184 075;114;I;1;789000634938 7
SB184 100;115;I;1;789000634939 4
B14184 100;115;I;1;120060301406 3
M14452 STD;116;I;1;120060301435 3
87410600;116;I;1;789000633546 5
87410610;117;I;1;789053710695 4
M14452 025;117;I;1;120060301443 8
87410620 050;118;I;1;789000634997 4
M14452 050;118;I;1;120060301436 0
BC452MT 075;119;I;1;789000634860 1
M14452 075;119;I;1;120060301955 6
BC452 075;119;I;1;789000634896 0
M14452 100;120;I;1;120060301437 7
BC452MT 100;120;I;1;789000634861 8
87409600;121;I;1;789053710689 3
SB14271 STD;121;I;1;789241589322 2
B14271;121;I;1;120060301411 7
BB271 STD;121;I;1;789000634816 8
87409610;122;I;1;789053710690 9
B14271 100;122;I;1;170060300768 8
B14271 025;122;I;1;120060301412 4
SB14271 025;122;I;1;789241589324 6
87409620;122A;I;1;789053710691 6
SB14271 050;123;I;1;789241589326 0
SBB271 050;123;I;1;789241589327 7
B14271 050;123;I;1;120060301413 1
BB271MT 075;124;I;1;789000634839 7
B14271 075;124;I;1;120060301414 8
BB271 100;125;I;1;789000634815 1
BB271MT 100;125;I;1;789000634840 3
77615620050;125A;I;1;789000636239 3
50017700;126;I;1;789053711426 3
VA0140108;127;I;1;120470303573 7
50017703;128;I;1;789053711429 4
VA0140110;128;I;1;120170303574 3
VA0140041;128A;I;1;120170303621 4
50017702;128A;I;1;789053711428 7
VE0140109;128B;I;1;120170303623 8
50017710;129;I;1;789053711436 2
VA0140084;129;I;1;120170283277 0
50017711;130;I;1;789053711437 9
50017882;130A;I;1;789053712278 7
VE0140025;130A;I;1;120170303615 3
50017712;131;I;1;789053711438 6
VA0140114;132;I;1;120170303578 1
50017713;132;I;1;789053711439 3
50017724;133;I;1;789053711450 8
VA0140026;133A;I;1;120170303614 6
50017881;133A;I;1;789053712277 0
50017725;134;I;1;789053711451 5
50017732;134A;I;1;789053711458 4
VS1658;134A;I;1;789000137910 5
VE0140083;134A;I;1;120170303278 0
VE0140105;134A;I;1;120170053058 6
50017736;134B;I;1;789053711462 1
VE0140113;134B;I;1;120170303620 7
50017733;135;I;1;280170300633 1
50017735;136;I;1;789053711461 4
50017753 STD;137;I;1;789053711479 9
VS1981;137;I;1;920170010052 1
VS4261;138;I;1;920170020067 2
3136AC;138;I;1;789000137736 1
VA0140015;138;I;1;120170052804 0
50017754;138;I;1;789053711480 5
50017755;139;I;1;789053711481 2
VS4262;139;I;1;920170020068 9
RE1112NP;139;I;1;789001737740 9
VE0140014;139;I;1;120170302798 4
3137ECB;139;I;1;789001733559 1
VA0140086;139A;I;1;120170303618 4
50017777;140;I;1;789053711503 1
50017811;141;I;1;789053713554 1
50017812 STD;142;I;1;789053711532 1
50017701 STD;142A;I;1;789053711427 0
VA0140104;142A;I;1;120170583013 1
50017818;143;I;1;789053711538 3
50017819;144;I;1;789053711539 0
50017835 STD;145;I;1;789053711551 2
VS4899;145;I;1;789001736172 9
VS4900;146;I;1;789001737713 3
50017836;146;I;1;789053711552 9
VA0140076;147;I;1;120170303616 0
50017837;147;I;1;789053711553 6
50017838;148;I;1;789053711554 3
VE0140075;148;I;1;120170303617 7
10206AU/GU;149;I;1;730020580003 4
64014781;149;I;1;720020300254 9
74014781;149;I;1;720020300277 8
10206AG;149;I;1;789000235095 0
10207AU/GU;150;I;1;730020580005 8
10207AG;150;I;1;789854426011 9
24400B;150;I;1;230020300131 5
64014791;150A;I;1;720020300255 6
74014791;151;I;1;720020300278 5
10208AU/GU;152;I;1;730020580007 2
10406AG;153;I;1;789000235099 8
10406GU;153;I;1;730020301609 3
10450GAS;154;I;1;789000233444 8
10906AU/GU;154;I;1;730020580024 9
20519AM;154;I;1;720020580790 6
10807AG;155;I;1;789854426035 5
10807AU/GU;155;I;1;730020580018 8
10806AG;156;I;1;789000235104 9
10806AU/GU;156;I;1;730020580016 4
10314AG;157;I;1;789004837414 9
10314MLS;157;I;1;789854426834 4
20019B;159;I;1;230020300026 4
24018B;160;I;1;230020300114 8
20018B;161;I;1;230720300025 6
24418B;162;I;1;230020300139 1
20818B;163;I;1;230020300051 6
20658B;164;I;1;230720300041 6
BB184 025;164;I;1;789000634805 2
10801FPSA;165;I;1;510020280108 7
75946;166;I;1;170020013621 7
90705B;166;I;1;230020360586 5
24617B;167;I;1;230020300141 4
20812B;168;I;1;230020300047 9
20014B;169;I;1;230020300022 6
10126B;169;I;1;730020580055 3
24012B;170;I;1;230020300111 7
20814B;171;I;1;230020300048 6
A14010 050;172;I;1;789476601011 2
A14410 020;173;I;1;789476601041 9
A14450 STD;174;I;1;789476601051 8
A14450 020;175;I;1;120300302712 1
VA0140072;177A;I;1;120170303610 8
50004483;177A;I;1;789001735316 8
10307MLS;178;I;1;789854426857 3
10307AG;178;I;1;789854428014 8
GC0140092 STD1;179;I;1;120340303630 3
12571040;179;I;1;789537201016 9
MTE797;180;I;1;789011337354 1
64014861;181;I;1;720020300744 5
64014841;182;I;1;720020300743 8
R28610V;184;I;1;230410300640 1
R24415V;185;I;1;230200300637 8
MMVT21792K;185A;I;1;789001733667 3
R24210P;186;I;1;230410300629 6
R20012S;187;I;1;230480300623 7
R20012N;188;I;1;230410300622 7
CGD194NP;189;I;1;789006632219 1
11202SC;190;I;1;130020190697 2
10202AU/GU;190;I;1;730020580030 0
10201AU/GU;190A;I;1;730020580029 4
64014231;191;I;1;720020300252 5
VE0140085;191A;I;1;120170303619 1
R23113V;192;I;1;230380280659 6
R24400V;193;I;1;230410300635 7
R28600S;194;I;1;230410300639 5
50017721;194A;I;1;789053711447 8
R20800S;195;I;1;230200300624 8
64014831;196;I;1;720020300742 1
VE0140039;196A;I;1;120170303221 6
64014241;198;I;1;720020300253 2
10911AG;199;I;1;789854426245 8
10911AU/GU;199;I;1;730020580052 2
54030501;200;I;1;720020300293 8
VS1984;201;I;1;920010010053 7
23109EC;201;I;1;789001733147 0
50017791;201;I;1;789053711517 8
VE0140071;201A;I;1;120170303611 5
VA0140183;201A;I;1;120170303612 2
50004484;201A;I;1;789001735317 5
VA0140040;202;I;1;120170303576 7
50017752 STD;202;I;1;789053711478 2
10205AUGU;203;I;1;730020301603 1
10205AG;203;I;1;789854426007 2
10513GU;204;I;1;730020580045 4
10513AG;204;I;1;789000237416 1
10011AUGU;205;I;1;730020301604 8
10011AG;205;I;1;789854426213 7
800038940000;72A;I;1;789003037401 0
800064041100;84A;I;1;789003039153 6
77611630 075;97;I;1;789000633976 0
64030971; 001;J;1;720020300257 0
10305A/G;001A;J;1;789854426015 7
10312AG;001B;J;1;789854426221 2
64034101; 002;J;1;720020300263 1
64034801; 003;J;1;720020300269 3
10911OR RV; 004;J;1;130020581589 8
10212AUGU;004A;J;1;730020301626 0
10908AG;004A;J;1;789854426045 4
10815OR RV; 005;J;1;130020581588 1
10814OR SC; 006;J;1;130020300490 4
10814AG; 006;J;1;789854426243 4
10814CB SC; 006;J;1;130020300489 8
28095B; 006;J;1;230020300223 7
10814AU/GU; 006;J;1;730020581571 7
10813OR RV; 007;J;1;130020300488 1
10813AG; 007;J;1;789854426241 0
64033391; 007;J;1;720020300261 7
24295B; 007;J;1;230020300126 1
10813AU/GU; 007;J;1;730020580051 5
64033401; 008;J;1;720020300748 3
10808CB RV; 008;J;1;130020300477 5
10808AG; 008;J;1;789854426037 9
10808AU/GU; 008;J;1;730020580020 1
10907GU;008A;J;1;730020580026 3
10019BI;008C;J;1;730020301598 0
97406620 050;008D;J;1;789053713268 7
64034851; 009;J;1;720020300750 6
10805CB RV; 009;J;1;130020300473 7
10805ORSC; 009;J;1;789000040868 4
10917CB RV; 010;J;1;130020300521 5
10311AU/GU; 010;J;1;730020581572 4
10311AG; 010;J;1;789000235097 4
10311AU/GU;010A;J;1;730020301608 6
10914CB RV; 011;J;1;130020581590 4
10914OR RV; 012;J;1;130020300516 1
10915CB RV; 013;J;1;130020300518 5
10313GU; 013;J;1;130020301598 6
24495; 014;J;1;230020300928 1
10909OR RV; 014;J;1;130020300503 1
10212AG;014A;J;1;789000235096 7
20514NP; 015;J;1;770020280057 8
10910OR RV; 015;J;1;130020300507 9
3054;015A;J;1;789000239329 2
10110CV;015A;J;1;789000235091 2
10110AG;015A;J;1;789000238348 4
24195B; 016;J;1;230020300120 9
10410CV;016A;J;1;789000235098 1
10410MLS;016A;J;1;789000237604 2
10211AU/GU; 017;J;1;730020301606 2
24995B; 017;J;1;230020300002 8
64014821; 017;J;1;720020300746 9
10211AU/GU; 017;J;1;730020581574 8
10918AG;017A;J;1;789854426249 6
10211A/G; 018;J;1;789854426215 1
24895B; 018;J;1;230020300144 5
40211AG; 018;J;1;789854426301 1
10811AU/GU; 019;J;1;730020580049 2
10811OR RV; 019;J;1;130020300484 3
10811CB RV; 019;J;1;130020300483 6
10811AG; 019;J;1;789000236948 8
24395B; 020;J;1;230020300130 8
64034241; 020;J;1;720020300266 2
10804SC; 021;J;1;130020300531 4
10702SC; 022;J;1;130020300528 4
10905SC; 023;J;1;789354802198 8
10803AU/GU; 024;J;1;730020580040 9
10906AG; 025;J;1;789854426041 6
10906SC; 025;J;1;130020300537 6
10101SC; 026;J;1;130020010525 3
10701SC; 027;J;1;130020300527 7
10017SC; 028;J;1;130020300524 6
S14210; 029;J;1;120150301063 6
S14210 050; 030;J;1;120150302200 4
40787610;030A;J;1;789053713560 2
40790610; 031;J;1;789053713556 5
114210 100; 031;J;1;120150302504 3
S14220; 032;J;1;120150301599 0
S14220 050; 033;J;1;120150302331 5
E14220;033A;J;1;120150301147 3
S14220 100; 034;J;1;120150302505 0
S14230; 035;J;1;120150301064 3
E14230; 035;J;1;120150301148 0
PS4638 050;035A;J;1;789001533308 7
97198610 050; 036;J;1;789053711948 0
S14230 050; 036;J;1;120150302223 3
S14230 100; 037;J;1;120150302443 5
97198620 100; 037;J;1;789053711949 7
S14240; 038;J;1;120150301065 0
E14240; 038;J;1;120150301149 7
S14240 050; 039;J;1;120150302201 1
S14240 100; 040;J;1;120150302506 7
97196600; 041;J;1;789053711941 1
PCA4502 050; 041;J;1;789001536306 0
S14250; 041;J;1;120150301066 7
S14250 050; 042;J;1;120150302297 4
97196610; 042;J;1;789053711942 8
S14250 100; 043;J;1;120150302424 4
97196620100; 043;J;1;789001534525 7
S14270; 044;J;1;120150301067 4
E14270; 044;J;1;120150301151 0
S14270 050; 045;J;1;120150302302 5
97199610 050; 045;J;1;789053711951 0
PS4651 050; 045;J;1;789001533409 1
S14270 100; 046;J;1;120150302507 4
97199620 100; 046;J;1;789001534908 8
S14290; 047;J;1;120150301068 1
97385620-050; 048;J;1;789053713045 4
S14290 050; 048;J;1;789001532220 3
S14290 100; 049;J;1;789001532221 0
S14320; 050;J;1;120150301070 4
97290600; 050;J;1;789053712026 4
97290610; 051;J;1;789053712027 1
S14320 050; 051;J;1;170150052984 6
PS4717050; 051;J;1;789001538224 5
S14410; 052;J;1;120150301074 2
S14410 050; 053;J;1;120150012461 9
S14410 100; 054;J;1;120150302202 8
S14420; 055;J;1;120150301075 9
S14420 050; 056;J;1;789001532222 7
S14420 100; 057;J;1;120150302203 5
97167620 100; 057;J;1;789001534162 4
20036; 058;J;1;789267700460 2
20034; 059;J;1;789267700458 9
20023; 060;J;1;789267700446 6
20022; 061;J;1;789267700445 9
20021; 062;J;1;789267700444 2
20020; 063;J;1;789267700441 1
20016; 064;J;1;150100580223 5
20012; 065;J;1;150100580221 1
20007; 066;J;1;150100580224 2
20001; 067;J;1;789267700422 0
10013;067A;J;1;789267700014 7
10173; 068;J;1;789267700172 4
10149; 069;J;1;789267700149 6
AT2061; 069;J;1;789001036828 2
10131; 070;J;1;789267700132 8
10129; 071;J;1;789267700130 4
10127; 072;J;1;789267700128 1
10017; 073;J;1;789267700018 5
10006; 074;J;1;789537220749 1
10207;074A;J;1;789267700215 8
11542040; 075;J;1;789537205126 1
11237040; 076;J;1;789537204720 2
GC0140027; 076;J;1;120340193339 0
GA0140047 STD;076A;J;1;120340303629 7
11244040; 077;J;1;789537200402 1
GC0140029; 077;J;1;120340193338 3
GE0140004 STD;077A;J;1;120340303825 3
11014040;077A;J;1;789537204496 6
H14025 025; 078;J;1;120220301577 8
H14025; 079;J;1;120220301442 9
77672600 STD; 079;J;1;789053712576 4
A14539 050;079A;J;1;789241564198 4
800020541050 050;079A;J;1;789003037123 1
A14530 STD; 080;J;1;789241527592 9
A14539 STD; 080;J;1;789241564197 7
800020541000; 080;J;1;789053710104 1
A14419 060;080A;J;1;789241535675 8
800060840050 050; 081;J;1;789003034753 3
A14419 020; 081;J;1;789476606159 6
A14410 STD;081A;J;1;789476601040 2
800060840100;082A;J;1;789003035302 2
A14380 STD; 083;J;1;789241538388 4
A14300 050; 084;J;1;789241537316 8
A14389 050;084A;J;1;789241564229 5
EMA7520 050;084A;J;1;789003033755 8
A14300 STD; 085;J;1;789241537021 1
A14270 100; 086;J;1;789476601039 6
800021241100 100; 086;J;1;789053710039 6
A14279 100; 086;J;1;789241563427 6
DA6631100; 086;J;1;789003036205 5
M14342 025; 088;J;1;120060301431 5
M14342 050; 089;J;1;120060301432 2
M14342 075; 090;J;1;120060301433 9
M14342 100; 091;J;1;120060301434 6
M14505 STD; 092;J;1;789241537234 5
M14505 025; 093;J;1;789241537235 2
M14505 050; 094;J;1;789241537236 9
M14505 075; 095;J;1;789241537237 6
M14505 100; 096;J;1;789241537238 3
SM14272 STD; 097;J;1;120060052960 7
87393600 STD; 097;J;1;789053710684 8
SM14272 STD; 097;J;1;789241554759 0
BC272MT STD; 097;J;1;789000634850 2
SM272 100; 097;J;1;789000634945 5
M14272; 097;J;1;120060301427 8
M14272 025; 098;J;1;120060301569 5
87393610; 098;J;1;789053710685 5
SBC272J 025; 098;J;1;789000627325 5
SM14272 025; 098;J;1;789241554760 6
BC272 025; 098;J;1;120010013725 8
BC272J 050; 099;J;1;120060302812 1
87393620; 099;J;1;789053710686 2
SM14272 050; 099;J;1;789241554761 3
SBC272J 050; 099;J;1;120060303077 3
BC272 050; 099;J;1;789000634887 8
M14272 050; 099;J;1;120060301428 5
M30100 075;100;J;1;789000636406 9
M14272 075;100;J;1;120060301429 2
SM14272 075;100;J;1;789241554762 0
87393630;100;J;1;789053710687 9
M14272 100;101;J;1;120060301570 1
87393640 100;101;J;1;789053710688 6
77655600;102;J;1;789053710548 3
SB479;102;J;1;789000640011 8
SB14365 STD;102;J;1;120060052957 7
B14365;102;J;1;120060301407 0
SB14365;102;J;1;120060063450 9
SB14365 025;103;J;1;120060052985 0
77655610;103;J;1;789000630168 2
B14365 025;103;J;1;120060301954 9
77655610 025;103;J;1;789053710549 0
BB479 025;103;J;1;120060303287 6
86081614 025;103;J;1;280060580694 0
77655620;104;J;1;789053710550 6
SBB365J 050;104;J;1;120060303119 0
SB14365 050;104;J;1;120060052948 5
B14365 050;104;J;1;120060301408 7
B30100050;104;J;1;789000638096 0
B14365 075;105;J;1;120060301409 4
BB479 075;105;J;1;120060033240 5
77655630;105;J;1;789053710551 3
SB14365 075;105;J;1;120060052980 5
SBB365J 075;105;J;1;120060303112 1
B14365 100;106;J;1;120060301410 0
SB14365 100;106;J;1;120060023144 9
77655640 100;106A;J;1;789053710552 0
M14471 STD;107;J;1;789476604120 8
50017015;107A;J;1;789001738920 4
M14471 025;108;J;1;789476604122 2
50017024;108A;J;1;789001738921 1
M14471 050;109;J;1;789476604124 6
B14272;112;J;1;120060301415 5
B14272 025;113;J;1;120060301416 2
B14272 050;114;J;1;120060302393 5
77614620050;114;J;1;789000636240 9
11434;115;J;1;789001136823 6
11346;115;J;1;789000140250 6
B14272 075;115;J;1;120060302510 6
B14272 100;116;J;1;120060302511 3
20038;117;J;1;789267700462 6
UB150;117;J;1;750100010038 5
10112CV;117A;J;1;789000235092 9
10112AG;117A;J;1;789000240126 3
20055;118;J;1;789267700479 4
20900B;119;J;1;230020300053 0
74011291;120;J;1;720020300271 6
10105CV;120A;J;1;789000233484 4
10105AG;120A;J;1;789000238421 4
64011291;121;J;1;720020300246 4
10106CV;121A;J;1;789000233517 9
64011301;122;J;1;720020300247 1
10712AG;122A;J;1;789000235103 2
10117GS;123;J;1;730020580001 0
10411GU;123A;J;1;730020301610 9
10411AG;123A;J;1;789854426227 4
10514CV;123B;J;1;789000235101 8
10514MLS;123B;J;1;789000237916 6
10706 AG;124;J;1;789000237072 9
20300B;124;J;1;230020300031 8
10706AU/GU;124;J;1;730020580014 0
10706CB SC;124;J;1;130020300471 3
10405 MLS;124A;J;1;789854426019 5
10405CV;124A;J;1;789000234642 7
10506AG;125;J;1;789000237415 4
64013071;125;J;1;720020300249 5
10607AU/GU;125;J;1;730020580012 6
10607CB SC;125;J;1;130020300468 3
10607AG;125;J;1;789000235102 5
24100B;125;J;1;390020060009 3
10506AU/GU;126;J;1;730020581570 0
10506;126;J;1;730020301144 9
28700R;126;J;1;230020300930 4
10506GU;126;J;1;730020580009 6
10805CB SC;126;J;1;130020300474 4
64014851;126;J;1;720020300749 0
64012391;127;J;1;720020300248 8
10812AU/GU;127;J;1;730020580050 8
10812AG;127;J;1;789000235106 3
10812CB SC;127;J;1;130020300485 0
10507CV;127A;J;1;251410020301 1
10809AU/GUR;128;J;1;730020580023 2
24000B;128;J;1;230020300106 3
64014221;128;J;1;720020300251 8
10809AG;128;J;1;789854426039 3
10809AU/GU;128;J;1;730020580022 5
10306AU/GU;129;J;1;730020580008 9
10917CB SC;129;J;1;130020300522 2
10116ALB;130;J;1;789000237530 4
64014801;130;J;1;720020300256 3
10816B;130A;J;1;730020580112 3
84032053;130A;J;1;720020300339 3
20305B;131;J;1;230020300032 5
10915CB SC;131;J;1;130020300519 2
10915OR SC;131;J;1;130020300520 8
64014811;131;J;1;720020300745 2
20236B;133;J;1;230020300030 1
H14003;135;J;1;120220301806 9
146STP8M200H;135A;J;1;590270300071 2
618067050;136;J;1;470350050660 2
S14080 050;137A;J;1;120150583147 5
K33A;139;J;1;570440300026 5
299;140;J;1;170590011085 7
P1282 050;141;J;1;120150012781 8
207;142;J;1;789001738041 6
11204;142;J;1;789267700311 7
SK836S;142A;J;1;789001640550 9
SK863S;142A;J;1;789001640534 9
SK969;142A;J;1;789001639240 3
SK314S;142A;J;1;789001640623 0
SK156;142A;J;1;789001639680 7
SK893S;142A;J;1;789001640551 6
K32;143;J;1;570440580024 5
K30;144;J;1;570440580022 1
10054;145;J;1;789267700059 8
10121;145A;J;1;789267700122 9
10208;146;J;1;789267700216 5
PD1388;147;J;1;789015239487 3
93209401;147;J;1;789015232223 4
10201166;148;J;1;789008232224 3
 08930317;149;J;1;170660011132 8
275;150;J;1;470420050637 4
THD00135;150;J;1;170420301457 2
MTH3002NP;150;J;1;170420301600 2
10810OR SC;151;J;1;130020300482 9
OTD0072;153;J;1;170270050834 1
LFR5B;153A;J;1;789010539040 2
F000KE0P13;153A;J;1;789010536567 7
5PK1250;154;J;1;590270300035 4
BKUR6ET10;154A;J;1;789010536881 4
02264BRGF;156;J;1;789125202264 2
102178S;157;J;1;789004140507 9
02178BRAGS;157;J;1;789004119921 3
90180529;157;J;1;789001331752 2
02178BRGS;157;J;1;789125205003 4
10846CB LT;157A;J;1;130020300549 9
64013391;158;J;1;720020300250 1
02317BRAGF;159;J;1;789125202317 5
02317BFGF;159;J;1;510010010210 1
02396BREF;159A;J;1;789125202396 0
02400BREF;160;J;1;789004132575 9
01911BRG;162A;J;1;510410300064 8
02702BRAGF;163A;J;1;789125202702 9
02900BRAGF;164;J;1;789125202600 8
02600BRAG;164;J;1;510410010065 5
07395BARGG;165;J;1;510410300066 2
07686GAE;166;J;1;510410300067 9
02525BRAGF;166A;J;1;789004133353 2
02509BREF;168;J;1;789125202509 4
02509BR;168;J;1;789004115157 0
K70022; 001;K;1;120160280972 8
98129969; 001;K;1;789053711006 7
46606S;001A;K;1;730020280408 0
46606C;001A;K;1;730020280409 7
46606EF8;001A;K;1;789125280218 3
30525NP;001A;K;1;770020280006 6
68512220;001A;K;1;720020280388 8
46606OR;001A;K;1;130020281048 3
46606CB;001A;K;1;130020281047 6
68514491;001B;K;1;720020280394 9
22315B;001C;K;1;230020280059 9
68514371;001C;K;1;720020280737 4
46018NAK;001C;K;1;730020281633 5
46018PAK;001C;K;1;730020280458 5
40298969; 002;K;1;789053710909 2
K70062; 002;K;1;120160280973 5
68514271;002A;K;1;720020280391 8
22342B;002A;K;1;230020280061 2
46019PAK;002A;K;1;730020280459 2
46019NAK;002A;K;1;730020281632 8
149STP8M254H;002B;K;1;590270280111 2
22400;002B;K;1;730020490604 1
46803GU;002B;K;1;730020280426 4
58523801;002B;K;1;720020280422 9
58511501;002C;K;1;720020280417 5
22405B;002C;K;1;230020280064 3
K70152; 003;K;1;120160280974 2
46003CV;003A;K;1;789000233381 6
46003MLS;003A;K;1;789000237073 6
61032010 STD;003B;K;1;789537214420 8
K70182; 004;K;1;120160281597 2
22411;004A;K;1;230020280929 5
P1478 STD;004A;K;1;120150282873 7
97170969;004A;K;1;789053710963 4
97170610 050;004B;K;1;789053711926 8
K70192; 005;K;1;120160280975 9
97444600 STD;005A;K;1;789053713269 4
97444620;005B;K;1;789053713270 0
K70202; 006;K;1;120160280976 6
97169969; 006;K;1;400160280003 2
K70412; 007;K;1;120160280977 3
46012AU/GU; 008;K;1;730020280429 5
68534271; 008;K;1;720020280399 4
46012AG; 008;K;1;789854426342 4
46011CB RV; 008;K;1;130020281015 5
97537600;008A;K;1;789053713380 6
82232;008B;K;1;789000236222 9
97537610;008B;K;1;789053713381 3
68532541; 009;K;1;720020280397 0
68514501; 010;K;1;720020280395 6
46805CV; 010;K;1;789000232429 6
46805GU; 010;K;1;730020281579 6
46805AG; 010;K;1;789854426171 0
46706AU/GU; 011;K;1;730020280410 3
68512541; 011;K;1;720020280389 5
46706AG; 011;K;1;789000235148 3
46807GU; 012;K;1;730020280416 5
46107CB RV; 012;K;1;130020281021 6
46807CB; 012;K;1;130020280460 4
46807CB SC; 012;K;1;789354800741 8
68514601; 012;K;1;720020280396 3
46807AG; 012;K;1;789854426179 6
46107CB SC; 012;K;1;789354802920 5
23095; 013;K;1;230020190931 6
46007AU/GU; 013;K;1;730020280407 3
46007AG; 013;K;1;789854426147 5
46007AU/GUR; 013;K;1;730020280406 6
46007AGB; 013;K;1;789000232465 4
46206CB CI; 014;K;1;130020281046 9
46811AG; 015;K;1;789854426360 8
46811CV; 015;K;1;730020281588 8
456811GU; 015;K;1;730020281577 2
46811GU; 015;K;1;730020281578 9
68534501; 015;K;1;720020280403 8
78534271; 016;K;1;720020280414 4
46812AG; 016;K;1;789854426364 6
46812GU; 016;K;1;730020280437 0
68534601; 016;K;1;720020280404 5
46812CV; 016;K;1;730020281581 9
30195;016A;K;1;789000236224 3
46808MLS; 017;K;1;789000238295 1
46808CB RV; 017;K;1;130020281035 3
46808CV; 017;K;1;789000234609 0
46012OR RV; 018;K;1;130020281018 6
46806CB; 019;K;1;130020281049 0
46809AG;019A;K;1;789854426188 8
46809CV;019A;K;1;789000234610 6
46810OR RV; 020;K;1;130020281043 8
46912AG;020A;K;1;789854428946 2
46106CB RV;020A;K;1;789354804411 6
46810CB RV; 021;K;1;130020281041 4
46712AG;021A;K;1;789854426356 1
46712AU/GU;021A;K;1;730020280435 6
58505101; 022;K;1;720020280416 8
46711AU/GU; 022;K;1;730020280433 2
46001AU/GU; 022;K;1;730020280422 6
46711AG; 022;K;1;789854426354 7
10611AU/GU;022A;K;1;730020580046 1
10611A/G;022A;K;1;789854426233 5
68514281; 023;K;1;720020480392 3
46716PAK; 024;K;1;730020280488 2
46716NAK; 024;K;1;730020281619 9
46910S;024A;K;1;730020280439 4
46708AU/GU; 025;K;1;730020280412 7
30506NP; 025;K;1;789909213504 1
46708AG; 025;K;1;789854426165 9
46013AU/GU;025A;K;1;730020280431 8
46013AG;025A;K;1;789854426344 8
68514101; 026;K;1;720020280390 1
S70020; 027;K;1;120150281077 0
S70020 050; 028;K;1;120150282189 9
PA9290 050;028A;K;1;789001534281 2
520APL;029A;K;1;400180280098 6
91511960; 03;K;1;789053710901 6
S70060; 030;K;1;120150281078 7
S70060 050; 031;K;1;120160281586 6
121SX180;031A;K;1;170270013270 6
S70060 100; 032;K;1;120150012021 5
97380600 STD;032A;K;1;789001537121 8
30198;032B;K;1;400020280155 5
97539610;032C;K;1;789053713386 8
97539600;032E;K;1;789053713385 1
97380620;032F;K;1;789053713264 9
S70150; 033;K;1;120150281079 4
S70150 050; 034;K;1;120150282190 5
S70150 100; 035;K;1;120150282191 2
S70180; 036;K;1;120150281080 0
S70180 050; 037;K;1;120150282262 9
E70750 050;037A;K;1;120150172235 7
S70180 100; 038;K;1;120150282263 6
97392610;038A;K;1;789053712985 4
S70505 050;038A;K;1;120150283848 4
S70190; 039;K;1;120150281081 7
S70505 STD;039A;K;1;120150283847 7
97392600;039A;K;1;789053712984 7
S70190 050; 040;K;1;120150282280 3
S70555 050;040A;K;1;120150283850 7
97393610;040B;K;1;789053712987 8
S70190 100; 041;K;1;120150282281 0
97393600 STD;041A;K;1;789001634395 5
S70200; 042;K;1;120150281082 4
S70200 050; 043;K;1;120160283815 5
584010510; 043;K;1;789001539666 2
516K04200; 043;K;1;789001538985 5
270200 050; 043;K;1;170180282880 7
40059600; 043;K;1;789001539121 6
51001FPSG2;043B;K;1;789004736221 5
S70200 100; 044;K;1;120150282283 4
S70500; 045;K;1;120150281084 8
97345600; 045;K;1;789053712039 4
S70500 050; 046;K;1;120150282284 1
97345610; 046;K;1;789053712040 0
S70550; 048;K;1;120150281085 5
97497600; 048;K;1;789053713026 3
97497620 100; 048;K;1;789001538610 6
S70550 050; 049;K;1;120150282192 9
97497610; 049;K;1;789053713027 0
S70590; 051;K;1;120150281086 2
92450600 STD; 051;K;1;789001537120 1
80021;051A;K;1;789125280021 9
92450610; 052;K;1;789053711765 3
S70590 050; 052;K;1;120150282193 6
T14200;052A;K;1;120110303823 8
IND3014;052B;K;1;789004238763 3
S70590 100; 053;K;1;120150282194 3
92450620; 053;K;1;789053711766 0
VA0700267 STD;053A;K;1;120170283844 4
S70640; 054;K;1;120150281087 9
97135600 STD; 054;K;1;789001536441 8
VE0700268 STD;054A;K;1;120170283846 8
S70640 050; 055;K;1;120150191595 7
97135610 050; 055;K;1;789053711902 2
VE0700027;055A;K;1;120170043271 2
97135620; 056;K;1;789001532756 7
PS4829-050; 056;K;1;789001539226 8
S70640 100; 056;K;1;120150282246 9
VA0700009;056A;K;1;120170053052 4
S70650; 057;K;1;120150282234 6
97172620; 057;K;1;789053711930 5
97172600 STD; 057;K;1;789001534201 0
VE0700008;057A;K;1;120170053053 1
50017661;057A;K;1;789053713104 8
3871E;057A;K;1;789001733551 5
VX2989AA STD;057A;K;1;170170282940 9
S70650 050; 058;K;1;120150282378 7
PA1478 050; 058;K;1;120150282892 8
97172610 050; 058;K;1;789053711929 9
VA0700028;058A;K;1;120170283415 6
S70650 100; 059;K;1;120150282444 9
VA0700074;059A;K;1;120170283440 8
50017660 STD;059A;K;1;789053713103 1
S70670; 060;K;1;120150281089 3
VE0700077;060A;K;1;120170283445 3
3887EB;060B;K;1;789001735393 9
54382010;060B;K;1;789001738649 4
50017633;060B;K;1;789053712929 8
S70670 050; 061;K;1;120150282286 5
VA0700078;061A;K;1;120170283441 5
93356640 100; 062;K;1;789053711790 5
S70670 100; 062;K;1;120150282432 6
VA0700088;062A;K;1;120170283442 2
S70680; 063;K;1;120150282377 0
VA0700089;063A;K;1;120170283443 9
50017632;063B;K;1;789053712928 1
3886A;063B;K;1;789001736120 0
S70680 050; 064;K;1;120150281090 9
97209610; 064;K;1;789053711957 2
VE0700073;064A;K;1;120170283444 6
S70680 100; 065;K;1;170150282876 3
97209620; 065;K;1;789053711958 9
VE0700021;065A;K;1;120170283120 9
VA0700252 STD;066A;K;1;120170283843 7
VE0700253 STD;066B;K;1;120170283845 1
78476; 067;K;1;789000437010 9
E70020; 067;K;1;120150281172 2
E70060; 068;K;1;120150281173 9
E70150; 069;K;1;120150281174 6
E70180; 070;K;1;120150281175 3
E70190; 071;K;1;120150281176 0
E70200; 072;K;1;120150281177 7
E70200 100;072A;K;1;120150282730 3
97295701 STD; 073;K;1;280150040737 9
E70500; 073;K;1;120150281178 4
92450701 050;073A;K;1;789001532226 5
E70550; 074;K;1;120150281179 1
P1495;074A;K;1;120150052904 9
E70590; 075;K;1;120150281180 7
BC904 STD;075B;K;1;789000633856 5
E70640; 076;K;1;120150281181 4
E70650; 076;K;1;120150281182 1
E70650 075; 077;K;1;120150282007 6
E70670; 078;K;1;120150281183 8
E70670 075; 078;K;1;120150282005 2
E70680 075; 079;K;1;120150281184 5
E70700; 080;K;1;120150281185 2
E70750; 081;K;1;120150281186 9
E70760 075; 082;K;1;120150282220 9
E70760; 082;K;1;120150281187 6
E70780; 083;K;1;120150281666 6
461942P; 084;K;1;789004138669 9
E70810; 084;K;1;120150281667 3
E70830; 085;K;1;120150281668 0
E70850; 086;K;1;120150281669 7
E70860; 087;K;1;120150281670 3
E70870; 088;K;1;120150281671 0
E70880; 089;K;1;120150281672 7
E70890; 090;K;1;120150281673 4
A70029 STD; 091;K;1;789476606182 4
SNA2343; 091;K;1;890300280004 8
800026242000; 091;K;1;789053710029 7
A70022 STD; 091;K;1;789476601222 2
A70022 050; 092;K;1;789476601223 9
SNA2343 050; 092;K;1;690300280058 3
800026242 050; 092;K;1;789003034206 4
800026242050; 092;K;1;789053710030 3
A70029 050; 092;K;1;789476606183 1
SNA2343 100; 093;K;1;120300282840 8
800026242100; 093;K;1;789053710031 0
A70029 100; 093;K;1;789476606184 8
A70069 STD; 094;K;1;789476606185 5
A70062 STD; 094;K;1;789476601229 1
800026541000 STD; 094;K;1;789053710032 7
800026541050 050; 095;K;1;789053710033 4
A70069 050; 095;K;1;789476606186 2
A70069 100; 096;K;1;789476606187 9
A70079 STD; 097;K;1;789476606188 6
800062940000; 097;K;1;789053710025 9
A70079 050; 098;K;1;789476606189 3
800062940050; 098;K;1;789053710026 6
800062940100; 099;K;1;789053710027 3
A70079 100; 099;K;1;789476606190 9
A70159 STD;100;K;1;789476606191 6
A70150;100;K;1;120300281503 3
A70152 STD;100;K;1;789476601240 6
800026742000;100;K;1;789053710185 0
A70159 050;101;K;1;789476606192 3
800026742050;101;K;1;789003036752 4
800026742;101;K;1;789053710186 7
A70159 100;102;K;1;789476606193 0
800026742100;102;K;1;789053710187 4
800060740000;103;K;1;789053710188 1
A70200 STD;103;K;1;789476601243 7
50011861;103;K;1;280300190791 4
A70209 STD;103;K;1;789241563436 8
800060740050;104;K;1;789053710189 8
A70200 050;104;K;1;789476601244 4
DA6539050;104;K;1;789003036207 9
A70200 100;105;K;1;789476601245 1
800060740100;105;K;1;789053710190 4
A70300 STD;106;K;1;789476601247 5
M70105 STD;107;K;1;120060281579 1
M70105 025;108;K;1;789241554799 6
M70105 050;109;K;1;789476604415 5
BC105 050;109;K;1;789000634867 0
M70105 075;110;K;1;789476604416 2
BC105 100;111;K;1;789000634868 7
M70105 100;111;K;1;120060282013 9
SM70214 STD;112;K;1;789241554813 9
M70214 STD;112;K;1;789476604458 2
BC214 STD;112;K;1;789000634873 1
BC214 025;113;K;1;789000634871 7
SM70214 025;113;K;1;789241554814 6
SM70214 050;114;K;1;789241554815 3
M70214 050;114;K;1;120060282014 6
BC214 075;115;K;1;789000634872 4
M70214 075;115;K;1;789476604461 2
SM70214 100;116;K;1;789241554817 7
M70214 100;116;K;1;120060282016 0
M70234 STD;117;K;1;120060281446 6
SM70234 STD;117;K;1;789241554818 4
SM70234 025;118;K;1;789241554819 1
87978713 025;118;K;1;789053710789 0
M70234 025;118;K;1;120060281583 8
SBC234J STD;119;K;1;120060283257 6
M70234 050;119;K;1;789476604465 0
T427334;119;K;1;789000638982 6
87978723 050;119;K;1;789000635312 4
960780190117;119;K;1;789582517557 5
SM70234 050;119;K;1;789241554820 7
87978733 075;120;K;1;789000634622 5
SM70234 075;120;K;1;789241554821 4
M70234 100;121;K;1;789476604467 4
SM70234 100;121;K;1;789241554822 1
050X100;121;K;1;789000636284 3
BC234 100;121;K;1;789000634874 8
M70244 STD;122;K;1;789476604468 1
M70244 025;123;K;1;789476604469 8
SM70244 025;123;K;1;789241554824 5
BC244 025;123;K;1;789000634875 5
M70244 050;124;K;1;789476604470 4
SM70244 050;124;K;1;789241554825 2
BC244 050;124;K;1;789000634876 2
SM70244 075;125;K;1;789241554826 9
M70244 075;125;K;1;120060282018 4
BC244 100;126;K;1;789000634877 9
SM70244 100;126;K;1;789241554827 6
SM70244 STD;126;K;1;789241554823 8
SM70292J050;126;K;1;789000638977 2
M70244 100;126;K;1;120060282737 4
SM70254 STD;127;K;1;120060283486 0
M70254 STD;127;K;1;120060281447 3
BC254 STD;127;K;1;789000634878 6
SM70254 025;128;K;1;789241554829 0
87978813 025;128;K;1;789000634623 2
SBB254J 025;128;K;1;120060323113 2
M70254 025;128;K;1;120060282408 3
SBC254J 050;129;K;1;120060282963 7
SM70254 050;129;K;1;789241554830 6
87978823 050;129;K;1;789000633818 3
M70254 050;129;K;1;120060282063 4
87978823 STD;129;K;1;789053710799 9
87978833 STD;130;K;1;789053710802 6
20134ISH;130;K;1;789001037180 0
87978833 075;130;K;1;789000633819 0
M70254 075;130;K;1;789000618973 0
SM70254 075;130;K;1;120060053297 3
BDVW16B;131;K;1;789001037161 9
M70254 100;131;K;1;789476604480 3
BC174 STD;132;K;1;789000634869 4
SM70174 STD;132;K;1;789241554803 0
87978805 STD;132;K;1;789000634624 9
M70174 STD;132;K;1;120060281444 2
SM70174 025;133;K;1;789241554804 7
M70174 025;133;K;1;120060282334 5
87978815 025;133;K;1;789000634627 0
BC174J 025;133;K;1;120060283265 1
87978825 STD;134;K;1;789000633783 4
87978825 050;134;K;1;789053710800 2
BBTO18;134;K;1;789000639007 5
SBC174J 050;134;K;1;120060282945 3
SM70174 050;134;K;1;789241554805 4
77522600;134;K;1;789000638726 6
77849620;134;K;1;789000638995 6
79386610;134;K;1;789000638778 5
M70174 050;134;K;1;120060282182 2
M70174 075;135;K;1;789476604443 8
SM70174 075;135;K;1;789241554806 1
87978835 075;135;K;1;789000634628 7
SBC174J 075;135;K;1;120060283107 4
SM70174 100;136;K;1;789241554807 8
M70174 100;136;K;1;789476604444 5
87978845 100;136;K;1;789000634626 3
SM70184 STD;137;K;1;789241554808 5
M70184 STD;137;K;1;789476604445 2
87978816 025;138;K;1;789000634629 4
M70184 025;138;K;1;120060282401 4
SM70184 025;138;K;1;789241554809 2
87978826 050;139;K;1;789000634630 0
SM70184J 050;139;K;1;789241554810 8
M70184 050;139;K;1;120060282402 1
87978836 075;140;K;1;789000634631 7
M70184 075;140;K;1;789476604448 3
PJF21F075M200;140;K;1;789000636341 3
SM70184 075;140;K;1;789241554811 5
SM70184 100;141;K;1;789241554812 2
BC184 100;141;K;1;789000634870 0
M70184 100;141;K;1;789476604449 0
M70264 STD;142;K;1;789476604484 1
SM70264 STD;142;K;1;789241554837 5
SM70264 025;143;K;1;789241554834 4
M70264 025;143;K;1;789476604485 8
SM70264J050;144;K;1;789241554835 1
M70264 050;144;K;1;120060282398 7
SM70264J025;144;K;1;789000638475 3
SM70264J100;144;K;1;789000639024 2
M70264 075;145;K;1;120060282441 0
SM70264 075;145;K;1;789241554836 8
SM70264 100;146;K;1;120060052990 4
M70264 100;146;K;1;789476604488 9
VA0700082;147;K;1;120170282580 2
50017016 STD;147;K;1;789053711390 7
VE0700081;148;K;1;120170283075 2
50017017;148;K;1;789053711391 4
50017072;149;K;1;789053711401 0
VE0700062;149;K;1;120170053161 3
825A;150;K;1;789001735220 8
50017385;150;K;1;789053711414 0
VS5454;150A;K;1;789001738852 8
VS5697;150A;K;1;789001740385 6
50017663;150A;K;1;789053713106 2
3869E;150A;K;1;789001737060 8
VX3094AA;150A;K;1;920170280083 2
50017386 STD;151;K;1;789053711415 7
1825E;151;K;1;789001735219 2
50017662;151A;K;1;789053713105 5
VA0700061;152;K;1;120170023234 3
50017392;152;K;1;789053711419 5
VS0981;152;K;1;789000136252 7
50017396;153;K;1;789053711420 1
VA0700017;153;K;1;120170282578 9
RA1032;153;K;1;789909742202 3
815A;153;K;1;789001735243 7
1815E;154;K;1;789001733342 9
RE1033;154;K;1;789001732230 0
VE0700016;154;K;1;120170282579 6
VS1696;154;K;1;789418221222 0
50017397;154;K;1;789053711421 8
VS1646;155;K;1;920170280014 6
50017715;155;K;1;789053711441 6
VA0700050;155;K;1;120170282576 5
453A;156;K;1;789001733508 9
50017716;156;K;1;789053711442 3
RA1010NP;156;K;1;789001732561 5
VA0700020;156;K;1;120170053056 2
50017728;157;K;1;789053711454 6
RE1121;157;K;1;280170280856 1
1453E;158;K;1;789001733526 3
VE0700022;158;K;1;920170050004 8
50017738;158;K;1;789053711464 5
VE0700049;159;K;1;120170282577 2
50017788;159;K;1;789053711514 7
50017826;160;K;1;789053711545 1
VS4762;160;K;1;789001736166 8
23238EB;161;K;1;789001733516 4
VE0590065001;161;K;1;120170193600 4
50017827;161;K;1;789053711546 8
50017828 STD;162;K;1;789053711547 5
50004601;162A;K;1;789053712295 4
VS4511;162A;K;1;789001738063 8
VS4349;163;K;1;789001736158 3
50017829 STD;163;K;1;789053711548 2
VS2690;163;K;1;789001736144 6
50017831;164;K;1;789053711549 9
VS2844;164A;K;1;789001736146 0
50017832;165;K;1;280170280681 9
VS4856;166;K;1;789418221319 7
50017853;166;K;1;789053711568 0
VA0700189;166A;K;1;120170283627 3
3508A;167;K;1;789001735828 6
50017860;167;K;1;789053711575 8
VE0700190;167A;K;1;120170283628 0
VS5224;168;K;1;789418221368 5
50017861;168;K;1;789053711576 5
3509E;168;K;1;789001735563 6
3485EB STD;169;K;1;400170280147 2
VE0700087;169;K;1;789241547894 8
UB628;170;K;1;750100280008 5
20071;170;K;1;789267700497 8
SBG019J SEMI;171;K;1;120220323374 5
87362690 SEMI;171;K;1;789053710671 8
SG70019U STD;171;K;1;120220173316 2
G70019;171;K;1;120220281451 8
G70025;172;K;1;120220281845 5
G70037;173;K;1;120220281452 5
SG70037 STD SEMI;173;K;1;120220053158 5
SBG037U STDSEM;173;K;1;120220283313 7
BG037U STD;173;K;1;120220043276 9
BG715 STD;173A;K;1;789241593574 8
037440RPL;173A;K;1;789002236431 9
G70715;173A;K;1;120220282797 6
77536690;173A;K;1;789053710209 3
G70039;174;K;1;120220281453 2
G70080;175;K;1;120060281846 4
BG080 STD;175;K;1;789002236188 2
G70114;176;K;1;120220281922 3
87290690;176;K;1;789002237029 7
SBG178J STD SEMI;177;K;1;789002233158 8
G70178;177;K;1;120220281847 9
SG70178;177;K;1;120220053159 2
87324690;178;K;1;789053710662 6
SG70598;178;K;1;120220053063 2
G70598;178;K;1;120220281848 6
SBG598U STD;178;K;1;120220283408 0
H70083;179;K;1;120220281449 5
SH70083;179;K;1;120220053160 8
SEC083J STD;179;K;1;789241555053 8
87996604;179;K;1;789053710808 8
H70083 025;180;K;1;120220282306 0
SH70083 025;180;K;1;120220053760 0
H70083 050;181;K;1;120220282307 7
87996624 050;181;K;1;789002234632 2
H70084;182;K;1;120220281450 1
SH70084 STD;182;K;1;120220283758 6
SEC084J STD;182;K;1;789241555056 9
SH70084 025;183;K;1;120220282445 6
H70084 050;184;K;1;120220282400 5
50004599;185A;K;1;789053712293 0
54376010;185A;K;1;789001733911 7
3512A;185A;K;1;789001735609 1
VS4934;185A;K;1;789418221310 4
50017852 STD;185A;K;1;789053711567 3
53002010;186;K;1;789537203896 5
VS4546;186A;K;1;789001736156 9
50004600 STD;186A;K;1;789001735045 7
21F025M 050;187A;K;1;170060282274 9
BC905 025;187B;K;1;789000634864 9
BC905 STD;187C;K;1;789000634866 3
20027;188;K;1;789267700449 7
20089ISH;189;K;1;789267700515 9
RT1608NP;189A;K;1;770590280046 0
PN732;190;K;1;789001539203 9
09203BREF;82;K;1;789125209203 4
02544BREF;83;K;1;789125202544 5
01942BRGP;84;K;1;789125201942 0
VA0130011; 001;M;1;789241547969 3
50017717; 001;M;1;789053711443 0
922954600134; 001;M;1;789582535198 6
922684600054E; 001;M;1;789582512691 1
VS1134; 001;M;1;789001702412 9
50017717; 001;M;1;789053711443 0
922684600054E; 001;M;1;789582512691 1
VS1135; 002;M;1;789001702900 1
VE0130010; 002;M;1;789001734307 7
930884600024; 002;M;1;260170040041 1
7001535C1; 002;M;1;789582524768 5
7008225R1E; 002;M;1;789582584839 4
922954600124; 002;M;1;789582535197 9
50017199; 002;M;1;789053711412 6
1565ECB; 002;M;1;789001736649 6
VS2696; 003;M;1;789001702413 6
7008228R1E; 003;M;1;789001740414 3
922954600144E; 003;M;1;789582537091 8
622884603014; 003;M;1;789582510110 9
50017767; 003;M;1;789053711493 5
VS5102; 003;M;1;789001739296 9
50017768; 004;M;1;789053711494 2
VS2695; 004;M;1;789322900390 6
VE0130098; 004;M;1;120170283131 5
922984600034E; 004;M;1;789582514991 0
922954600154; 004;M;1;789582535199 3
961284600024; 005;M;1;789582519587 0
7003221C1; 005;M;1;789582525299 3
961084600034; 005;M;1;789582518477 5
50017844; 005;M;1;789053711559 8
VS2825; 005;M;1;789001736173 6
7008224R1E; 005;M;1;789001740263 7
VA0130101; 005;M;1;789241547977 8
961254600134; 005;M;1;789582535204 4
961284600014; 006;M;1;789582519599 3
50017845; 006;M;1;789053711560 4
VE0130100; 006;M;1;789241547975 4
961084600024; 006;M;1;789582518476 8
961254600124; 006;M;1;789582535203 7
961284600154;006A;M;1;789582549080 7
VS5299; 007;M;1;789001738107 9
VX2439AA; 007;M;1;170170192712 0
3546AC; 007;M;1;789001736006 7
50017848; 007;M;1;789053711563 5
940754600084; 007;M;1;789582535202 0
RA1150; 007;M;1;789000041039 7
93342221; 007;M;1;789001737869 7
940784600044; 007;M;1;789582519586 3
50017849; 008;M;1;789053711564 2
940704600024; 008;M;1;260170040008 4
VS5300; 008;M;1;789001737845 1
940754600074; 008;M;1;789582535201 3
93342222; 008;M;1;789001737868 0
940784600024; 008;M;1;789582519585 6
VS7896; 008;M;1;789001736150 7
7006681C1E;008A;M;1;789582534677 7
120176380;008A;M;1;789001739375 1
7006680C1E;008B;M;1;789582535033 0
50017763; 009;M;1;789053711489 8
7008226R1E; 01;M;1;789001740244 6
50017764; 010;M;1;789053711490 4
BG030USTDSEMI;010A;M;1;789000134715 9
87298690SEMI;010A;M;1;789053713864 1
87298600 STD; 011;M;1;789053710659 6
BG030; 011;M;1;120010013743 2
620524310014E; 011;M;1;789582536600 3
G13030 STD; 011;M;1;789476603367 8
G13076; 012;M;1;120220040153 6
87216690 - SEMI; 012;M;1;789002237176 8
BG076; 012;M;1;170220010915 4
622604313014E; 012;M;1;789582545149 5
G13928 STD SEMI;012A;M;1;789241556750 5
72236690 SEMI; 013;M;1;789002233140 3
BG528U STDSEMI; 013;M;1;789241548441 3
G13528 STD SEMI; 013;M;1;789241548613 4
961204320014E; 013;M;1;789582536575 4
BG545; 014;M;1;120220042770 3
940704310014E; 014;M;1;789582536746 8
BG545USTDSEMI; 014;M;1;260220341297 0
630804320014E; 015;M;1;789582536634 8
940804210024E;015A;M;1;789582516456 2
940854210024E;015A;M;1;789000040919 3
H13226; 016;M;1;120220040178 9
961004320034E; 016;M;1;789582536604 1
H13126; 016;M;1;120220040177 2
961004210014E;016A;M;1;789582517824 8
961004320014E; 017;M;1;789582536793 2
940704210034E;017A;M;1;789582515647 5
940784320014E; 018;M;1;789582536929 5
940804310014E;018A;M;1;789582536698 0
941004320024E; 019;M;1;789582536866 3
922984320022E;019A;M;1;789582514989 7
961204600014; 020;M;1;260010048742 8
922984320032E;020A;M;1;789582514990 3
L13119 STD; 021;M;1;789476609317 7
940703400037E; 021;M;1;789582536595 2
940783400147E; 022;M;1;789582516327 5
L13119 025; 022;M;1;789476609318 4
940703400017; 023;M;1;789582515451 8
L13112 STD; 024;M;1;789476603909 0
79309600-STD; 024;M;1;789003033479 3
79404600; 024;M;1;789003038776 8
961003400067E; 024;M;1;789582536571 6
AE074J; 025;M;1;789000137958 7
L13074 STD; 025;M;1;789476603907 6
622803400017E; 025;M;1;789582536708 6
AE074; 026;M;1;170010013704 8
622883400037E; 026;M;1;789582536901 1
L13112 025; 027;M;1;789476605837 4
961083400097E; 027;M;1;789582536755 0
79309610 025; 027;M;1;789003039267 0
922903400867;027B;M;1;789582520027 7
940703300294E; 028;M;1;789582536644 7
71051080; 029;M;1;789537203241 3
MWMR0101; 029;M;1;789004138689 7
922903300044E; 029;M;1;789582536612 6
01917BRGS; 029;M;1;510410020026 3
922903300064E; 030;M;1;789582536787 1
961003300014; 031;M;1;260010047076 5
71056080; 031;M;1;789537203246 8
961083300017;031A;M;1;789582525154 5
961003300034E;031B;M;1;789582517697 8
940703300064E; 032;M;1;789582536770 3
71065080; 032;M;1;789537201194 4
71069080; 033;M;1;789537201195 1
961007570126E; 033;M;1;789582518036 4
961007570106E; 034;M;1;789582536466 5
922587570136E; 035;M;1;789582536654 6
922587570146E; 036;M;1;789582536621 8
922587570156E; 037;M;1;789582536682 9
922987570046E; 038;M;1;789582536861 8
961007570066E; 039;M;1;789582518030 2
7008227R1E; 04;M;1;789001740413 6
961007570086E; 040;M;1;789582518031 9
961007570096E; 041;M;1;789582518032 6
961007870034E;041A;M;1;789582518049 4
961087570134; 042;M;1;260010047470 1
961087570176E;042A;M;1;789582518487 4
961087570144E; 043;M;1;789582518486 7
961007570046E;043A;M;1;789582518029 6
905250100038E; 044;M;1;789582536677 5
941207570016; 045;M;1;789582517156 0
941207570026E; 046;M;1;789582517157 7
961207570016E; 047;M;1;789582518709 7
1872219C1E;047B;M;1;789582519635 8
905250100042E; 048;M;1;789582536599 0
940707570034E; 049;M;1;789582515913 1
940707570064E; 050;M;1;789582537183 0
3366; 051;M;1;789000638959 8
3368; 051;M;1;789000638960 4
BC313 STD; 051;M;1;120010013735 7
3370; 051;M;1;789000638961 1
922504300037E; 051;M;1;789582536586 0
78126600; 051;M;1;789053710253 6
M13313 STD; 051;M;1;789476604034 8
922554300037;051A;M;1;789000640799 5
922984300137; 052;M;1;789582514936 1
M13313 025; 052;M;1;789476604035 5
78126610 025; 052;M;1;789053710254 3
BC313P 025; 052;M;1;120010013736 4
922584300147E; 052;M;1;789582512584 6
922554300147;052A;M;1;789000640824 4
BC313P 050; 053;M;1;120060042869 6
922584300167E; 053;M;1;789582536628 7
M13313 050; 053;M;1;789476604036 2
922984300157; 053;M;1;789582514939 2
78126620 050; 053;M;1;789053710255 0
922584300187E; 054;M;1;789582536807 6
M13313 075; 054;M;1;789476604037 9
BC313 075; 054;M;1;120060042649 4
78126640 100; 054;M;1;789053710257 4
922984300177; 054;M;1;789582514942 2
SBC313P100; 055;M;1;789000634772 7
922584300207E; 055;M;1;789000135012 8
922984300197; 055;M;1;789582514945 3
BC313P 100; 055;M;1;120060043189 4
M13313 100; 055;M;1;789476604038 6
78125600; 056;M;1;789053710248 2
B13144 STD; 056;M;1;789476601320 5
922504300017E; 056;M;1;789582536587 7
922554300017;056A;M;1;789000640684 4
922984300037; 057;M;1;789582514924 8
922584300057E; 057;M;1;789582536588 4
B13144 025; 057;M;1;789476601321 2
78125610 025; 057;M;1;789053710249 9
922554300057;057A;M;1;789000640833 6
78125620 050; 058;M;1;789053710250 5
10775A000; 058;M;1;789000133442 5
922984300057; 058;M;1;789582514927 9
BB144MT 050; 058;M;1;789000634833 5
922584300077E; 058;M;1;789582512577 8
922584300097E; 059;M;1;789582536740 6
922984300077; 059;M;1;789582514930 9
BB144P 075; 059;M;1;789000620244 6
7008223R1E; 06;M;1;789582584934 6
SBB144P100; 060;M;1;789000635180 9
B13144 075; 060;M;1;789476601323 6
922984300097; 060;M;1;789000623155 2
922584300117E; 060;M;1;789582545197 6
BB144P 050; 060;M;1;789241511784 7
78125640 100; 060;M;1;789053710252 9
B13144 100; 060;M;1;789476601324 3
BB144P 125;060A;M;1;789000634803 8
M13460 STD; 061;M;1;789476604044 7
922984300457; 062;M;1;789582514951 4
M13460 025; 062;M;1;789476604045 4
622884300037E; 062;M;1;789582536697 3
922984300477; 063;M;1;789582514954 5
M13460 050; 063;M;1;789476604046 1
622884300057E; 063;M;1;789582536892 2
M13460 075; 064;M;1;789476604047 8
622884300077E; 064;M;1;789582510096 6
922984300497; 064;M;1;789582510096 6
M13460 100; 065;M;1;789476604048 5
622884300097; 065;M;1;260010044862 7
B13220 STD; 066;M;1;789476601326 7
622804300117E; 066;M;1;789582536722 2
922984300557; 067;M;1;789582514966 8
622884300137E; 067;M;1;789582536742 0
B13220 025; 067;M;1;789476601327 4
B13220 050; 068;M;1;789476601328 1
922984300577; 068;M;1;789582514969 9
78588620 050; 068;M;1;789053710266 6
622884300157E; 068;M;1;789582536860 1
BB220J 050; 068;M;1;789241511985 8
922984300597; 069;M;1;789582514972 9
B13220 075; 069;M;1;789476601329 8
622884300177E; 069;M;1;789582510106 2
961284600144;06B;M;1;789582549079 1
B13220 100; 070;M;1;789476601331 1
622884300197; 070;M;1;260010044865 8
941084300067; 071;M;1;789582532850 6
941084300068; 071;M;1;789582517005 1
941054300067; 071;M;1;789005840675 5
M13613 STD; 071;M;1;789476606949 3
941084300078; 072;M;1;789582517008 2
M13613 025; 072;M;1;789476606950 9
M13613 050; 073;M;1;789476606951 6
M13613 075; 074;M;1;789476606952 3
941084300108; 075;M;1;789582517014 3
M13613 100; 075;M;1;789476606953 0
BB1024P STD; 076;M;1;789241522009 7
961004300217; 076;M;1;789582517830 9
961054300217; 076;M;1;789000640672 1
961054200217; 076;M;1;789000640671 4
B13305 STD; 076;M;1;789476601333 5
961084300337E; 077;M;1;789582536596 9
961084300437; 077;M;1;789582518445 4
B13305 025; 077;M;1;789476601334 2
78589610 025; 078;M;1;789053710270 3
961084300457; 078;M;1;789582518448 5
B13305 050; 078;M;1;789476601335 9
961084300357E; 078;M;1;789582518437 9
961084300477; 079;M;1;789582518451 5
961084300377E; 079;M;1;260010047460 2
961084300497E; 080;M;1;789582518454 6
M13927 STD; 081;M;1;789476609185 2
940704300027E; 081;M;1;789582536584 6
M13927 025; 082;M;1;789476609186 9
940784300077E; 082;M;1;789582536632 4
M13927 050; 083;M;1;789476609187 6
940784300097E; 083;M;1;789582536983 7
940784300117E; 084;M;1;789582516347 3
940784300217; 085;M;1;789582516355 8
940754300217;085A;M;1;789000640749 0
B13406 025; 086;M;1;789476609313 9
940784300227E; 086;M;1;789582536712 3
940784300237E; 087;M;1;789582516359 6
B13406 050; 087;M;1;789476609314 6
940784300247E; 088;M;1;789582516361 9
B13406 075; 088;M;1;789476609315 3
941204300017; 089;M;1;789582517119 5
941254300017;089A;M;1;789000640674 5
941284300027E; 090;M;1;789582536685 0
941284300037E; 091;M;1;789582517263 5
941284300047E; 092;M;1;789582517264 2
78127644;092A;M;1;789053710262 8
SM13314J100;092A;M;1;789000138029 3
SBC314P075; 093;M;1;789000638334 3
BC314P 050; 093;M;1;120060042582 4
922584304187E; 093;M;1;789582537033 8
SM13314J075; 093;M;1;789000638330 5
BC314 075; 093;M;1;120060042650 0
922584304167E; 094;M;1;789582545139 6
M13314 050; 094;M;1;789476604041 6
K13250; 095;M;1;120160040754 4
922584304147E; 095;M;1;789582536616 4
M13314 025; 095;M;1;789476604040 9
922984304037E;095A;M;1;789582514978 1
922504304007E; 096;M;1;789582536618 8
BC314MT STD; 096;M;1;789000634853 3
BC314; 096;M;1;120010013737 1
M13314 STD; 096;M;1;789476604039 3
M13314 075;096A;M;1;789476604042 3
922904304017;096A;M;1;789582513464 0
961004300617;097A;M;1;789582517836 1
10053;101;M;1;789267700055 0
922987300126;101;M;1;789582514995 8
922987300136;102;M;1;789582514996 5
922907300116;102;M;1;260010046038 4
922907300046E;102;M;1;789582585355 8
10087;102;M;1;789267700084 0
922957300046E;102;M;1;789001040570 3
922987300146;103;M;1;789582514997 2
922957300156E;103;M;1;789582581476 4
922507300026E;103;M;1;260010040198 1
961057300056E;104;M;1;789001040321 1
961087300056;104;M;1;260010040970 3
961087300066;104;M;1;789582524790 6
XTOPI1040;104;M;1;789001038524 1
10179;104;M;1;789267700179 3
961087300046;104;M;1;260100040682 3
961287300036;105;M;1;260010040798 3
961257300046E;105;M;1;789582536617 1
961287300046;105;M;1;789582519991 5
7005174C1E;106;M;1;789001036673 8
940787300056;107;M;1;789582516373 2
922506520274E;107B;M;1;789582512331 6
7005440R91;107C;M;1;789582531499 8
7003662C91;107C;M;1;789582525517 8
961257310136E;107C;M;1;789001040192 7
7005478R91;107D;M;1;789582531578 0
104000;108;M;1;789001038894 5
922957310025E;108;M;1;789582535410 9
922987310016;108;M;1;789582519596 2
20010;108;M;1;789267700431 2
922987310026;108;M;1;260010046679 9
922906520194E;108A;M;1;789582513641 5
922957310036E;109;M;1;789001040695 3
752004;109;M;1;789001039471 7
20035;109;M;1;789267700459 6
922987310036;109;M;1;789582514999 6
7007032R91;110;M;1;789582532909 1
354013;110;M;1;789001040775 2
961057310076E;110;M;1;789582536630 0
961007310024E;110;M;1;789582536591 4
R7000765C91;110;M;1;789582524535 3
20049;110;M;1;789267700473 2
7007031C91;111;M;1;789582532875 9
961207310024E;111;M;1;789582536622 5
961207310086;111;M;1;789582521906 4
961287310016;111;M;1;260010048864 7
961257310024E;111;M;1;789582536627 0
940887310045E;111A;M;1;789582535463 5
940807310015;111A;M;1;789582516480 7
940857310015E;111B;M;1;789001039093 1
940757310035E;112;M;1;789001040745 5
940707310035;112;M;1;789582515901 8
940757310055E;114;M;1;789001040756 1
20164;114;M;1;789000041090 8
940707310055;114;M;1;789582515906 3
940787310105E;114;M;1;789582535462 8
940787310056;115;M;1;789582516376 3
940887310016;116A;M;1;789582516563 7
940887310026;117;M;1;789582516564 4
905202000021E;118;M;1;789582511055 2
270100;119;M;1;789001038834 1
905202000040E;119;M;1;260100010139 1
905202080040;119;M;1;789582511068 2
906905810101;119A;M;1;789582500066 2
905202080041;120;M;1;789582511069 9
905202000032E;121;M;1;789582511058 3
955202080053;122;M;1;789001040734 9
905202080043;122;M;1;260100040320 4
905202000042E;122;M;1;789582511062 0
905202080053;122;M;1;789582525209 2
R7001751C1E;123;M;1;789582536820 5
905202000046;124;M;1;260010047661 3
R7002479C1E;124;M;1;789582536736 9
940807310024E;125;M;1;789582516482 1
905202000024E;126;M;1;789582511057 6
922706520014E;127;M;1;789582512701 7
BAP7;127A;M;1;170100013731 2
00803BRGS;129;M;1;789004119976 3
922988560044;129;M;1;789582521538 7
92871F;130;M;1;789004140015 9
7001171C1E;130;M;1;789582536569 3
961058560014;130;M;1;789004140287 0
961208560024E;131;M;1;789001340431 4
7002872C2E;131;M;1;789582531958 0
961258560034E;131;M;1;789582581629 4
904960651301;131;M;1;789582510902 0
7002872C1;131;M;1;789582525196 5
92872P;131A;M;1;789004140016 6
922988560054;132;M;1;789582525759 2
904960640089E;132;M;1;789582510887 0
09228BREF;133;M;1;510410050023 3
904960640069E;133;M;1;789582536673 7
940788560014;134;M;1;789582516391 6
0702F;134;M;1;789000240608 4
940788560024;135;M;1;789582516392 3
05590BRGF;135A;M;1;789004140571 0
954960651107E;136;M;1;789582581403 0
00803BAS;136;M;1;789004138398 8
904960651107E;136;M;1;789582510901 3
604960103500E;137;M;1;789582509932 1
904960651108E;137;M;1;789004139071 9
960700530034;138;M;1;260010048346 8
16009;139;M;1;789267700382 7
UR574;139;M;1;789002332232 5
61151280 020;139A;M;1;789537217572 1
7005007R1E;139A;M;1;789582536879 3
16010;140;M;1;789267700383 4
R7000501C1E;141;M;1;789582526101 8
MASTER0051E;142;M;1;789582519293 0
MASTER0015E;143;M;1;789582519291 6
905411880031E;144;M;1;789582536803 8
77767630;144;M;1;789000632876 4
1842825C91E;145;M;1;789002832843 8
905411870002E;146;M;1;789582511331 7
01917KIT;147;M;1;789004132627 5
MASTER0012E;147;M;1;789582519288 6
MM100316;147;M;1;789002839020 6
905411880008E;148;M;1;789582511332 4
955410500115;148A;M;1;789002840037 0
955411880013E;149;M;1;789002840563 4
955411880014E;149;M;1;789000041064 9
905411880013;149;M;1;789582511336 2
905411880009E;150;M;1;789582511333 1
905411880012;151;M;1;789582511335 5
955411880012E;151;M;1;789002840427 9
955411800005;151A;M;1;789002840856 7
941287400054;152;M;1;789582526004 2
955411880037E;152;M;1;789000041014 4
905411880037;152;M;1;789582530879 9
905411880011;152;M;1;789582511334 8
905411880026;153;M;1;789582511343 0
955411800002E;153;M;1;789002840532 0
940707400026;153;M;1;260010048027 6
905400150015;154;M;1;789582536592 1
MM100131;154A;M;1;789582532773 8
905410500115E;154A;M;1;789582511297 6
961050190107;154C;M;1;789000040964 3
905410500106E;155;M;1;789582511292 1
905410500108E;156;M;1;789582511293 8
905400150018E;157;M;1;789582511253 2
905410500109;158;M;1;789582511294 5
955400150020E;158;M;1;789000041061 8
905400150020E;158;M;1;789582536771 0
905410500105;159;M;1;789582511291 4
MASTER0061E;159A;M;1;789582519303 6
905411510041;160;M;1;789582530594 1
955411510035E;160;M;1;789582581256 2
905411510035;160;M;1;789582536484 9
940705550064E;160A;M;1;789582515691 8
GONG1307;160A;M;1;789000041086 1
2S653R700BF;160A;M;1;789000139480 1
 043124;160A;M;1;789000041066 3
905410500118E;161;M;1;789582511299 0
26560201;161;M;1;789002836616 4
26560163;161A;M;1;789000137949 5
4816635;161A;M;1;789002839409 9
905411510036E;162;M;1;789582511325 6
905411510003E;163;M;1;789582511310 2
KX44;163;M;1;120280170568 2
MASTER0050E;164;M;1;789582519292 3
905411510016E;164;M;1;789582511314 0
905411510017E;165;M;1;789582511315 7
7008464R1E;165A;M;1;789003540825 3
KC122;166;M;1;120280281239 6
905411510019;166;M;1;789582511317 1
7001021C1;166A;M;1;789582525401 0
955411510020E;166B;M;1;789002840320 3
905411510020;167;M;1;789582511318 8
905411510043;167;M;1;789002840583 2
MASTER0053;167A;M;1;789582519295 4
905411510023;168;M;1;789582511319 5
955411510023E;168;M;1;789002840231 2
7008245R1E;168A;M;1;789002840203 9
905411510042;168A;M;1;789582532064 7
7008469R1E;168A;M;1;789000041012 0
905411510027E;169;M;1;789582511321 8
905411510015;170;M;1;789582511313 3
922680190167;171;M;1;789582512685 0
800029420000;171;M;1;789003037444 7
922650190167;171;M;1;789000041008 3
940781600158;171A;M;1;789582519502 3
CRA7049;172;M;1;170300013789 7
922680190157;172;M;1;789582512684 3
940781600138;172A;M;1;789582519501 6
93354725;172A;M;1;789000137867 2
940751600138;172A;M;1;789001540486 2
CRA7045;173;M;1;789003007507 8
922500190047;173;M;1;260010045361 4
940781600178;173A;M;1;789582519504 7
922580191127;174;M;1;789582512560 0
940781600168;174A;M;1;789582519503 0
940751600168;174A;M;1;789001640682 7
940781600207;174B;M;1;789582525230 6
940751600207;174B;M;1;789000040970 4
922580191137;175;M;1;789582512561 7
940751600148;175A;M;1;789001540339 1
;175A;M;1;789000040367 2
940781600148;175A;M;1;789582519500 9
922980191617;176;M;1;789582530631 3
50011494;176;M;1;280300020472 4
A13850 STD;176;M;1;789476608109 9
940881600024E;176A;M;1;789582516536 1
922950190197;176A;M;1;789000040976 6
922980191607;176A;M;1;789582514761 9
961080190057;177;M;1;789582518341 9
961050190057;177;M;1;789582535699 8
A13900 STD;177;M;1;789476608217 1
940801600014E;177A;M;1;789582516430 2
961280190017;178;M;1;789582518814 8
961280190117;178;M;1;789582524570 4
DC735900;178;M;1;890300340007 0
940881600016;178A;M;1;789582516535 4
940750190017;179;M;1;789582535698 1
940750190027;179;M;1;789000040939 1
940780190017;179;M;1;789582516280 3
940881600036;179A;M;1;789582516539 2
940780190077;179A;M;1;789582516285 8
940750190077;179B;M;1;789000041013 7
940880190016;180;M;1;789582516530 9
97282600;180A;M;1;789053712021 9
922681600034E;181;M;1;789582512687 4
940880190026E;181;M;1;789582516531 6
961280190127;181A;M;1;789582524569 8
7002088C1E;181B;M;1;789582525399 0
922501600034E;182;M;1;789582512174 9
940880190036;182;M;1;789582516532 3
922901600174E;183;M;1;789582513012 3
922901600224E;184;M;1;789582513016 1
922901600214E;185;M;1;789582513015 4
922901600234E;186;M;1;789582513017 8
961201600014;187;M;1;260010048705 3
940701600074E;188;M;1;789582515369 6
940701600084E;189;M;1;789582515370 2
940701600114E;190;M;1;789582515373 3
940701600124E;191;M;1;789582515374 0
961001600034;191A;M;1;789582517672 5
7001201C1E;191C;M;1;789582525823 0
940701600134E;192;M;1;789582515375 7
922581320034E;193;M;1;789582512568 6
7002807C1;193A;M;1;789582525833 9
7002873C1E;193B;M;1;789582525634 2
7001672C3E;193C;M;1;789582530496 8
89813810;194;M;1;789003536704 8
C13100;194;M;1;120350042822 3
922581320044E;194;M;1;789582512569 3
C13000;194;M;1;120350040461 6
7003160C1E;194A;M;1;789582536827 4
922551320044E;194A;M;1;789003540773 7
UC992 STD;195;M;1;560350010130 4
C1076 STD;195;M;1;560350040077 3
C13200;195;M;1;120350040750 1
622601320012E;195;M;1;789582510040 9
961201320074;195A;M;1;789582518559 8
961201320084E;195A;M;1;789582536603 4
922951320044E;196;M;1;789003540790 4
922901320034E;196;M;1;789582536486 3
C13600;196;M;1;120350040751 8
89728;196;M;1;789003532300 6
961201320014;198;M;1;260010048696 4
940701320042E;199;M;1;789582515341 2
94071320042;199;M;1;260010041296 3
940701320012E;200;M;1;789582515339 9
C13500;200;M;1;120350040100 4
A13150 STD;221;M;1;789476607287 5
A13170 STD;222;M;1;789476607289 9
70530041E;222;M;1;789582519629 7
UC4833 020;222;M;1;000009015256 6
961001320054E;224;M;1;789582524566 7
961051320074E;224;M;1;789003540789 8
K13000;226;M;1;120160040753 7
97268961;227;M;1;280160040550 3
97210960;228A;M;1;789053710968 9
K13603;228A;M;1;120160040756 8
922980191918;229A;M;1;260010046618 8
922980192018;231;M;1;260010046627 0
K13670;232;M;1;120160040243 3
922980191948;233;M;1;260010046621 8
922980191858;235;M;1;260010046614 0
K13850;235;M;1;120160040244 0
922980191898;235A;M;1;260160011164 6
K13920;247;M;1;120160040760 5
79310600;25;M;1;789003039322 6
79514600 STD;25;M;1;789000041101 1
2123;254A;M;1;789003038062 2
7126CSA STD;255;M;1;470300040719 5
CSA7071 STD;255;M;1;789003034693 2
CSA 7126 STD;255A;M;1;789003034712 0
CBA32 025;256;M;1;789000634699 7
129;256A;M;1;789000638043 4
CBA32 1.50;256A;M;1;789000638037 3
4174;258A;M;1;789000639337 3
056 KD12;258B;M;1;789004139902 6
3367;258B;M;1;789000639341 0
70401U;259;M;1;730020051128 7
905250100039E;44A;M;1;789582511079 8
SBC314P050;94;M;1;789000636913 2
78127614 025;95;M;1;789000635446 6
SBC314P025;95;M;1;789241593378 2
SBC314PSTD;96;M;1;789000134757 9
941084300088;O73;M;1;789582517010 5
941084300098;O74;M;1;789582517012 9
922907960014E; 01;N;1;789582513746 7
922907960024E; 02;N;1;789582513747 4
920807960014E; 03;N;1;789582512077 3
961007960024E; 04;N;1;789582518058 6
940707960036E; 05;N;1;789582515930 8
960707960016E; 06;N;1;789582517430 1
7003172C1E; 07;N;1;789582525417 1
K42; 08;N;1;570440040006 8
K56; 09;N;1;570440040013 6
922953750044;10;N;1;789003040351 2
905302009048E;100;N;1;789582511236 5
7002581C1E;102;N;1;789582525748 6
955695090041E;103;N;1;789000040865 3
961003400124E;104;N;1;789582517709 8
940703820054E;109;N;1;789582515616 1
961203750014;11;N;1;789582518611 3
961003820034E;112;N;1;789582517801 9
961203390024E;113;N;1;789005940297 8
961003810074E;114;N;1;789582517790 6
961203810094E;116;N;1;789582524721 0
941003810074;117;N;1;789582516671 9
961004300614E;118;N;1;789582517835 4
961084300238;119;N;1;789582518418 8
7007080C1E;12;N;1;789582536109 1
961084300258;120;N;1;789582518421 8
M13513 050;121;N;1;789476604052 2
961084300278;121;N;1;789582518425 6
961084300298;122;N;1;789582518428 7
961084300318;123;N;1;789582518432 4
961204300127;124;N;1;789582518630 4
961254300127;125;N;1;789000640769 8
961284300137E;126;N;1;789582518847 6
961284300147E;127;N;1;789582518848 3
961284300157;128;N;1;789582518849 0
961284300167;129;N;1;789582518850 6
940704010024E;13;N;1;789582515619 2
940703810024E;130;N;1;789582515603 1
1841931C1E;131;N;1;789582519624 2
7002810C1E;132;N;1;789582525610 6
7002811C1E;133;N;1;789582525596 3
941003810114E;134;N;1;789582516672 6
7002206C1E;135;N;1;789582526005 9
961006230045E;136;N;1;789582517881 1
961006300094E;137;N;1;789582517892 7
006003266A1;138;N;1;789002937895 1
961003810014E;139;N;1;789582517785 2
922907800024E;14;N;1;789582513735 1
960706300095E;140;N;1;789582517384 7
961003810034E;141;N;1;789582517786 9
922903810234E;142;N;1;789582513353 7
922903810244;143;N;1;260010045865 7
940701220076;144;N;1;789582515334 4
922903810164;145;N;1;789002937748 0
7004451C1E;146;N;1;789011337995 6
961287670054E;147;N;1;789582525675 5
922903811144E;148;N;1;789582513389 6
961007800024E;15;N;1;789582518041 8
940780190246E;151;N;1;789582537077 2
961200690054E;152;N;1;789582526038 7
922987030117;153;N;1;789582514993 4
7003119C1E;155;N;1;789582525877 3
905692000020E;157;N;1;789582511446 8
905782010065E;158;N;1;789582511557 1
941003810056E;159;N;1;789582516669 6
961007800014E;16;N;1;789582518040 1
941003810026;160;N;1;260010046810 6
922987030107;161;N;1;260010046676 8
11193;162;N;1;789267700307 0
904524000008E;163;N;1;789582510802 3
904527409014;164;N;1;789582510806 1
74109E;165;N;1;789582536723 9
904527420042E;166;N;1;789582536990 5
904527420041E;167;N;1;789582597520 5
606908740025E;168;N;1;789582510004 1
606908740021E;169;N;1;789582536775 8
941004010025E;17;N;1;789582516677 1
904527420025E;170;N;1;789582536731 4
922959420034E;171;N;1;789000041081 6
70993879E;172;N;1;789008237278 1
940801500016E;173;N;1;789582516429 6
7006621R91E;174;N;1;789582536615 7
7006623R91E;175;N;1;789582536982 0
7006525C91E;176;N;1;789008239189 8
7006622R91E;177;N;1;789582536747 5
922901800445E;178;N;1;789582513058 1
961001800025E;179;N;1;789582517680 0
961083400134;18;N;1;789582518382 2
922901800475E;180;N;1;789582513059 8
922906100027E;181;N;1;789582536601 0
903450401470E;19;N;1;789582510612 8
903450401515E;20;N;1;789582510613 5
903450411675;21;N;1;789582510631 9
903450700900E;22;N;1;789582510646 3
903450701525E;23;N;1;789582510650 0
903450701670E;24;N;1;789582510655 5
903450701780E;25;N;1;789582510657 9
922909310114E;26;N;1;789582514404 5
940709210034E;27;N;1;789582516166 0
961209210024E;28;N;1;789582525995 4
940700530046;29;N;1;789582515263 7
941009310084;30;N;1;789582516921 5
960706010104E;31;N;1;789582517370 0
960706010094;32;N;1;260010048402 1
922903410066E;33;N;1;789582513215 8
941003410016;34;N;1;789582516650 4
 00003;35;N;1;240720070129 0
961003410066;36;N;1;789582517723 4
960703410016E;37;N;1;789582537112 0
960753410016E;37;N;1;789000041108 0
940703410074E;38;N;1;789582536672 0
RT3000;39;N;1;789007840372 7
940703410064E;39;N;1;789582515488 4
903450701800E;40;N;1;789582510658 6
903450701980E;41;N;1;789582510665 4
903450702030E;42;N;1;789582510667 8
903451002625E;43;N;1;789582510688 3
961203710034E;44;N;1;789582518606 9
940803710044E;45;N;1;789582516441 8
941003710054E;46;N;1;789582516660 3
941003710074E;47;N;1;789582516662 7
922503710034;48;N;1;260010045400 0
903450801410E;49;N;1;789582510674 6
903450801950E;50;N;1;789582510684 5
903450800965;51;N;1;789582510668 5
940803710064E;52;N;1;789582516443 2
940703710565E;53;N;1;789582515584 3
940703710374E;54;N;1;789582515573 7
940703710064E;55;N;1;789582536900 4
940803710075E;56;N;1;789582516444 9
940703710584E;57;N;1;789582515586 7
940803810074E;58;N;1;789582520019 2
T182;58;N;1;789002940034 8
940703710674E;59;N;1;789582515592 8
940703710684E;60;N;1;789582515593 5
922503710094E;61;N;1;789582512241 8
630503710034E;62;N;1;789582510134 5
940700690034E;63;N;1;789582515279 8
7005207C1E;64;N;1;789582536701 7
905685090134E;65;N;1;789582511443 7
905685090048E;66;N;1;789582536761 1
7005208C1E;67;N;1;789582532555 0
7005206C1E;68;N;1;789582531629 9
RH3328;69;N;1;789011338697 8
940700670014;70;N;1;789582515272 9
1835985C92E;71;N;1;789006537648 5
961003810126E;72;N;1;789582517795 1
941003800014E;73;N;1;789582516666 5
922903810954;74;N;1;789582513384 1
940703810084E;75;N;1;789582515610 9
922903811594;76;N;1;260010045900 5
922903810334E;77;N;1;789582513360 5
961206450034E;78;N;1;789582524388 5
940706450224E;79;N;1;789582515832 5
940703800014E;80;N;1;789582515600 0
940706450134E;81;N;1;789582515830 1
940706450124E;82;N;1;789582515829 5
940706450064E;83;N;1;789582536849 6
7004493R1E;84;N;1;789582530453 1
940756450064E;85;N;1;789000040904 9
905300109030E;86;N;1;789582511201 3
V5621940;86;N;1;100670053554 4
940756450114E;87;N;1;789000040916 2
961006100027E;88;N;1;789582536651 5
905300109023E;89;N;1;789582511194 8
940706450114E;90;N;1;789582536665 2
922903210035E;91;N;1;789582536614 0
961204640014E;92;N;1;789582518634 2
7000861C1E;93;N;1;789582536623 2
905302009043E;95;N;1;789582511232 7
905302009051E;98;N;1;789582511239 6
905302009050E;99;N;1;789582511238 9
922901400145; 001;O;1;789582512922 6
7001841C91; 002;O;1;789002034653 9
622801400145; 003;O;1;789582510064 5
922901400365; 004;O;1;789582512926 4
622801400165; 005;O;1;789582510067 6
941001400045; 006;O;1;789582516609 2
961001400065; 007;O;1;789582517644 2
941201400015; 008;O;1;789582517089 1
7001877C91E; 009;O;1;789002040693 6
7001880C91; 010;O;1;789582524670 1
940701400126; 011;O;1;789582515351 1
940701400086; 012;O;1;789582515346 7
940701400046; 013;O;1;789582515344 3
940801400016; 014;O;1;789582516426 5
960781400037; 015;O;1;789582517563 6
960781400023; 016;O;1;789001838264 8
R7002903C1; 017;O;1;789582525244 3
7001890C1; 018;O;1;789582525231 3
7006235R1; 019;O;1;789002037510 2
70993387; 020;O;1;789582505960 8
70993404R; 021;O;1;789582524716 6
70993415R; 022;O;1;789002031355 5
940701800027; 023;O;1;789582515388 7
940701800025E; 024;O;1;789004034718 9
940701800227; 025;O;1;789582515401 3
960701800015; 026;O;1;789582517302 1
960701800017; 027;O;1;789582517304 5
940701800017E; 028;O;1;789582515385 6
961007010014E; 029;O;1;789582517986 3
70830133E; 030;O;1;789582508074 9
70830153E; 031;O;1;789582508076 3
905414231006; 033;O;1;789582511383 6
905411800305; 034;O;1;789582511327 0
FCD21581; 035;O;1;789002838679 7
905410500097; 035;O;1;789582511287 7
FCD0710; 035;O;1;789002839841 7
FCD2045B; 035;O;1;789002840066 0
WO120; 036;O;1;789002840167 4
WO205; 036;O;1;789002840540 5
WOE3001; 036;O;1;789002838680 3
JFO0211; 036;O;1;789002840112 4
MASTER0060E; 036;O;1;789582519302 9
WUN10001; 036;O;1;789002839217 0
905411800306; 037;O;1;789582511328 7
905410500088; 038;O;1;789582511282 2
905411420009; 039;O;1;789582511308 9
 0986450704; 039;O;1;760280020015 9
KX43; 039;O;1;789241545852 0
905411800304E; 040;O;1;789582511326 3
1842638C92E; 041;O;1;789002837026 0
1850830C2E; 042;O;1;789002837025 3
1850832C1E; 043;O;1;789002836980 6
905410500095E; 044;O;1;789582536704 8
940709060036;044A;O;1;789582516102 8
940709060385; 045;O;1;789582516120 2
940709060395; 046;O;1;789582516121 9
940709060405; 047;O;1;789582516122 6
940709060415; 048;O;1;789582516123 3
940709060035; 049;O;1;789582516101 1
940709060275E; 050;O;1;789582516113 4
940709060285E; 051;O;1;789582516114 1
940709060295E; 052;O;1;789582516115 8
940709060305E; 053;O;1;789582516116 5
940709060625E; 054;O;1;789582516133 2
961009010025; 055;O;1;789582518133 0
960709420025; 056;O;1;789582517519 3
922909061025; 057;O;1;789582514134 1
922909061035; 058;O;1;789582514135 8
922909061045; 059;O;1;789582514136 5
922909061055; 060;O;1;789582514137 2
922909061065; 061;O;1;789582514138 9
922909061075; 062;O;1;789582514139 6
922909060685; 063;O;1;789582514119 8
922909010486E; 064;O;1;789582514012 2
922909010495; 065;O;1;789582514013 9
922900160737; 066;O;1;789582512775 8
941009060375E; 067;O;1;789582516881 2
961009060455;067A;O;1;789582518179 8
961009060545; 068;O;1;789582518188 0
961009060555E; 069;O;1;789582518189 7
961009060565E; 070;O;1;789582518190 3
961009060575; 071;O;1;789582518191 0
961009060585E; 072;O;1;789582518192 7
961009060595E; 073;O;1;789582518193 4
961009010155; 074;O;1;789582518140 8
922909010015E; 075;O;1;789582513994 2
922903290506; 076;O;1;260010045751 3
922909420034; 077;O;1;789582514457 1
922909150044E; 078;O;1;789582514287 4
940789010696; 079;O;1;789582516397 8
922909420715; 080;O;1;789582514489 2
922909420095E; 081;O;1;789582514460 1
940709010095E; 082;O;1;789582516045 8
960709010125; 083;O;1;789582517468 4
960709010055; 084;O;1;789582517462 2
940709011025E; 085;O;1;789582520065 9
922909420735; 086;O;1;789582514490 8
940709060615; 087;O;1;789582516132 5
922909010935E; 088;O;1;789582514031 3
960709010105E; 089;O;1;789582517466 0
940709010125E; 090;O;1;789582516047 2
941009060015; 091;O;1;789582516853 9
941009060025; 092;O;1;789582516854 6
941009060035; 093;O;1;789582516855 3
941009060045; 094;O;1;789582516856 0
961009060016; 095;O;1;789582518152 1
941009060265; 096;O;1;789582516872 0
941009060275; 097;O;1;789582516873 7
941009060285; 098;O;1;789582516874 4
941009060295; 099;O;1;789582516875 1
941009060405;100;O;1;789582516884 3
941009060325;101;O;1;789582516877 5
941009060335;102;O;1;789582516878 2
941009060345;103;O;1;789582516879 9
941009060355E;104;O;1;789582516880 5
941009060395;105;O;1;789582516883 6
960709060135;106;O;1;789582517478 3
960709060145;107;O;1;789582517479 0
960709060155;108;O;1;789582517480 6
960709060165E;109;O;1;789582517481 3
960709060175;110;O;1;789582517482 0
960709060185;111;O;1;789582517483 7
632559060395E;112;O;1;789000041054 0
632509060395;112;O;1;789582510210 6
922909010985E;113;O;1;789582514033 7
632559060405E;113;O;1;789000041099 1
632509060405;113;O;1;789582510211 3
632509060415;114;O;1;789582510212 0
632559060415E;114;O;1;789000041075 5
632509060425;115;O;1;789582510213 7
632509060435;116;O;1;789582510214 4
632509060445;117;O;1;789582510215 1
922909060295E;118;O;1;789582514106 8
BDP6004;119;O;1;789001140686 0
922909061905;119;O;1;789582514167 9
922909061915;120;O;1;789582514168 6
BDP6003;120;O;1;789001140687 7
D229;121;O;1;789001140688 4
BDP6002;121;O;1;789001140690 7
922909061925;121;O;1;789582514169 3
BDP6001;122;O;1;789001140689 1
922909061935;122;O;1;789582514170 9
922909062025E;123;O;1;789582514177 8
922909062035;124;O;1;789582514178 5
922909062045E;125;O;1;789582514179 2
922909062055E;126;O;1;789582514180 8
940709010165;127;O;1;789582516051 9
961009010035E;128;O;1;789582518134 7
922909420124;129;O;1;789582514463 2
941009060255;130;O;1;789582516871 3
922909011044E;131;O;1;789582514036 8
940709120105;131A;O;1;789582516144 8
940709420034E;132;O;1;789582516191 2
941009060385E;133;O;1;789582516882 9
922989390206;134;O;1;789582515128 9
922989390216;135;O;1;789582515129 6
941009060185;136;O;1;789582516867 6
940709060255E;137;O;1;789582516111 0
940709010825E;138;O;1;789582516095 3
922909010835E;139;O;1;789582514028 3
961009010215E;140;O;1;789582518144 6
922909062135;141;O;1;789582514186 0
922909062145E;142;O;1;789582514187 7
922909062155;143;O;1;789582514188 4
922909062165;144;O;1;789582514189 1
922909062175;145;O;1;789582514190 7
922909062185;146;O;1;789582514191 4
922909061535;147;O;1;789582514145 7
922909061545;148;O;1;789582514146 4
922909061555;149;O;1;789582514147 1
922909061565;150;O;1;789582514148 8
922909060895E;151;O;1;789582536799 4
961009060015;152;O;1;789582518151 4
961009060025;153;O;1;789582518153 8
961009060035;154;O;1;789582518155 2
961009060045;155;O;1;789582518157 6
961009060055;156;O;1;789582518158 3
961009060065;157;O;1;789582518160 6
960709060365;158;O;1;789582517502 5
960709060375;159;O;1;789582517503 2
7002966C91;15A;O;1;789004040573 5
960709060385;160;O;1;789582517504 9
960709060395;161;O;1;789582517505 6
960709060405;162;O;1;789582517506 3
960709060415;163;O;1;789582517507 0
922609060055E;164;O;1;789582512660 7
922609060065;165;O;1;789582512661 4
922609060075;166;O;1;789582512662 1
922609060085;167;O;1;789582512663 8
922609060026E;168;O;1;789582512658 4
941209060545;169;O;1;789582517215 4
941209060555;170;O;1;789582517216 1
941209060565;171;O;1;789582517217 8
941209060575;172;O;1;789582517218 5
941209060585;173;O;1;789582517219 2
922909011026E;174;O;1;789582514035 1
940809060015;175;O;1;789582516506 4
940809060025;176;O;1;789582516507 1
940809060035;177;O;1;789582516508 8
960709010095E;178;O;1;789582517465 3
940809060045;178;O;1;789582516509 5
960709060125;179;O;1;789582517477 6
961009010165;180;O;1;789582518141 5
960709000027;181;O;1;789582517458 5
961209060185E;182;O;1;789582518746 2
941009060205;183;O;1;789582516868 3
961209060015;184;O;1;789582518733 2
961209060025E;185;O;1;789582518734 9
961209060035E;186;O;1;789582518735 6
961209060045;187;O;1;260010048799 2
961209060055E;188;O;1;789582518737 0
961209060065E;189;O;1;789582518738 7
922909420145;190;O;1;789582514464 9
922909120975E;191;O;1;789582514256 0
922909120205E;192;O;1;789582514221 8
922909120305E;192A;O;1;789582514228 7
922909120925E;193;O;1;789582514253 9
922909121165;194;O;1;260010046378 1
922909121215E;195;O;1;789582514264 5
922909120535E;196;O;1;789582514234 8
922609120075;197;O;1;789582512671 3
922909120075E;198;O;1;789582514218 8
922509060085;199;O;1;789582512427 6
940709010615;200;O;1;789582516078 6
922509060315;201;O;1;789582512433 7
922909010285E;202;O;1;789582514006 1
922909060135E;203;O;1;789582514091 7
961009110014E;204;O;1;789582518211 5
961009060485;205;O;1;789582518182 8
922909420165E;206;O;1;789582514465 6
940709060265;207;O;1;789582516112 7
960709010145;208;O;1;789582517469 1
940709420205;209;O;1;789582516202 5
941009010215E;210;O;1;789582520002 4
961009010105E;211;O;1;789582518137 8
922909420355E;212;O;1;789582514479 3
941009010235;213;O;1;789582516851 5
941009060415;214;O;1;789582516885 0
961009060325E;215;O;1;789582518176 7
961009060335;216;O;1;789582518177 4
960709010015;217;O;1;789582517459 2
940709010085E;218;O;1;789582516044 1
922909011395E;219;O;1;789582514059 7
940709010335;220;O;1;789582516062 5
961209060335E;221;O;1;789582518760 8
922909010655E;222;O;1;789582514022 1
922909011265E;223;O;1;789582514049 8
922909010275;224;O;1;789582514005 4
922909061945E;225;O;1;789582514171 6
960709010045E;226;O;1;789582517461 5
922909010996E;227;O;1;789582514034 4
922909061765;228;O;1;789582514159 4
961009060475E;229;O;1;789582518181 1
941009060065;230;O;1;789582516860 7
940709120155;231A;O;1;789582516149 3
940709010025E;232;O;1;789582516041 0
940709010865E;232A;O;1;789582516098 4
940709010015;233;O;1;789582516040 3
941209060305E;234;O;1;789582517200 0
941209060295E;235;O;1;789582517199 7
960709060325E;236;O;1;789582517498 1
961009060255;237;O;1;789582518169 9
961009060265;238;O;1;789582518170 5
961009060275;239;O;1;789582518171 2
961009060285;240;O;1;789582518172 9
961009060295;241;O;1;789582518173 6
961009060305E;242;O;1;789582518174 3
961009060315E;243;O;1;260010047326 1
941209060225E;244;O;1;789582517192 8
960709060315E;247;O;1;789582517497 4
940709060515E;248;O;1;789582516126 4
940709060195E;249;O;1;789582516110 3
922909062075E;250;O;1;789582514182 2
922909011096;251;O;1;260010046220 3
940809420025E;252;O;1;789582519972 4
960709060275E;253;O;1;789582517493 6
940789010586;254;O;1;789582516396 1
960709010115;255;O;1;789582517467 7
960709060265E;256;O;1;789582517492 9
922509010086E;257;O;1;789582512415 3
961008610074E;258;O;1;789582518100 2
961208610044E;259;O;1;789582518722 6
941209060595E;260;O;1;789582519514 6
961009420224E;261;O;1;789582518292 4
940809060055E;262;O;1;789582516510 1
961209420015E;263;O;1;789582518796 7
961209420035E;264;O;1;789582518798 1
961209420025E;265;O;1;789582518797 4
961209420045E;266;O;1;789582525220 7
922909061975E;267;O;1;789582514173 0
961008610264E;268;O;1;789582518115 6
623208610314E;269;O;1;789582510121 5
941009390014;269;O;1;789582516924 6
623208610344E;270;O;1;789582510122 2
960709010085;271;O;1;789582537264 6
941009390034;272;O;1;789582516925 3
940708611014E;273;O;1;789582516030 4
941009060225E;274;O;1;789582516869 0
7001355C1E;275;O;1;789582524582 7
940709060185;276;O;1;789582516109 7
7005662R1;277;O;1;789002838450 2
922903290126E;283;O;1;789582513105 2
922903290236E;284;O;1;789582513116 8
922903290136E;285;O;1;789582513106 9
940703290056E;286;O;1;789582515422 8
940703290126E;287;O;1;789582515425 9
940703290036E;288;O;1;789582515420 4
940703290176E;289;O;1;789582515429 7
940703290046E;290;O;1;789582545155 6
960703290036E;291;O;1;789582537180 9
961003290016E;292;O;1;789582517695 4
940703290106E;293;O;1;789582515424 2
940703290026E;294;O;1;789582537549 4
922903290476E;295;O;1;789582513131 1
922903290426E;295A;O;1;789582513127 4
922903290076E;296;O;1;789582513100 7
941003290036E;297;O;1;789582516639 9
7005156C1E;298;O;1;789582531678 7
WF10302;39;O;1;789002839946 9
905410220010E;42A;O;1;789582511275 4
941009010185;001A;P;1;789582516848 5
961009010175;001B;P;1;789582518142 2
922903290206E; 003;P;1;789582513113 7
922903290436E; 008;P;1;789582513128 1
922903290446E; 009;P;1;789582513129 8
922903290536E; 010;P;1;789582513135 9
922900160687;011A;P;1;789582512770 3
922900160697; 012;P;1;789582512771 0
960703290016E; 017;P;1;789582545246 1
940780191056;018A;P;1;789582520077 2
922903290096E; 019;P;1;789582513102 1
905292010123;019B;P;1;789582520066 6
905292010160E;019B;P;1;789010140777 7
940809400024E;019C;P;1;789582520044 4
7006662C91E; 021;P;1;789001140435 4
941009010045; 021;P;1;789582516840 9
961009060095E; 022;P;1;789582518162 0
961009060165E;022A;P;1;789582518167 5
961009060105; 023;P;1;260010047317 9
961009060525E; 024;P;1;789582518186 6
961009390024;024A;P;1;789582518267 2
961009060185; 025;P;1;789582518168 2
961009060955; 026;P;1;789582518209 2
961009060515;026A;P;1;789582518185 9
961009060495; 027;P;1;789582518183 5
940709060635E; 028;P;1;789582516134 9
940709060645E; 029;P;1;260010040726 6
940709060655E; 030;P;1;789582516135 6
941009060315; 031;P;1;789582516876 8
941209060155E;031A;P;1;789582517185 0
941209060215E;031B;P;1;789582517191 1
940709060095E; 032;P;1;789582516104 2
940709060085E; 033;P;1;789582516103 5
940709010915E; 034;P;1;789582524471 4
940709010635E; 034;P;1;789582519953 3
922909011385E; 038;P;1;789582514058 0
940708610174E; 039;P;1;789582515980 3
922903550774E;039A;P;1;789582513313 1
961209060585E;039E;P;1;789582518774 5
961209060595;039F;P;1;789582518775 2
961209060605;039G;P;1;789582518776 9
961209060615;039H;P;1;789582518777 6
961209060625;039I;P;1;789582518778 3
961209060635;039J;P;1;789582518779 0
961209060645;039K;P;1;789582518780 6
961209060655;039L;P;1;789582519519 1
961209060665E;039M;P;1;789582519520 7
961209060675;039N;P;1;789582519521 4
961209060685E;039O;P;1;789582519522 1
961209060695;039P;P;1;789582519523 8
961209060705;039Q;P;1;789582519524 5
961209060715;039R;P;1;789582519525 2
941209060175E;039S;P;1;789582517187 4
961209060465E;039T;P;1;789582518773 8
940709010545; 044;P;1;789582516072 4
940709010555; 045;P;1;789582516073 1
940709010565; 046;P;1;789582516074 8
940709010585E; 048;P;1;789582516076 2
940709010595E; 049;P;1;789582516077 9
940709010655E; 050;P;1;789582516080 9
940709010695E; 051;P;1;789582516084 7
922903290106E; 052;P;1;789582513103 8
922903290616E; 053;P;1;789582513142 7
905292010066E; 054;P;1;789582511113 9
905292080067E; 055;P;1;789582511179 5
704944-5001;055A;P;1;789010135989 2
905292010068E; 056;P;1;789582511115 3
960707010014E; 057;P;1;789582517408 0
905292080020E; 058;P;1;789582511158 0
941000530036E; 059;P;1;789582516583 5
905292080076;059A;P;1;789582511186 3
622609300064; 062;P;1;789582510051 5
940708610834E; 063;P;1;789582516021 2
922508610294E; 063;P;1;789582512400 9
7289JA;063A;P;1;690050280208 6
TR3222;063A;P;1;789950094053 3
RB3199;063A;P;1;789000041095 3
622608613014E; 064;P;1;789582510050 8
922508610434E; 065;P;1;789582512405 4
922508610444E;065A;P;1;789582537305 6
940708610186E; 066;P;1;789582515981 0
940708610204E; 067;P;1;789582515984 1
940708611024E;067A;P;1;789582516031 1
922508610094E; 068;P;1;789582537024 6
940708611034E;068A;P;1;789582516032 8
922608610044E; 069;P;1;789582512650 8
922908610364E;069A;P;1;789582513900 3
922508610124E; 070;P;1;789582512390 3
922508610034E;070A;P;1;789582512386 6
922608610054E; 071;P;1;789582512651 5
961008610334E; 072;P;1;789582536585 3
922908610304E; 073;P;1;789582513896 9
941008610364E;073A;P;1;789582516835 5
922908610694E; 074;P;1;789582513920 1
940708610094E; 075;P;1;789582515972 8
922908611284E; 076;P;1;789582513946 1
940708610116E; 077;P;1;789582515974 2
940708610034E; 078;P;1;789582515967 4
940708610126E; 079;P;1;789582515975 9
940708610104E; 080;P;1;789582515973 5
940708610154E; 081;P;1;789582536752 9
941008610154E; 082;P;1;789582545152 5
961008610394E; 083;P;1;789582518124 8
940708610144E; 084;P;1;789582515977 3
961008610464E; 085;P;1;789582518125 5
922508610264E; 086;P;1;789582512398 9
940808610034E; 087;P;1;789582516490 6
922508610394E; 091;P;1;789582512401 6
922508610424E; 092;P;1;789582512404 7
941007030014E; 094;P;1;789582516767 9
903102030025E; 095;P;1;789582510586 2
R05292080093; 097;P;1;100010015253 0
905292080052E;098A;P;1;789582511169 6
922507800024;100;P;1;789582512355 2
922909300287;101;P;1;789582514375 8
905400150010;103;P;1;789582511246 4
940707020044;104;P;1;260010048023 8
922609010106;105;P;1;789582512656 0
961208610064E;105A;P;1;789582518724 0
961208610024E;107;P;1;789582518720 2
922908611954E;109;P;1;789582513985 0
940708610944E;109A;P;1;789582516024 3
961008610034E;110;P;1;789582518097 5
940708610954E;110B;P;1;789582516025 0
922908611964E;111;P;1;789582513986 7
940708610984E;111A;P;1;789582516027 4
941008610044E;112;P;1;789582516814 0
7003056C1E;112A;P;1;789000540579 4
922908611974E;113;P;1;789582513987 4
940708610064;114;P;1;789582515969 8
940708610196E;115;P;1;789582515983 4
940708610674E;115A;P;1;789582516013 7
940708611004E;116;P;1;789582545180 8
940708610764E;116A;P;1;789582516019 9
632503000055E;117;P;1;789582510184 0
940708610784E;117A;P;1;789582516020 5
632503000065E;118;P;1;789582510185 7
922908611614E;118A;P;1;789582513966 9
961008610134E;119;P;1;789582518104 0
940708610384E;119A;P;1;789582515991 9
940708610264E;120;P;1;789582515988 9
940708610724E;120A;P;1;789582516015 1
922908610084E;121;P;1;789582513879 2
961008610224E;121A;P;1;789582518112 5
940708610744E;122;P;1;789582536664 5
960708610044E;122A;P;1;789582517446 2
922508610134E;135;P;1;789582512391 0
922908610134E;136A;P;1;789582513881 5
922908610474E;137;P;1;789582513907 2
922908610184E;137A;P;1;789582513885 3
922908610704E;138;P;1;789582513921 8
922908611014E;139;P;1;789582513938 6
940708610654E;139A;P;1;789582516012 0
940708610054E;140;P;1;789582515968 1
940708610214E;141;P;1;789582515985 8
922908610294E;141A;P;1;789582513895 2
960708610144E;142;P;1;789582517451 6
940808610044E;142A;P;1;789582516491 3
941008610124;143;P;1;789582516822 5
604010107530E;143A;P;1;789582509831 7
920708610034E;144;P;1;789582512072 8
940808610024E;144A;P;1;789582516489 0
940709010395E;145;P;1;789582516063 2
940709010415E;147;P;1;789582516065 6
940709010435;149;P;1;789582516067 0
940709060565;149A;P;1;789582516129 5
940709010265E;151;P;1;789582516058 8
961009420045E;152;P;1;789582518283 2
941009420025E;152A;P;1;789582516928 4
940709010685E;153;P;1;789582516083 0
940709011015E;154;P;1;789582520064 2
MP31236E;156;P;1;789582519414 9
903100100030;157;P;1;789582510571 8
941208610024E;157A;P;1;789582517165 2
960709730015;158;P;1;260190040906 1
922907220014E;159;P;1;789582519734 8
922907220024E;159;P;1;789010040679 5
92290722024E;159;P;1;789010039021 6
940809070014E;160A;P;1;789582516516 3
940809070024E;160B;P;1;789582516517 0
MP102885200;161;P;1;789582519408 8
940708610754E;161A;P;1;789582516018 2
MP31560;162;P;1;789582519415 6
961008610214E;162A;P;1;789582518111 8
MD302850200;163;P;1;789582519321 0
922508610254E;163A;P;1;789582512397 2
922608610034E;164;P;1;789582512649 2
940808610104E;164A;P;1;789582516493 7
940808610054E;165;P;1;789582516492 0
940808610114E;165A;P;1;789582516494 4
903102030023E;166;P;1;789582510585 5
922508610244E;166A;P;1;789582512396 5
922508610024;166A;P;1;260010045449 9
922609010075E;167;P;1;789582512653 9
941009420015;167A;P;1;789582516926 0
961008610244E;168;P;1;789582518113 2
961008610474E;169;P;1;789582518126 2
922908611844E;169A;P;1;789582513979 9
961008610054E;170;P;1;789582518099 9
961089730054E;171;P;1;260930041028 1
940709390024E;179;P;1;789582516173 8
922909010665E;183;P;1;789582514023 8
960709060426;99B;P;1;789582517508 7
53009080; 001;Q;1;789537203903 0
902403101260E; 001;Q;1;789582510549 7
7001943C1E;001B;Q;1;789582525592 5
7001944C1E;001C;Q;1;789582525593 2
902402202760E; 002;Q;1;789582510540 4
53008080; 002;Q;1;789537203902 3
902403001060E; 003;Q;1;789582510542 8
53005080; 004;Q;1;789537203899 6
902402202761E; 004;Q;1;789582510541 1
902403002860E; 005;Q;1;789582510546 6
902403001500E; 006;Q;1;789582510543 5
50017107; 007;Q;1;789001739882 4
VS5103; 007;Q;1;789001739297 6
902403002900E; 007;Q;1;789582510547 3
902403001900E; 008;Q;1;789582510544 2
602152250025E; 009;Q;1;789582536809 0
620609760024E;009A;Q;1;789582510020 1
7002905C1E; 010;Q;1;789582536636 2
602152200036; 010;Q;1;789582509707 5
622609760014E; 011;Q;1;789582510052 2
L939; 011;Q;1;789005239986 2
NV114; 011;Q;1;789005239460 7
602152200025E;011A;Q;1;789582537027 7
922909760034; 012;Q;1;789582514541 7
602152250030E; 013;Q;1;789582537047 5
602152250022E; 014;Q;1;789582536611 9
602152200022E;014A;Q;1;789582509704 4
922909760014E; 015;Q;1;789582536576 1
922959760014E;015A;Q;1;789582585918 5
961009760024E; 016;Q;1;789582518297 9
602152200030E;016A;Q;1;789582509706 8
602152250018E; 017;Q;1;789582536679 9
602152200020E; 018;Q;1;789582509703 7
903260100008E; 019;Q;1;789582536660 7
603200486005E;019A;Q;1;789582509805 8
903260100011E; 020;Q;1;789582510608 1
BG090; 021;Q;1;170220043056 2
72235690; 021;Q;1;789053712599 3
G13090; 021;Q;1;120220040155 0
603200746204E;021A;Q;1;789582509814 0
41191080; 022;Q;1;789537203119 5
3015; 022;Q;1;789004202387 6
941009770024E;022A;Q;1;789582516952 9
41191180; 023;Q;1;789537203120 1
922983250014; 023;Q;1;789582514917 0
941009010245E;023A;Q;1;789582516852 2
7001604C1; 024;Q;1;789582536570 9
961003250024; 024;Q;1;789582520053 6
41194080; 024;Q;1;789537203124 9
941009420055E;024A;Q;1;789582516931 4
602152250050E;024B;Q;1;789582509713 6
961083250024E; 025;Q;1;789582518377 8
922903450063E; 026;Q;1;789582536790 1
25507080; 026;Q;1;789537207209 9
SA0130113; 026;Q;1;120470043567 7
922903450083E; 027;Q;1;789582537130 4
23508080; 028;Q;1;789537202003 8
SE0130029; 028;Q;1;120170043508 9
922903450053E; 028;Q;1;789582536734 5
23608080; 029;Q;1;789537202352 7
961003450073E; 029;Q;1;789582536730 7
SA0130085; 029;Q;1;120470043566 0
23607080; 030;Q;1;789537202348 0
SE0130083; 030;Q;1;120470043565 3
961003450063E; 030;Q;1;789582536725 3
961203450023; 031;Q;1;789582518593 2
11240B; 031;Q;1;730020190243 5
961203450013E; 032;Q;1;789582518592 5
23738080; 033;Q;1;789537203978 8
940703450043E; 033;Q;1;789582515498 3
1842137C1E; 034;Q;1;789011936404 8
1842138C1;034A;Q;1;789011936410 9
23739080; 035;Q;1;789537203979 5
940703450053E; 035;Q;1;789582515499 0
922983320014; 036;Q;1;789582514920 0
GC0130041; 036;Q;1;120340053345 4
11322080; 036;Q;1;789537204817 9
GC0130037; 037;Q;1;120340263344 2
922503320024; 037;Q;1;789582512186 2
11290080; 037;Q;1;789537204789 9
961083320024; 038;Q;1;789582536738 3
GC0130042; 038;Q;1;120340043346 4
11323080; 038;Q;1;789537204818 6
961283320014E; 039;Q;1;789582536589 1
11090080;039A;Q;1;789537204532 1
940783320024E; 040;Q;1;789582536687 4
GC0130063; 040;Q;1;120340043333 4
11785080; 040;Q;1;789537200214 0
T13522; 041;Q;1;120420040779 2
961003400244E; 042;Q;1;789582517714 2
604931301124E; 043;Q;1;789582509929 1
961007160014E;043A;Q;1;789582517999 3
961283400174E;043B;Q;1;789582525586 4
961203400094;043B;Q;1;789003040683 4
112731080;043C;Q;1;789003439164 8
604931041104E;043D;Q;1;789582537424 4
904931361131E; 044;Q;1;789582536573 0
0302AAV00110N; 044;Q;1;789582525276 4
920507160014E; 045;Q;1;789582512067 4
VB017; 045;Q;1;320200190127 1
920507160015P; 046;Q;1;789005140050 7
3873030; 046;Q;1;789005133407 9
920507160015E; 046;Q;1;789582536638 6
604931041124E;046A;Q;1;789582537256 1
961083400144E; 047;Q;1;789582518383 9
961053400144E; 047;Q;1;789009540826 2
961083400154E; 048;Q;1;789582518384 6
961053400154E; 048;Q;1;789009539825 9
961083400164E; 049;Q;1;789582518385 3
961053400164E; 049;Q;1;789582582090 1
961083400174E; 050;Q;1;789582518386 0
32600B; 050;Q;1;230020190281 2
961053400174E; 050;Q;1;789582582094 9
922909730014E; 052;Q;1;789582514529 5
922909730024E; 053;Q;1;789582514530 1
941009730024; 054;Q;1;789582516940 6
7000685C91; 054;Q;1;789582524467 7
941009730034E;054A;Q;1;789582516942 0
620809740014E; 055;Q;1;789582510037 9
30711B; 056;Q;1;230020280251 7
941209740014E; 057;Q;1;789582517246 8
602201500408E; 058;Q;1;789582509745 7
602201500416E; 059;Q;1;789582509747 1
940704120084E; 060;Q;1;789582515633 8
904015500014E;060A;Q;1;789582510768 2
904015300250E; 061;Q;1;789582510738 5
70180154E; 061;Q;1;789582537528 9
922903270064E; 062;Q;1;789582513098 7
940706530014E; 063;Q;1;789582515834 9
930509820084E; 064;Q;1;789582515171 5
940707860024E; 065;Q;1;789582515922 3
932449770124E; 066;Q;1;789582515181 4
931349770014E; 067;Q;1;789582537110 6
920509770044E; 068;Q;1;789582512069 8
922509770154E; 069;Q;1;789582512522 8
922909770244E; 070;Q;1;789582514551 6
922907870114E; 071;Q;1;789582513741 2
961007160024E;071A;Q;1;789582518000 5
941009120055E; 072;Q;1;789582516896 6
941008610014;072A;Q;1;789582516812 6
961008550054E;072B;Q;1;789582518095 1
602011081030E; 073;Q;1;789582509583 5
940703550064;073A;Q;1;789582515528 7
CMB333;073A;Q;1;789008132819 2
602011081080E;073B;Q;1;789582509586 6
960706050026; 074;Q;1;789582517372 4
602007300835E; 075;Q;1;789582509515 6
940780530196; 076;Q;1;789582525176 7
940780530206;076A;Q;1;789582525175 0
905400350001E; 077;Q;1;789582511256 3
940703550055E;077A;Q;1;789582515527 0
941009730064E; 078;Q;1;789582516944 4
940703100044E; 079;Q;1;789582515407 5
940703100064E; 080;Q;1;789582515409 9
922903520174E; 081;Q;1;789582536684 3
922903400494E; 082;Q;1;789582513188 5
961080190086E; 083;Q;1;789582518344 0
922980192167; 084;Q;1;789582514817 3
922980120047; 085;Q;1;789004815005 7
922903400484E; 086;Q;1;789582513187 8
932136530014; 088;Q;1;260010046738 3
922506200024E; 089;Q;1;789582537640 8
602000501240; 090;Q;1;260010044561 9
1841348C1E; 091;Q;1;789001338140 0
940701220124E; 092;Q;1;789582515336 8
940701220144E; 094;Q;1;789582515338 2
961007860034E; 095;Q;1;789582536797 0
922906400014E; 096;Q;1;789582513604 0
941004730014E; 097;Q;1;789582516694 8
7001400C1E; 098;Q;1;789582536583 9
940707670084; 098;Q;1;260010048031 3
940704650044E; 099;Q;1;789582515672 7
961083400384;099A;Q;1;789582518390 7
961083400394E;099B;Q;1;789582518391 4
7002314C1;099C;Q;1;789582536699 7
961083400414E;099D;Q;1;789582518393 8
961283400144E;099E;Q;1;789003037981 7
952152250025E;09A;Q;1;789582585917 8
940704650025E;100;Q;1;789582515671 0
940804650015E;100A;Q;1;789582516458 6
961004650014E;101;Q;1;789582536912 7
961204650025E;101A;Q;1;789582518639 7
961204650055E;101A;Q;1;789582536165 7
940704650075E;102;Q;1;789582515675 8
961204650015;103;Q;1;789582518638 0
961204650035;103A;Q;1;789582518640 3
961204650045E;103A;Q;1;789582536650 8
630504650015E;104;Q;1;789582510135 2
940704650055E;105;Q;1;789582581322 4
940704650015E;106;Q;1;789582515670 3
940704650065E;107;Q;1;789582515674 1
905400100001;108;Q;1;789582511245 7
961007430015;109;Q;1;789582518019 7
922503600034E;111;Q;1;789582537746 7
602100540080E;112;Q;1;789582509661 0
922503600024E;113;Q;1;789582512229 6
902101711000E;114;Q;1;789582510524 4
602100540060E;115;Q;1;789582509660 3
922603550014E;116;Q;1;789582512616 4
602062100810E;117;Q;1;789582509646 7
940703400194E;118;Q;1;789582515464 8
940704330014E;119;Q;1;789582515656 7
961283400164;120;Q;1;789003039314 1
940704330024E;120;Q;1;789582515657 4
940704330034E;121;Q;1;789582515658 1
932443400174E;122;Q;1;789582515180 7
632703403014E;123;Q;1;789582510216 8
922603400064E;124;Q;1;789582537824 2
602151000084E;125;Q;1;789582509692 4
904043200023E;126;Q;1;789582510790 3
922603550024E;126A;Q;1;789582512617 1
922903550094E;126B;Q;1;789582513282 0
940703400324E;126C;Q;1;789582515472 3
54369041;127;Q;1;721260010850 2
904921100811E;128;Q;1;789582510821 4
960709120025;128A;Q;1;789582517509 4
107776;128B;Q;1;789020038773 4
961203780014E;128B;Q;1;789582518614 4
904921101822E;128C;Q;1;789582510830 6
604920690092E;129;Q;1;789582509888 1
904921101824E;130;Q;1;789582510831 3
940708610074E;131;Q;1;789582515970 4
922903400744E;132;Q;1;789582536853 3
602060401615E;132A;Q;1;789582509621 4
602160310060E;132B;Q;1;789582509725 9
602160310120E;133;Q;1;789582509728 0
940704120044E;133A;Q;1;789582515629 1
904921101418E;133B;Q;1;789582510827 6
602150100084E;134;Q;1;789582509684 9
620804330024;135;Q;1;789582510025 6
620804330034E;136;Q;1;789582510026 3
940709500034E;136A;Q;1;789582516207 0
922604330014E;137;Q;1;789582512619 5
940703400394E;137A;Q;1;789582515476 1
940704120064E;138;Q;1;789582515632 1
940703420034E;139;Q;1;789582515492 1
602201521630E;139A;Q;1;789582509760 0
952152250022E;14;Q;1;789004840245 3
940703420044E;140;Q;1;789582515493 8
902101711002E;140A;Q;1;789582536784 0
930503420044E;141;Q;1;789582515160 9
922903420084;141;Q;1;789000041022 9
904921101218E;141A;Q;1;789582510826 9
904921101016E;142;Q;1;789582510825 2
922903500504E;143;Q;1;789582536691 1
902101710802E;143A;Q;1;789582510523 7
940704620024E;144;Q;1;789582515665 9
904921100814E;144A;Q;1;789582510823 8
932113400014E;145;Q;1;789582537400 8
940703510034E;145A;Q;1;789582515518 8
940703510064E;145B;Q;1;789582515520 1
940709910024E;146;Q;1;789582516233 9
905794120016E;147;Q;1;789582511562 5
940703270044E;148;Q;1;789582515415 0
940704710194E;149A;Q;1;789582515685 7
13A1475C;150;Q;1;590270020093 1
922953400204E;151;Q;1;789003040065 8
13X1575;151;Q;1;789002732921 4
922903400204E;151;Q;1;789582513176 2
961206530014E;151A;Q;1;789582518678 6
602011081020E;151B;Q;1;789582509581 1
940808530014E;151C;Q;1;789582537553 1
961283400134E;151D;Q;1;789009538731 4
941088530504E;151D;Q;1;789582521490 8
922903400214E;152;Q;1;789582513177 9
922953400214E;152;Q;1;789582581488 7
940703100034E;152A;Q;1;789582515406 8
71085AN;152B;Q;1;789000240544 5
940808530034E;152B;Q;1;789582519598 6
922953400234E;153;Q;1;789582581489 4
922903400234E;153;Q;1;789582513178 6
940704600054;153A;Q;1;260010047935 5
922953400244E;154;Q;1;789009540685 5
922903400244E;154;Q;1;789582513179 3
961288530014;154A;Q;1;789582521747 3
7001035C2E;154A;Q;1;789582530485 2
961203500014E;155;Q;1;789582518595 6
961203400124;155;Q;1;260300040864 7
602002721035E;155A;Q;1;789582509440 1
54370867;156;Q;1;720020040776 7
922906530024E;156A;Q;1;789582513651 4
54371247;157;Q;1;720020040777 4
940758530144E;157;Q;1;789000240479 0
71129PAK;157;Q;1;730020041388 8
602007300825;157B;Q;1;789582509513 2
922903550744E;157C;Q;1;789582513311 7
940788530334;158;Q;1;789582521652 0
71128NA;158;Q;1;789000238828 1
940708530154E;158;Q;1;789582515945 2
71947NA;158A;Q;1;789000137216 8
941088530434E;159;Q;1;789582517055 6
54340096;159A;Q;1;720020040844 3
941088530414E;160;Q;1;789582517053 2
941088530324E;160A;Q;1;789582517044 0
71933NA;160A;Q;1;789000240678 7
71534AN;161;Q;1;130020041013 5
941088530464E;161;Q;1;789582517058 7
71930AG;161;Q;1;730020041395 6
71930NA;161A;Q;1;789854428801 4
606902050504E;161A;Q;1;789582509959 8
54350990;161A;Q;1;720020040224 3
602007301065E;161A;Q;1;789582509521 7
941058530394E;161A;Q;1;789000240750 0
941088530394E;161A;Q;1;789582517051 8
941088530444E;162;Q;1;789582517056 3
941088530514;162;Q;1;789582519992 2
71229NA;163;Q;1;789854428892 2
922988531454E;163;Q;1;789582515082 4
54307290;163;Q;1;720020040215 1
70010303;163;Q;1;789000137710 1
941088530454E;163A;Q;1;789582517057 0
941008530644E;163B;Q;1;789582520037 6
54311190;164;Q;1;720020040835 1
71228NA;164;Q;1;789854430142 3
71228AG;164;Q;1;730020041390 1
71228CB;164;Q;1;789000238790 1
922988531424E;164;Q;1;789582515079 4
922988531474E;165;Q;1;789582515084 8
71432NA;165;Q;1;789000240557 5
71233NA;166;Q;1;789000238484 9
922988531624E;166;Q;1;789582515099 2
940708610084E;166A;Q;1;789582515971 1
71968AG;167;Q;1;730020041399 4
71434AN;167;Q;1;130020041011 1
922988531414E;167;Q;1;789582515078 7
71968NA;167;Q;1;789854428880 9
940708530184E;168;Q;1;789582515948 3
71080AN;168;Q;1;130020041009 8
54383267;168;Q;1;720020050709 2
71134NA;168;Q;1;789000238425 2
940703400104E;168A;Q;1;789582515459 4
940703580064E;169;Q;1;789582515547 8
922909420675E;169A;Q;1;789582514486 1
922903510194E;169B;Q;1;789582513259 2
940703500094E;170;Q;1;789582515505 8
940703400404E;170A;Q;1;789582515477 8
940703520054E;170B;Q;1;789582515523 2
904015800010E;170C;Q;1;789582510781 1
70180238E;170D;Q;1;789006039065 3
922908630034E;171;Q;1;789582513991 1
940709120056;171A;Q;1;789582516142 4
903222050205E;171B;Q;1;789582510599 2
902002420830E;171B;Q;1;789582510472 8
902002420855E;171C;Q;1;789582510477 3
941209120094E;171D;Q;1;789582517226 0
922903400284E;172;Q;1;789582513183 0
922903408144E;172A;Q;1;260010045792 6
922903400274E;173;Q;1;789582513182 3
940709770024E;173A;Q;1;789582516224 7
905950100151E;173B;Q;1;789582511573 1
905413310031E;174;Q;1;789582511380 5
940708530224E;175;Q;1;789582537609 5
922503510094E;175A;Q;1;789582512214 2
940703520034E;176;Q;1;789582536953 0
902002420865E;176A;Q;1;789582510479 7
940753520054E;176A;Q;1;789582549171 2
902002420835E;176B;Q;1;789582510473 5
630507870114;177;Q;1;260010044874 0
602011001050E;178;Q;1;789582509551 4
922503510084E;178A;Q;1;789582512213 5
940703300254E;179;Q;1;789582515444 0
941088530334E;179A;Q;1;789582536720 8
71943NA;179A;Q;1;789854400438 6
602002600845E;180;Q;1;789582509401 2
922503550104E;181;Q;1;789582512218 0
602002720820E;181A;Q;1;789582509436 4
602002600825E;182;Q;1;789582545397 0
922909820174E;182A;Q;1;789582514568 4
922909420825E;182B;Q;1;789582514494 6
920503510044E;183;Q;1;789582512066 7
922909400084E;184;Q;1;789582514450 2
602002721440E;184A;Q;1;789582509446 3
940703500254E;184A;Q;1;789582515514 0
940704210025E;185;Q;1;789582515646 8
940703400294E;185A;Q;1;789582515469 3
YS652L410AA;186;Q;1;789001738542 8
961009420015;186;Q;1;789582518279 5
604920100610E;187;Q;1;789582509861 4
940703400094E;187A;Q;1;789582515458 7
604920100812E;188;Q;1;789582509862 1
602007721211E;188A;Q;1;789582509527 9
940788550144E;189;Q;1;789582516390 9
905685090133;190;Q;1;789582511442 0
602000521228;190A;Q;1;789582509374 9
602007101255E;191A;Q;1;789582537699 6
71238NA;191B;Q;1;789854400160 6
922988531644E;191B;Q;1;789582515101 2
602007041450E;193;Q;1;789582509496 8
940789400086;193A;Q;1;789000137720 0
602201100818E;193B;Q;1;789582509739 6
602201101020E;193C;Q;1;789582509740 2
602000521640E;194;Q;1;789582509378 7
71135NA;194A;Q;1;789000238427 6
71004KB;195;Q;1;789000238426 9
71005KB;195;Q;1;789000234615 1
905419051271E;196;Q;1;789582511393 5
961006370024E;196A;Q;1;789582517914 6
922909820284;197;Q;1;789582514569 1
961006370014E;197A;Q;1;789582517913 9
941088530354;198;Q;1;260010047017 8
71945NA;198;Q;1;789000238829 8
905490309002E;198;Q;1;789582511408 6
941088530554E;198;Q;1;789582520006 2
961007220016E;199;Q;1;789582518001 2
961008610014;199A;Q;1;789582518096 8
902002421025E;199B;Q;1;789582510483 4
941009120064E;200A;Q;1;789582516897 3
602002721060E;200B;Q;1;789582509442 5
602011001035E;201;Q;1;789582509548 4
604960102000E;202;Q;1;789582509931 4
CNV053;202A;Q;1;690520580120 6
904043300820E;202B;Q;1;789582510792 7
902002421035E;202C;Q;1;789582510485 8
902002421040E;202D;Q;1;789582510486 5
602002600816E;203;Q;1;789582537320 9
602031210308E;203A;Q;1;789582509600 9
940789400034;204;Q;1;260010048248 5
602007001640E;204A;Q;1;789582509482 1
940709400105E;205;Q;1;789582516182 0
602007101250E;205A;Q;1;789582537525 8
602007101285E;205B;Q;1;789582509502 6
940709400115E;206;Q;1;789582516185 1
940806400014E;206A;Q;1;789582516472 2
940709400116E;207;Q;1;789582516186 8
940806400024E;207A;Q;1;789582516473 9
940709400094E;208;Q;1;789582516181 3
940709400117;208A;Q;1;789582516187 5
902002421045E;209;Q;1;789582536620 1
902002431010E;210;Q;1;789582510497 1
940703500054E;210A;Q;1;789582515504 1
604043400008E;211;Q;1;789582509845 4
602007300816E;212;Q;1;789582509511 8
941003300034E;212A;Q;1;789582516649 8
922903270054E;213;Q;1;789582513097 0
602007001635E;213A;Q;1;789582509481 4
904015500025E;214;Q;1;789582510773 6
7001885C1E;214A;Q;1;789000135606 9
904015500027E;215;Q;1;789582510774 3
940703000046E;215A;Q;1;789582515405 1
961008550034E;215B;Q;1;789582518093 7
904015500030E;215C;Q;1;789582510775 0
940706050044E;215D;Q;1;789582515705 2
903260100005E;215E;Q;1;789582536968 4
961008550044E;215F;Q;1;789582518094 4
961008530124E;216;Q;1;789582518069 2
922903400264E;216A;Q;1;789582513181 6
961003400254E;217;Q;1;789582517715 9
961006370174E;217A;Q;1;789582517922 1
940700850014E;218;Q;1;789582515294 1
961006370184E;218A;Q;1;789582517923 8
602007300830E;219;Q;1;789582509514 9
922506370624E;220;Q;1;789582512312 5
922904730024E;220A;Q;1;789582513489 3
922903520014E;221;Q;1;789582513267 7
940706530024E;221A;Q;1;789582515835 6
622603403014E;222;Q;1;789582537586 9
922904730034E;222A;Q;1;789582513490 9
602011001235E;223;Q;1;789582509554 5
602201500406E;224;Q;1;789582509744 0
602007300840E;224A;Q;1;789582509516 3
B302A;225;Q;1;789005932240 5
940707870054;225;Q;1;789582515924 7
25507180;226A;Q;1;789537206773 6
906907255250E;226A;Q;1;260010045308 9
602011080830E;227;Q;1;789582509579 8
602007001040E;227A;Q;1;789582509468 5
604042320030E;228;Q;1;789582509836 2
7004461C2E;228A;Q;1;789010636993 3
940809400045;228A;Q;1;789582516526 2
602002601011E;228B;Q;1;789582509410 4
922909820304E;229;Q;1;789582514570 7
940709120146;229A;Q;1;789582516148 6
922903270044E;230;Q;1;789582513096 3
922983390024E;231;Q;1;789582514921 7
904015300440E;232;Q;1;789582510741 5
904015500035E;232A;Q;1;789582510776 7
904015300380E;233;Q;1;789582510740 8
602007301040E;233A;Q;1;789582509518 7
602007301050E;234A;Q;1;789582509519 4
905410500085E;235;Q;1;789582511281 5
960709120064E;235A;Q;1;789582517512 4
922903550084E;236;Q;1;789582513281 3
602002611011E;236A;Q;1;789582509431 9
960703390014E;237;Q;1;789582536631 7
960753390014E;237;Q;1;789000040997 1
3321A003E;237A;Q;1;789582502204 6
602060601415E;238;Q;1;789582509631 3
602061102021E;238A;Q;1;789582509639 9
922909720034E;239A;Q;1;789582514528 8
960704110024;240A;Q;1;789582517351 9
922903400294E;241;Q;1;789582513184 7
961009400114;241A;Q;1;789582518276 4
7002933C1E;241A;Q;1;789582536726 0
961003400114E;241B;Q;1;789582536659 1
602002600890E;241C;Q;1;789582509409 8
905652020128;241D;Q;1;260010045264 8
602002600880E;241E;Q;1;789582509408 1
961009400066E;241F;Q;1;789582518271 9
71905KB;242;Q;1;789000240418 9
71904KB;242;Q;1;789000239594 4
940703100054E;242A;Q;1;789582515408 2
940704100104E;243;Q;1;789582515625 3
940703600034E;243A;Q;1;789582515549 2
602201500414E;244;Q;1;789582509746 4
902100830080E;244A;Q;1;789582510520 6
940703510024E;245;Q;1;789582515517 1
922209910014E;246;Q;1;789582512092 6
922903550524E;246A;Q;1;789582513305 6
602007301055E;247;Q;1;789582509520 0
940706370244E;247A;Q;1;789582515768 7
961080190076E;248;Q;1;789582518343 3
960703390044E;248A;Q;1;789582517316 8
961004110024E;249;Q;1;789582517808 8
602002721435;249A;Q;1;260010047519 7
922903600034E;249B;Q;1;789582513325 4
940704120104E;250;Q;1;789582515635 2
940706370074E;250A;Q;1;789582515750 2
940709750024E;250B;Q;1;789582516221 6
602002601030E;250C;Q;1;789582509414 2
960709750024E;251;Q;1;789582517524 7
940703300314E;252;Q;1;789582515448 8
940703400064;253;Q;1;789582515456 3
602002601035E;253A;Q;1;789582509415 9
940703400054E;254;Q;1;789582515455 6
602002601025E;254A;Q;1;789582509413 5
602002601040E;254B;Q;1;789582509416 6
602002601045E;254C;Q;1;789582509417 3
602002601070E;255;Q;1;789582509420 3
922903450044E;256;Q;1;789582513226 4
940706370084E;256A;Q;1;789582537689 7
940704710134E;257;Q;1;789582515682 6
940703500044E;257A;Q;1;789582515503 4
602007300820E;258;Q;1;789582509512 5
602002600820E;259;Q;1;789582509396 1
602000501045E;259A;Q;1;789582509347 3
940703410054E;260;Q;1;789582515487 7
602002600835E;261;Q;1;789582509399 2
940807430015E;261A;Q;1;789582516484 5
940703400334E;262;Q;1;789582515473 0
922903408964E;262A;Q;1;789582513211 0
940706400075E;263;Q;1;789582515818 9
602000501665E;263A;Q;1;789582509363 3
960703500014E;264;Q;1;789582517324 3
903202056303E;264A;Q;1;789582510592 3
961009120094E;264A;Q;1;789582518216 0
941007430014E;264B;Q;1;789582516772 3
961006900314E;264C;Q;1;789582517978 8
922903270034E;264D;Q;1;789582513095 6
961089400086E;264E;Q;1;789582536626 3
922903270024E;265B;Q;1;789582513094 9
710081CB;266;Q;1;789000240668 8
71020AG;266;Q;1;789000232669 6
960708530054E;266A;Q;1;789582517433 2
71121NAK;266A;Q;1;730020041344 4
941088530344E;267;Q;1;789582517046 4
71932AG;267;Q;1;730020041341 3
71932NA;267;Q;1;789854428048 3
602002601085E;267A;Q;1;789582509421 0
960708530074E;268;Q;1;789582517435 6
922908530754E;269;Q;1;789582513814 3
922908530704E;269A;Q;1;789582513809 9
961008530284E;269B;Q;1;789582518084 5
602150100105E;269C;Q;1;789582509685 6
922908531104E;269D;Q;1;789582513839 6
54360216;270A;Q;1;720020040837 5
922909400205E;270B;Q;1;789582514455 7
941006370014E;271A;Q;1;789582516723 5
71163NA;271B;Q;1;789000238350 7
941003500034E;271C;Q;1;789582516652 8
940703510044E;271D;Q;1;789582515519 5
940703580066E;271E;Q;1;789582515548 5
902002421070E;271F;Q;1;789582510489 6
602007101235E;271F;Q;1;789582509498 2
902002421050E;271G;Q;1;789582510488 9
940703500174E;271H;Q;1;789582515508 9
940703510114E;271I;Q;1;789582536996 7
941006370024E;271L;Q;1;789582516724 2
71020NA;272;Q;1;789000236095 9
941208530054E;272A;Q;1;789000240542 1
940788530304;272A;Q;1;789582521674 2
71120NA;273;Q;1;789000239593 7
960708530104E;273;Q;1;789582517438 7
960708530064E;274;Q;1;789582517434 9
71120CB;274;Q;1;789000232565 1
54369743;274;Q;1;720020040774 3
54369750;274;Q;1;720020040206 9
71071CB;275;Q;1;130020041002 9
54369643;275;Q;1;720020040205 2
940708530084E;275;Q;1;789582515941 4
941008520024;275;Q;1;789582516781 5
940708530054E;275A;Q;1;789582515938 4
941088530364E;276A;Q;1;789582517048 8
961003550154E;277;Q;1;789582517757 9
941088530304E;277A;Q;1;789582517042 6
940709730095;277B;Q;1;789582516213 1
940703550114E;277C;Q;1;789582515530 0
940703400254E;277D;Q;1;789582515466 2
961088530464E;278A;Q;1;789582521480 9
922908531134;278A;Q;1;260010046075 9
48895CV;278B;Q;1;730020021474 4
961088530414E;278D;Q;1;789582518504 8
922988531444E;279;Q;1;789582515081 7
54311290;279;Q;1;720020040216 8
71630NA;279;Q;1;789000237771 1
961058530564E;279B;Q;1;789000040884 4
48373CV;279B;Q;1;789854427662 2
961008530214E;279B;Q;1;789582518077 7
48373AI;279B;Q;1;130020020412 3
961088530564E;279B;Q;1;789000238698 0
941208530034E;279C;Q;1;789582517161 4
7001941C1E;279D;Q;1;789582537396 4
940704660054;279D;Q;1;789582515676 5
961008530194E;279E;Q;1;789582518075 3
54313890;280;Q;1;720020040524 4
904015301140E;280A;Q;1;789582510751 4
941208530014E;280B;Q;1;789582517160 7
922908531334E;280C;Q;1;789582513860 0
71020CB;280D;Q;1;789854428083 4
922908531274E;280E;Q;1;789582513854 9
71816AG-BI;281;Q;1;730020041380 2
54310696;281;Q;1;720020040523 7
71816AN;281;Q;1;130020040226 0
71816F;281;Q;1;789000040885 1
960704120074E;282A;Q;1;789582517355 7
602007001225E;282B;Q;1;789582509475 3
604920600262E;282C;Q;1;789582509886 7
TC1007;282D;Q;1;789009439063 6
VC132D;282D;Q;1;789000040990 2
TC1074A;282D;Q;1;789009439751 2
907205732126E;282D;Q;1;789582511675 2
87325790;283;Q;1;720020040788 0
71816AG;283;Q;1;730020041379 6
71870AN;283;Q;1;130020040224 6
922903520114E;284A;Q;1;789582513274 5
922903520124E;284B;Q;1;789582513275 2
904921102026E;284C;Q;1;789582510833 7
602002601020E;284D;Q;1;789582509412 8
922680130336;287;Q;1;789582512677 5
602007001230E;287D;Q;1;789582509476 0
71222NAK;288;Q;1;789000237425 3
922908531144E;288;Q;1;789582513843 3
904015300570E;288A;Q;1;789582510743 9
940708530034;289;Q;1;789582515937 7
922988531464E;289;Q;1;789582515083 1
71232NA;289;Q;1;789000240293 2
922980131246;289;Q;1;789582514708 4
71951NAK;289A;Q;1;789000239174 8
922980131256;290;Q;1;789582514709 1
902002421230E;290B;Q;1;789582510493 3
922980131266;291;Q;1;789582514710 7
922980131276;292;Q;1;789582514711 4
922980131226;293;Q;1;789582514706 0
71240NA;293A;Q;1;789000040955 1
961080130156;295;Q;1;789582518329 7
961280130036;297;Q;1;789582518810 0
961280130016;298;Q;1;789582518808 7
54310690;298;Q;1;720020040522 0
32807B;299;Q;1;230020040341 9
31407B;300;Q;1;230020040340 2
71101SC;300;Q;1;130020040200 0
71101U;300;Q;1;730020041307 9
54307800;301;Q;1;720020040506 0
71201SC;301;Q;1;130020040195 9
622608540084;301;Q;1;260020040042 6
71102NA;302;Q;1;130020040193 5
54364904;302;Q;1;720020040513 8
71941NAK;303;Q;1;789000238352 1
R7002280C1E;303A;Q;1;789009537095 8
71639NA;304;Q;1;789000238349 1
54370967;304;Q;1;720020050771 9
71073FF;304;Q;1;130020041003 6
71118NA;305;Q;1;789000237535 9
940708540074;306;Q;1;789582515954 4
71835NA;306A;Q;1;789000238702 4
922988531684E;306A;Q;1;789582515105 0
7002676C1E;306B;Q;1;789002139619 9
54395800;307;Q;1;720020340849 5
960708610014;307A;Q;1;789582517443 1
71263;308;Q;1;730020191529 9
54307316;308;Q;1;170020040894 9
71263NA;308;Q;1;789000238351 4
54338917;309;Q;1;720020040198 7
54353216;310;Q;1;720020040202 1
961008530204;311;Q;1;260010011123 1
54351417;311;Q;1;720020040200 7
922908531844E;313;Q;1;789582537387 2
54324141;314;Q;1;720020040526 8
960709770024E;314;Q;1;789582517526 1
54353441;315;Q;1;720020040772 9
54393740;316;Q;1;720020050671 2
71076BO;316;Q;1;130020040999 3
54393840;317;Q;1;720020050672 9
S26510;321;Q;1;120150191192 8
71601SC;35A;Q;1;130020040198 0
602201500614E;57A;Q;1;789582509751 8
20370OL; 001;R;1;789004832242 3
61042010;001A;R;1;789537215171 8
3000001211; 003;R;1;789001638412 5
6203100330; 003;R;1;789000040966 7
618004310; 003;R;1;789001632243 1
6203100090; 003;R;1;789001639128 4
3000001168; 003;R;1;789001639473 5
61042210;003A;R;1;789537215172 5
R30711S; 004;R;1;230200280662 7
61044010;004A;R;1;789537215178 7
25660010 STD; 005;R;1;789537204260 3
75660510; 006;R;1;470470010604 3
53001010; 007;R;1;789537203895 8
R22455N; 008;R;1;230410280657 6
R23510V; 009;R;1;230410280661 3
25650510; 010;R;1;789537204258 0
25650010; 011;R;1;789537204255 9
25621510; 012;R;1;789537204158 3
25621210; 013;R;1;789537204157 6
GC0700090; 014;R;1;120340053330 0
3013; 014;R;1;789003439326 0
12549010; 014;R;1;789537205321 0
72549210; 015;R;1;470340280535 3
12549210; 015;R;1;789537205323 4
GC0700093 STD1; 016;R;1;120340283635 5
12725910; 016;R;1;789537205372 2
SE0700116; 017;R;1;120470283559 8
25615010 STD; 017;R;1;789537201552 2
12248910; 018;R;1;789537205306 7
12248610; 019;R;1;789537205305 0
12248510; 020;R;1;789537205304 3
12248410; 021;R;1;789537205303 6
12145911; 022;R;1;789537205258 9
12146110; 023;R;1;789537200939 2
12146210 010; 024;R;1;789537205261 9
12146310; 025;R;1;789537205262 6
12145910; 026;R;1;789537205257 2
12145310; 027;R;1;789537200928 6
12145210; 028;R;1;789537205250 3
12145110; 029;R;1;789537205249 7
T70727; 030;R;1;120420281633 2
41026010; 030;R;1;789537203083 9
11026010; 030;R;1;470420280538 3
41026110; 031;R;1;789537203084 6
41026210; 032;R;1;789537203085 3
539;032A;R;1;789263700539 7
41026310; 033;R;1;789537203086 0
BP7HS;033A;R;1;171050281300 6
61044210;034A;R;1;470350280675 5
5735; 035;R;1;789006932305 8
1865836M1; 035;R;1;170010013307 1
D49A; 035;R;1;789006940616 4
560; 036;R;1;789000432244 3
DYVW13;036B;R;1;170970282495 0
12146710; 038;R;1;789537205266 4
12145510; 039;R;1;789537205253 4
 0539913; 040;R;1;170600281704 0
9295080041; 041;R;1;170970010016 2
SE0700126; 042;R;1;120470283564 2
25621010; 042;R;1;789537204156 9
25620510; 043;R;1;789537204155 2
25620210; 044;R;1;789537204154 5
25620010; 045;R;1;789537204153 8
SA0700124; 045;R;1;789004730560 1
GC0700095 STD;045A;R;1;120340283636 2
12757010;045A;R;1;789537206444 5
25615510; 046;R;1;789537201554 6
25616010; 047;R;1;789537204147 7
25616210; 048;R;1;789537204148 4
25616510; 049;R;1;789537204149 1
GE0700088 STD2;049A;R;1;120340283638 6
12248010;049A;R;1;789537205300 5
12145010;049B;R;1;789537205248 0
GA0700070 STD1;049B;R;1;120340283632 4
12248310; 050;R;1;789537205302 9
12248210; 051;R;1;789537200981 1
12248110; 052;R;1;789537205301 2
GC0700084 STD1; 053;R;1;120340283634 8
GC0700084010; 053;R;1;120340053331 7
12238910; 053;R;1;789537205299 2
12146010;053A;R;1;789537205259 6
GE0700075;053A;R;1;120340283717 8
12146410; 054;R;1;789537205263 3
12146510; 055;R;1;789537205264 0
12146610; 056;R;1;789537205265 7
GE0700075 STD2; 057;R;1;120340283637 9
12146910; 057;R;1;789537200947 7
12164010;057A;R;1;789537205272 5
GC0700080;057A;R;1;120170283504 7
12725010; 058;R;1;789537205368 5
GC0700093; 058;R;1;120170283505 4
22434B; 060;R;1;230020280074 2
BPR5EY; 061;R;1;171050010601 8
QA151;061A;R;1;170020163098 1
41026510; 062;R;1;789537203087 7
41369035; 063;R;1;789537203147 8
R22410P; 065;R;1;230410280651 4
BP5HS;065A;R;1;171050281299 3
1500538; 067;R;1;789018232245 7
1500537; 068;R;1;789018232246 4
CGD200NP; 069;R;1;170180281325 4
30201; 071;R;1;170010013385 9
 0614370000; 071;R;1;789009732306 8
74402; 072;R;1;789007032307 8
3520530320; 072;R;1;170700013432 0
J9003; 073;R;1;170010010386 9
25619510; 074;R;1;789537204152 1
25619210; 075;R;1;789537204151 4
25619010; 076;R;1;789537204150 7
SE0700123; 076;R;1;789241557889 1
25618510; 077;R;1;789537201560 7
SE0700119; 078;R;1;120470283560 4
25617010; 078;R;1;789537201555 3
25617510; 079;R;1;789537201557 7
SA618; 080;R;1;400470280010 0
25618010; 080;R;1;789537201558 4
SA0700120; 080;R;1;120470283561 1
25618210; 081;R;1;789537201559 1
12238710; 082;R;1;789537205297 8
12238310; 083;R;1;789537205293 0
12238210; 084;R;1;789537205292 3
12164910; 085;R;1;789537205281 7
12146911; 086;R;1;789537205269 5
12164210; 087;R;1;789537205274 9
12164310; 088;R;1;789537205275 6
12164610; 089;R;1;789537205278 7
CAA367; 091;R;1;280160280857 9
70993758E; 091;R;1;789582508611 6
CAA1001;091A;R;1;789000032247 8
SA100015; 092;R;1;789002434671 9
PA1096 STD; 093;R;1;120150193202 2
R22411V; 094;R;1;230200280653 5
RT6243NP; 095;R;1;170590281179 0
304792000; 096;R;1;789003034157 9
SL70100 STD; 096;R;1;789241555049 1
L70100; 096;R;1;120240281849 1
78635600; 096;R;1;789053710277 2
AEVW10; 096;R;1;789000137516 9
AETO18; 096;R;1;789003039010 2
AE100J STD; 096;R;1;120240282594 9
SL70100 025; 097;R;1;789476603966 3
AEVW10025; 097;R;1;789003037493 5
370100 050; 098;R;1;120240282469 0
L70100 050; 098;R;1;789002432248 5
02845BRAGF; 098;R;1;789004125868 2
09300BREF; 099;R;1;789125209300 0
09321BREF; 099;R;1;789004140500 0
232890010;100;R;1;789004737049 4
A45000 STD;101;R;1;789476604830 6
A45000 010;102;R;1;789476604831 3
M42459 STD;103;R;1;789476604186 4
B45164 STD;104;R;1;789476601501 8
MMVT23671K;107;R;1;789001733473 0
R755;108;R;1;789008132923 6
VKC5062;109;R;1;789005932309 9
A59329 100;110;R;1;789241563435 1
1106;112;R;1;789009932250 2
3998052;113;R;1;789004632251 7
GA0480001 STD;114;R;1;120340023837 3
11002048;114;R;1;789537204472 0
111086070;115;R;1;789537211851 3
 0549152171;116;R;1;170600011153 9
12164110;117;R;1;789537205273 2
11759070;117;R;1;789537206307 3
9474PO;117;R;1;590270390068 5
25622070;118;R;1;789537204159 0
800039440 100;118A;R;1;789003037988 6
25622570;119;R;1;789537204160 6
M48544 STD;119;R;1;789241539382 1
77915600;120;R;1;789000639294 9
79389620;120;R;1;789000640376 8
BCH13;120;R;1;789000639478 3
77939610025;120;R;1;789000640595 3
U5MB0025;120;R;1;789000639373 1
53007070;120;R;1;789537203901 6
BCTO18;120;R;1;789000639008 2
M48544 025;120;R;1;789241539383 8
25649030;121;R;1;789537206785 9
53006070;122;R;1;789537203900 9
3324;123;R;1;789013532308 1
25624570;124;R;1;789537204164 4
1101800355;125;R;1;251160020060 1
25624070;125;R;1;789537204163 7
EMA7713 STD;126;R;1;789003033491 5
25623570;127;R;1;789537204162 0
B48324 025;128;R;1;789241539371 5
SB538025;128;R;1;789000040969 8
T402620;128;R;1;789000639372 4
SB552;128;R;1;789000639472 1
79389600;128;R;1;789000639293 2
25623070;128;R;1;789537204161 3
GA0480033 0.05;129;R;1;120340023715 4
3863EB;130;R;1;789001737366 1
800051340;131;R;1;789003039048 5
11200070;132;R;1;789537200271 3
T59879;133;R;1;120420191582 1
41634030;134;R;1;789537206604 3
EMA7721 STD;135;R;1;789003036201 7
111765045;136;R;1;789001740592 8
111764045;136;R;1;789001740593 5
11322180;136;R;1;789003439444 1
111102070;136;R;1;789537210075 4
112742064;136;R;1;789001740499 0
GC0250097 STD;136;R;1;120340323833 2
LN7243050;137;R;1;789003036200 0
11317070;138;R;1;789537204811 7
GC0250039 STD;138;R;1;120340323830 1
GC0250040 STD;139;R;1;120340323831 8
 0401194511;140;R;1;691670280095 1
A59600 STD;141;R;1;789476607375 9
03044BREF;141A;R;1;789125203044 9
8PK2205;142;R;1;170270482749 3
7364;142;R;1;789002740713 4
800060240 050;143;R;1;789053710130 0
111922070;144;R;1;789003435506 0
800065040;145;R;1;789003039047 8
800065040000;146;R;1;789003039175 8
11608020;147;R;1;789537207373 7
RDFI18;147;R;1;789004136216 7
GC0480053;147;R;1;120340023583 9
11574020;148;R;1;789537200836 4
11575020;149;R;1;789537205165 0
13A1325C;154;R;1;590270020074 0
13A0875C;155;R;1;590270020073 3
8PK2295GB;156;R;1;590270020056 6
6PK1600GB;157;R;1;590270020055 9
 000007014208;158;R;1;170010010128 5
 07553;158;R;1;250630020249 9
 05213;159A;R;1;251160020277 3
 0169978248;160;R;1;170300013214 4
 09630;160;R;1;789003035327 5
5346;161;R;1;710690020001 4
360004001R;161;R;1;789006532253 6
RT6526NP;161;R;1;170590322590 9
A59320 050;162;R;1;789476601209 3
GA0480033;163;R;1;120340023341 5
11288020;163;R;1;789537204777 6
GE0480031;164;R;1;120340023587 7
11265020;164;R;1;789537204757 8
 06310;165;R;1;250480020248 3
3529970020;165;R;1;170520010033 6
GE0480044;166;R;1;120340023588 4
11524020;166;R;1;789537205095 0
25647030;167;R;1;789537206783 5
11197020;168;R;1;789537200260 7
11526020;169;R;1;789537205097 4
25646030;170;R;1;789537206782 8
GE0480026;171;R;1;120340023342 2
11232020;171;R;1;789537204702 8
 071805016202;172;R;1;171320051222 6
11044020;173;R;1;789537204528 4
GA0480007;174;R;1;120340023335 4
11043020;174;R;1;789537200113 6
25648030;175;R;1;789537206784 2
GC0480030;176;R;1;120340023582 2
11260020;176;R;1;789537204752 3
11184020;177;R;1;789537204589 5
GA0480013 STD;177;R;1;120340023838 0
11185020;178;R;1;789537204591 8
GE0480014;178;R;1;120340023586 0
23539020;179;R;1;789537207117 7
SA0480070;179;R;1;120470023552 9
SA0480056;180;R;1;120470023549 9
23527020;180;R;1;789537202122 6
24959520;181;R;1;789537206435 3
SE0480032;182;R;1;120470023545 1
23511020;182;R;1;789537207088 0
SE0590129 STD;183;R;1;120470193836 8
23530020;184;R;1;789537202150 9
23990020;184;R;1;789537200867 8
SA0480059;184;R;1;120470023550 5
SE0480063;185;R;1;120470023551 2
23531020;185;R;1;789537202158 5
05266BRAGF;186;R;1;510410320174 8
23550020;187;R;1;789537202262 9
SE0480044;188;R;1;120470023548 2
23516020;188;R;1;789537202051 9
SE0480092;189;R;1;120470023558 1
23655020;189;R;1;789537202433 3
SA0480090;190;R;1;120470023557 4
23654020;190;R;1;789537202427 2
23654120;190A;R;1;789004733318 5
23549020;191;R;1;789537202255 1
SA0480079;191;R;1;120470023554 3
23514020;192;R;1;789537202030 4
SA0480033;192;R;1;120470023546 8
23548020;193;R;1;789537202247 6
SA0480074;193;R;1;120470023553 6
SA0480087;194;R;1;120470023556 7
23651020;194;R;1;789537202408 1
DA7351 STD;195;R;1;789003036199 7
SE0480080;196;R;1;120470023555 0
23559020;196;R;1;789537202271 1
23515120;197;R;1;789537202041 0
K31;197A;R;1;570440750021 1
BC123 125;198;R;1;789000634879 3
3937111;199;R;1;170410481561 2
198636160;199;R;1;789004139384 0
3921927;199;R;1;789004132303 8
09250BREF;200;R;1;789125209250 8
3284377;201;R;1;170430481558 0
3352815;202;R;1;789002232254 8
3941476;203;R;1;580220480012 8
C364100;203;R;1;789003032613 2
BC123 150;204;R;1;789000634880 9
3931623;205;R;1;170420481556 7
3900250;206;R;1;789007532255 7
22614B;207;R;1;230020280083 4
30718B;208;R;1;230020280253 1
10676;209;R;1;251160020390 9
3431807075;209;R;1;789009332417 5
11206030;210;R;1;789537204639 7
GC0590020;210;R;1;120340053334 8
GC0700038;211;R;1;120170283503 0
11300010;211;R;1;789537204796 7
GC0590060;212;R;1;120340193834 0
11763030;212;R;1;789537206261 8
20131;213;R;1;789267700565 4
E68000;214;R;1;120150162735 5
11810030;215;R;1;789537205513 9
S68100;216;R;1;120150161649 6
S94000;217;R;1;120150601646 8
05287GRGH;217A;R;1;510410190120 6
97348600;218;R;1;789053713238 0
97349610 050;219;R;1;789001537124 9
16018;219A;R;1;789267700390 2
6055AA;220;R;1;170350481540 6
BB426J STD;221;R;1;789000632304 2
6211AA;221;R;1;170060481822 1
PSC410;222;R;1;789002832256 6
JFA0438;222;R;1;789002839486 0
9155DA;222;R;1;170280481546 8
D8PK1420;223;R;1;590270040050 8
GONIOMETRO;223A;R;1;230010010865 0
50009123;223A;R;1;789053712802 4
VA0590180;224;R;1;120170193601 1
VS5294;224;R;1;789001736169 9
P1088;225;R;1;170230023892 1
23508180;225A;R;1;789537202005 2
23507180;225B;R;1;470470040392 0
800067640000;227;R;1;789003039176 5
NV085;227A;R;1;789005237443 2
NV319;227A;R;1;789005239403 4
K60;228;R;1;570440520041 0
AT3098;229;R;1;789001037794 9
JC26040/3;230;R;1;120020190643 2
11701FPSD;230;R;1;789000235591 7
61301SC;230;R;1;130020291513 3
JC26040/4;231;R;1;120020191358 4
BC211MT STD;232;R;1;789000634848 9
20063;233;R;1;789267700488 6
25644030;233A;R;1;789537206780 4
T166;234;R;1;789002940101 7
20004;235;R;1;789267700424 4
33000B;235A;R;1;230020190284 3
BB777 050;236;R;1;789000634822 9
S59570 STD;237;R;1;120150053164 6
BC220J 050;238;R;1;690060190298 4
L25125 STD;238;R;1;120240323461 0
M26220 050;238;R;1;789476604172 7
77661620 050;238;R;1;789053710581 0
L59105 015;239;R;1;120240192395 0
M26325 STD;240;R;1;789476604177 2
77665600 STD;240;R;1;789053710595 7
L59060 030;241;R;1;120240191396 8
L59060 015;242;R;1;789476603950 2
79244610;243;R;1;789002434196 7
79244600 STD;244;R;1;789053710355 7
B26196 025;245;R;1;789476601465 3
77658610;245;R;1;789053710564 3
VA0590172;246;R;1;120170193605 9
L59010 STD;247;R;1;789476603943 4
B26196 100;248;R;1;789476601468 4
77658650;248A;R;1;789000636483 0
77660600 STD;249;R;1;789053710575 9
VA0590179;249;R;1;120170193580 9
50017870;249;R;1;789053711581 9
VS4765;250;R;1;789001736170 5
50017856;251;R;1;789053711571 0
77660630 075;252;R;1;789053710578 0
B26197 075;252;R;1;789476601473 8
50017855;253;R;1;789053711570 3
VS4764;254;R;1;920170190005 2
VS5862;254;R;1;789000041035 9
50017854;255;R;1;789053711569 7
VS4763;256;R;1;920170190006 9
50017816;257;R;1;789053711536 9
3814AC;258;R;1;789001736816 2
50017815;259;R;1;789053711535 2
77664600;260;R;1;789053710589 6
77664610;260;R;1;789053710590 2
B26397 025;260;R;1;789476601488 2
B26397 050;261;R;1;789476601489 9
50017801;262;R;1;789053711526 0
VA0590044;264;R;1;120170053233 7
50017797;264;R;1;789053711523 9
33010B;264A;R;1;230020190286 7
50017796;265;R;1;789053711522 2
33100B;265A;R;1;230020190287 4
50017795;266;R;1;789053711521 5
33110B;266A;R;1;230020190289 8
RA1297;267;R;1;789001736159 0
RA1168;267;R;1;789001736164 4
VA0590170;267;R;1;120170193603 5
33111B;267A;R;1;230020190301 7
VS1205;268;R;1;789001738114 7
3037EP;269;R;1;340170010212 9
50017747;270;R;1;789053711473 7
7000206001;271;R;1;789002332257 8
16693;271;R;1;789002339750 7
B26496 STD;272;R;1;789476601492 9
B26496 025;273;R;1;789476601493 6
B26496 050;274;R;1;789476601494 3
VE0590092;275;R;1;789239104100 6
50017729;275;R;1;789053711455 3
50017708 STD;276;R;1;789053711434 8
VA0590094;276;R;1;120170053230 6
BB228MT 075;277;R;1;789000634836 6
B59228 075;277;R;1;120060191557 7
77787620;278;R;1;789053710509 4
B59228 050;278;R;1;120060191556 0
BB228MT 050;278;R;1;789000634835 9
77787610;279;R;1;789053710508 7
M59710 075;279A;R;1;789241589311 6
50004683;280;R;1;789053712902 1
50004684;281;R;1;789053712903 8
M59708 100;282;R;1;789476604412 4
RE1213;283A;R;1;789001736162 0
M59708 075;284;R;1;789476604411 7
77788620 050;285;R;1;789053710514 8
JSU184 050;286A;R;1;789002236821 8
JSU084;286A;R;1;789002239624 2
BC241 150;287;R;1;789000634885 4
77617640;288;R;1;789053710353 3
77617630;289;R;1;789053710352 6
77617600 STD;290;R;1;789053710349 6
BC241MT STD;291;R;1;789000634849 6
M59123 100;292;R;1;789476604331 8
M59123 025;293;R;1;789476604325 7
23111044;293A;R;1;789537205935 9
VT20771;293A;R;1;789005539061 3
BC123 STD;294;R;1;789000634881 6
M59123 STD;295;R;1;789476604323 3
DA6583 050;296;R;1;789003036203 1
SA0590049;297;R;1;120170193507 6
A59300 050;297;R;1;789476601206 2
23563030;298;R;1;789537202287 2
23564030;299;R;1;789537202294 0
92376030;299A;R;1;789537203549 0
K26040;300;R;1;120160190928 3
64113301;300A;R;1;720010190067 1
JM26040/3;300A;R;1;120020190926 6
40749620;301;R;1;789001538994 7
97208600;301A;R;1;789001537270 3
AT3097;302;R;1;789001037779 6
97468620;302A;R;1;789001539161 2
S26060;302A;R;1;120150191190 4
61091030;302A;R;1;789537216523 4
97505600 STD;302A;R;1;789053712041 7
E26060;302A;R;1;120150191371 7
S59310 100;303;R;1;120150012415 2
PS4456 100;304;R;1;789001535071 8
A59009 075;305;R;1;789003032204 2
61447035;306;R;1;789003539385 6
UC979 020;306;R;1;560350190033 3
61445015;306;R;1;789003539292 7
C329600 STD;306A;R;1;789003035211 7
11625L;307;R;1;789000237607 3
02511BRAGF;309;R;1;510410190068 1
PS4501 100;309;R;1;789001535070 1
PS4728 050;310;R;1;690150190182 4
33011B;310;R;1;230020190300 0
02116BAP;310;R;1;789125202116 4
A59840 050;311;R;1;789241547228 1
A59020;312;R;1;120300191491 1
E6NN627AA;313;R;1;340220190060 3
D6NN9278A;313;R;1;341130190014 7
303571;313;R;1;789005539696 7
800064440050;313A;R;1;789003036703 6
800060140100;313B;R;1;789053710126 3
A59109 100;314;R;1;120300323538 0
800067340050;315;R;1;789003038733 1
BC218 075;316;R;1;789000634949 3
81876796;317;R;1;340750190106 0
2710637;318;R;1;170460013358 6
7001043LP;319;R;1;789004638987 9
2730961;319;R;1;170460013365 4
E26500;320;R;1;120150191373 1
93737700;320;R;1;280150190558 4
K26500;320;R;1;120160190946 7
S26500;320;R;1;120150191191 1
97159960;320;R;1;789053710958 0
JM26040/4;320A;R;1;120020191360 7
64113181;320A;R;1;720020190755 6
61606F1SCR;320B;R;1;730020191018 8
61516NA;321;R;1;789000237421 5
C26060;321A;R;1;120350023731 3
UC979 STD;322A;R;1;000009054283 1
UC4578 020;322A;R;1;789003534863 4
C26040;322A;R;1;120350192446 5
VS1118;323;R;1;789001712095 1
50017709 STD;323;R;1;789053711435 5
E59110 075;324;R;1;120150192002 9
44010010;324A;R;1;789000040945 2
44016040;324A;R;1;789004240650 1
IND3002;324A;R;1;789004239893 6
IND4503;324A;R;1;789004239097 8
50017731;325;R;1;789053711457 7
RE2116;325A;R;1;789001736155 2
50017750;326;R;1;789053711476 8
AE0440 STD;326;R;1;789002434964 2
RA2115;326A;R;1;789001736149 1
50017751;327;R;1;789053711477 5
83990584;327;R;1;280040190850 3
390655;327A;R;1;789002140052 0
83956276;327A;R;1;690040190195 8
S59100 100;328;R;1;120150012020 8
E59110 050;329;R;1;120150192727 1
50017804;330;R;1;789053711527 7
E59110 100;331;R;1;120150192003 6
97181600;332;R;1;789053711936 7
50017820;333;R;1;789053711540 6
S59500;334;R;1;120150191050 1
61607F2SCR;335;R;1;730020191022 5
64111061;335;R;1;720020190834 8
64111081;337;R;1;720020190831 7
10490;337;R;1;789000233448 6
SAE100PSTD;96;R;1;789002435308 3
71928NA; 06;S;1;789000235265 7
71227NA; 07;S;1;789854427120 7
922988531434E; 07;S;1;789582515080 0
71950NA; 08;S;1;789854428078 0
961258530184E; 08;S;1;789000240241 3
71987NT; 08;S;1;789000240471 4
941058530384E; 09;S;1;789000240208 6
71927NA; 09;S;1;789854427146 7
961088530494E;10;S;1;789582519966 3
71012CB SC;11;S;1;130020040143 0
71506US;12;S;1;730020051288 8
71401U;13;S;1;730020041310 9
71026 CB;14;S;1;730020041328 4
940751450084;15;S;1;789007639803 2
MM900001;16;S;1;789582525602 1
71616NA;17;S;1;789854427130 6
71127PP;18;S;1;730020041386 4
940788530284;18;S;1;789000238386 6
71929NA;19;S;1;789000239964 5
71511U;20;S;1;789000238424 5
84331191;22;S;1;720020010699 8
922988531514E;22;S;1;789582515088 6
961288530194E;23;S;1;789000238167 1
71949NA;23;S;1;789000236715 6
71115NA;24;S;1;789854427110 8
940708530014E;24;S;1;789582515936 0
71816NABI;25;S;1;789854430150 8
71816NA;26;S;1;789854429261 5
71606SCR;27;S;1;789854426827 6
71306CBSC;28;S;1;130020040148 5
71406US;28;S;1;730020041078 8
71916NA;32;S;1;789854427141 2
941088530374E;32;S;1;789582536574 7
71917NA;33;S;1;789854427142 9
961058530354E;33;S;1;789582536895 3
71716;34;S;1;789000239494 7
922988531804E;34;S;1;789582536639 3
71116NA;35;S;1;789000235255 8
940708530234E;36;S;1;789582515950 6
922988531774E;37;S;1;789582515114 2
604931040753E; 001;U;1;789582509905 5
904931070221E; 002;U;1;789582510847 4
904931070821E; 003;U;1;789582510860 3
604931060353E; 004;U;1;789582509913 0
904931070801E; 005;U;1;789582510859 7
940788550094E; 006;U;1;789582516389 3
904931070311E; 007;U;1;789582545311 6
940708550064E; 008;U;1;789582515958 2
940708550104E; 009;U;1;789582515961 2
904931360251E; 010;U;1;789582510872 6
904931370801E; 011;U;1;789582510879 5
604931070431E; 012;U;1;789582509920 8
604931170281E; 013;U;1;789582509926 0
904931460583E; 014;U;1;789582537099 4
604931060243E; 015;U;1;789582509912 3
604931060443E; 016;U;1;789582509915 4
904931360781E; 017;U;1;789582510875 7
904931071061E; 018;U;1;789582537522 7
604931070921E; 019;U;1;789582537181 6
604931060204E; 020;U;1;789582537529 6
904931170501E; 021;U;1;789582510870 2
904931071031E; 022;U;1;789582510862 7
904931460531E; 023;U;1;789582510881 8
904931460771E; 024;U;1;789582537434 3
604931080605E; 025;U;1;789582509925 3
904931460411E; 026;U;1;789582537588 3
604931040423E; 027;U;1;789582509902 4
904931070131E; 028;U;1;789582537987 4
604931070322E; 029;U;1;789582509919 2
904931072091E; 030;U;1;789582510865 8
604931470601E; 031;U;1;789582509930 7
604931060405E; 032;U;1;789582509914 7
604931070172E; 034;U;1;789582509917 8
604931070851E; 035;U;1;789582509922 2
604931070871E; 036;U;1;789582509923 9
604931050803E; 037;U;1;789582509909 3
604931170731E; 038;U;1;789582509928 4
604931041405E; 039;U;1;789582509908 6
604931070682E; 040;U;1;789582509921 5
604931170603E; 041;U;1;789582509927 7
7004118C1E; 042;U;1;789003036761 6
904931070861; 042;U;1;789582510861 0
604931040703E; 043;U;1;789582509904 8
904931070061E; 044;U;1;789582510841 2
904931060281E; 045;U;1;789582510839 9
604931040062E; 046;U;1;789582509898 0
604931040293E; 047;U;1;789582509901 7
940708550054E; 048;U;1;789582515957 5
961008550014E; 049;U;1;789582518092 0
604931040143E; 050;U;1;789582509899 7
604931040203; 051;U;1;789582509900 0
7002604C1E; 051;U;1;789582525531 4
904931070071E; 052;U;1;789582510842 9
904931060241E; 053;U;1;789582536676 8
904931070671E; 054;U;1;789582510856 6
7004117C1E; 055;U;1;789003036760 9
904931070781; 055;U;1;789582510858 0
904931171251E; 056;U;1;789582510871 9
904931070582E; 057;U;1;789582510854 2
940708550084E; 058;U;1;789582515960 5
604931000202E; 059;U;1;789582509891 1
941208550034E; 060;U;1;789582517164 5
604921202026E; 001;V;1;789582509890 4
3363A;001A;V;1;789003039497 1
3363;001A;V;1;789003039496 4
940809910014E; 002;V;1;789582516528 6
606500100006E; 003;V;1;789582509944 4
941009750014E; 004;V;1;789582516948 2
7006236C1; 005;V;1;789005539642 4
940804120044E; 005;V;1;789582516453 1
940703400444E; 006;V;1;789582515478 5
620809010065E; 007;V;1;789582510033 1
961200850014E; 008;V;1;789000040984 1
940700850074E; 008;V;1;789582515297 2
961200850024E; 008;V;1;789000040925 4
602160310080E; 009;V;1;789582509726 6
602160310100E; 010;V;1;789582509727 3
940786370354; 011;V;1;789582516364 0
940786370364E; 012;V;1;789582516365 7
940786370374; 013;V;1;789582516366 4
940786370384E; 014;V;1;789582516367 1
941003000056E; 015;V;1;789582536848 9
941009750024E; 016;V;1;789582516949 9
41022478; 017;V;1;789001739476 5
603050100016E; 017;V;1;789582509783 9
1620236; 017;V;1;789003039088 1
931333400034E; 018;V;1;789582515174 6
940803400014E; 019;V;1;789582516432 6
961203300014E; 020;V;1;789582536826 7
961084320072E; 021;V;1;789582518475 1
961084320062E; 022;V;1;789582518474 4
940704120024E; 023;V;1;789582515628 4
922909750014E; 025;V;1;789582514534 9
922909750024E; 026;V;1;789582514535 6
630809500064; 027;V;1;789582510160 4
961004330044; 028;V;1;789582517840 8
940706370744E; 029;V;1;789582515797 7
602160100080E; 030;V;1;789582509717 4
904931060262E; 031;V;1;789582510838 2
940703420054E; 032;V;1;789582515494 5
604043400010E; 033;V;1;789582509846 1
905559211001E; 034;V;1;789582511410 9
961004330064E; 035;V;1;789582517842 2
606500100005E; 036;V;1;789582509943 7
941208550014E; 037;V;1;789582517163 8
960703550014E; 038;V;1;789582517331 1
922903270014E; 039;V;1;789582513093 2
923203100044E; 040;V;1;789582515144 9
7002851C1E; 041;V;1;789582525153 8
961208550014E; 042;V;1;789582526067 7
7002746C1E; 043;V;1;789582536919 6
7002285C1E; 044;V;1;789582545249 2
904931070051E; 045;V;1;789582537431 2
906913500001E; 046;V;1;789582511657 8
602060501010E; 047;V;1;789582509625 2
922906230255E; 048;V;1;789582513531 9
DSC5016;050A;V;1;789000140328 2
DS1450;050A;V;1;789000138607 3
961008610044E;050A;V;1;789582518098 2
7005214C1E;050A;V;1;789007539397 7
922908550044E; 051;V;1;789582513872 3
904015420022E; 053;V;1;789582510754 5
602062101615E; 054;V;1;789582509649 8
960703550044E; 055;V;1;789582517332 8
940806370015; 056;V;1;789582516466 1
604920101824E; 057;V;1;789582509873 7
940703400454E; 058;V;1;789582515479 2
904931160481E; 059;V;1;789582510869 6
904931070631E; 060;V;1;789582510855 9
904921102227E;49;V;1;789582510834 4
922901400135;;W;1;789582512921 9
VB057;;W;1;789613390026 2
F1903W3;;W;1;170510013105 8
7008023R91;;W;1;789002038903 1
960701400026;;W;1;789582517294 9
922901400245;;W;1;260010040694 8
940701450084E;;W;1;789582515360 3
940701450096; 001;W;1;789582515361 0
940703500024E; 001;X;1;789582536923 3
602000120860E;001A;X;1;789582509309 1
604043400006E; 002;X;1;789582509844 7
602100540100E;002A;X;1;789582509662 7
602002600830E; 003;X;1;789582509398 5
602002600612E; 004;X;1;789582509387 9
902100830100E;004A;X;1;789582510521 3
602002921070E; 005;X;1;789582537597 5
902007711270E;005A;X;1;789582510510 7
961203500024E; 006;X;1;789582536609 6
940703500194E;006A;X;1;789582515510 2
961003500094E; 007;X;1;789582517741 8
922903500514E; 008;X;1;789582537185 4
961003530014E; 009;X;1;789582536607 2
602007001255E;009A;X;1;789582509479 1
940703500014E; 010;X;1;789582536270 8
940703580044E; 011;X;1;789582536863 2
961003580014E; 012;X;1;789582536907 3
602002600625E; 013;X;1;789582537943 0
961203500034E; 014;X;1;789582518597 0
940703530014E; 015;X;1;789582515525 6
940703580046E; 016;X;1;789582536969 1
940803530014E; 017;X;1;789582516435 7
940803500014E;08A;X;1;789582516434 0
602011001020; 001;Y;1;789582509545 3
602007001670E;001A;Y;1;789582509487 6
940703500114E; 002;Y;1;789582537381 0
922903510014E; 003;Y;1;789582513250 9
602011001025E;003A;Y;1;789582537246 2
602007001665E; 004;Y;1;789582509486 9
602011081025E;004A;Y;1;789582537148 9
922903510024E; 005;Y;1;789582537293 6
940703500034E;005A;Y;1;789582536555 6
602011020860E; 006;Y;1;789582509562 0
602011001090E;006A;Y;1;789582509553 8
602000500845E; 007;Y;1;789582509339 8
602011001030E;007A;Y;1;789582509547 7
602000501055E; 008;Y;1;789582509349 7
602011001060E;008A;Y;1;789582509552 1
602000500835E; 009;Y;1;789582509337 4
602011001045E;009A;Y;1;789582509550 7
602000501430; 010;Y;1;789582509356 5
961003610024E;010A;Y;1;789582517763 0
602000500818; 011;Y;1;789582509335 0
602000501025E; 012;Y;1;789582509344 2
602000500840E; 013;Y;1;789582509338 1
602002721270E; 014;Y;1;789582509444 9
602000500850E; 015;Y;1;789582509340 4
602007721250E; 016;Y;1;789582509528 6
8101SA;182;K;1;789002239057 8
905292010093; 074;P;1;260010047668 2
