Cód.Original;Baia;;Nível;Cód.Barras
36821118;178;;2;100020051215 9
70026CB; 002;A;2;730020051149 2
4203193; 003;A;2;100020050847 3
4203193R; 003;A;2;789582508675 8
70526CB; 003;A;2;789000240453 0
42100BR/8; 004;A;2;230020050019 4
70506SCR; 004;A;2;789000234613 7
70107CS; 004;A;2;789000233141 6
4203194R; 004;A;2;100020054870 7
4203194; 004;A;2;100020052639 2
JJM70912931; 004;A;2;789582519264 0
70406SCR; 004;A;2;789854428829 8
70912931; 004;A;2;720020050030 7
70626CB; 005;A;2;789854427096 5
70910831; 005;A;2;720910190684 3
4203195; 005;A;2;100020050959 3
4203196; 006;A;2;100020052640 8
70426CB; 006;A;2;130020050059 1
70308SCR; 008;A;2;789854426778 1
JM57260/4; 008;A;2;120020050255 0
4236229R; 008;A;2;100010015158 8
4236229; 008;A;2;100020052714 6
60913031; 008;A;2;720020050013 0
70308CB SC; 008;A;2;130020050016 4
70207EFPSD; 009;A;2;789000220078 1
4236232; 009;A;2;100020050323 2
70327B; 009;A;2;789000217536 2
60912981; 009;A;2;720020050011 6
70306SCR; 009;A;2;730020031073 6
41700B/5; 009;A;2;230020060018 4
JM57220/4; 009;A;2;120020050280 2
70326CB; 010;A;2;789354801415 7
4236234; 011;A;2;100020050321 8
4236234R; 011;A;2;789582519740 9
70310SCR; 011;A;2;730020031076 7
JM57240/4; 011;A;2;120020050249 9
4236196RE; 011;A;2;789582519995 3
60910151; 011;A;2;720020050008 6
4236235; 012;A;2;100020050356 0
70309CB SC; 012;A;2;130020050018 8
U5LB1167E; 012;A;2;789582508501 0
U5LB1163E; 013;A;2;789582508532 4
60913439; 014;A;2;720020050014 7
635870E; 014;A;2;789582500730 2
JM57700/6; 014;A;2;120020050553 7
7005374R91E; 014;A;2;789582531680 0
70706SCR; 014;A;2;789000235276 3
70706US; 014;A;2;730020051113 3
S4040; 015;A;2;100020059730 9
70305SCR; 015;A;2;789000232434 0
70305CB SC; 015;A;2;130020050024 9
70304CB NA; 015;A;2;130020050019 5
70309SCR; 015;A;2;730020051075 4
JJM70914733; 015;A;2;789582519269 5
JM57280/6; 017;A;2;120020050275 8
60913761; 017;A;2;720020040845 0
70913261; 017;A;2;720020050779 5
70206SCR; 017;A;2;730020051087 7
70206US; 017;A;2;730020051086 0
6354128; 017;A;2;789582501576 5
7005375R91; 018;A;2;789582531131 7
70207SCR; 018;A;2;730020191091 1
JJM70913761; 018;A;2;789582519267 1
6354132; 018;A;2;789582501579 6
60913763; 020;A;2;720020300847 3
70208CB SC; 021;A;2;130020050034 8
70913813; 021;A;2;720020050038 3
6354135; 021;A;2;789582501582 6
6357136; 022;A;2;100020050935 7
60912881; 022;A;2;720020050658 3
70907SCR; 022;A;2;789000234614 4
JM57600/6; 023;A;2;120020050353 3
70906CB SC01; 023;A;2;130020050973 0
JJM70912881; 023;A;2;789582519263 3
60913021; 023;A;2;720020050012 3
70906UC; 023;A;2;730020051114 0
6357133; 023;A;2;100020052655 2
HS504; 024;A;2;789582508449 5
60923439; 024;A;2;720020050019 2
HS505;024A;A;2;789582508450 1
HS506;024B;A;2;789582508451 8
HS507;024C;A;2;789582508531 7
70011SCR; 025;A;2;789000237420 8
70011U; 025;A;2;730020051135 5
315202; 025;A;2;100020058020 2
R7001566C91E; 025;A;2;789582530565 1
42495B/8; 025;A;2;230020050468 0
420495B8; 025;A;2;779396002697 7
70011CB RV; 025;A;2;130020050041 6
315202R; 025;A;2;789582507475 5
70930361; 026;A;2;720020050047 5
3152161; 026;A;2;100020058037 0
3152161R; 026;A;2;789582537611 8
70910361; 026;A;2;720020050028 4
70111CB SC; 026;A;2;789000232282 7
70490329RE; 026;A;2;789582521324 6
420302; 027;A;2;100020052624 8
42195B/8; 027;A;2;230020050463 5
420302R; 027;A;2;789582508702 1
60912931; 027;A;2;720020050010 9
70511SCR; 027;A;2;789000238155 8
R7001562C91E; 027;A;2;789582530880 5
70606CB SC01; 027;A;2;130020050431 5
70411U; 027;A;2;730020051143 0
70611CARV; 028;A;2;789000232762 4
70611U; 028;A;2;730020051145 4
41595B/8; 028;A;2;230020050448 2
420311R; 028;A;2;789582508715 1
420311; 028;A;2;100020052627 9
R7001568C91E; 028;A;2;789582525696 0
410595B8; 028;A;2;779396002890 2
70932791; 028;A;2;720020050048 2
70611SCR; 028;A;2;789000232431 9
70611CB RV; 028;A;2;130020050432 2
423692R; 029;A;2;789582519709 6
423692; 029;A;2;100020052381 0
70311U; 029;A;2;730020051139 3
70315SCR; 029;A;2;789000232430 2
70315SC; 029;A;2;730020051566 7
70315U;029A;A;2;730020051142 3
HS051R; 031;A;2;789582508413 6
70105SCR; 032;A;2;730020030670 8
60914763; 032;A;2;720020050017 8
70105US; 032;A;2;730020051084 6
70934731; 033;A;2;720020050055 0
70412U; 033;A;2;789000238787 1
70313SCR; 033;A;2;789000232432 6
70412SCR; 033;A;2;789000235209 1
P4056; 033;A;2;789582519975 5
60914753; 033;A;2;720020050016 1
U5LT0196; 034;A;2;789582508505 8
U5LT1202E;034A;A;2;789582508677 2
HS052; 035;A;2;789582507074 0
HS052R; 035;A;2;100020339425 7
S4031;035A;A;2;100020059728 6
U5LT0203E;035B;A;2;789582508507 2
HS053; 036;A;2;789582507073 3
JJM70914773; 037;A;2;789582519271 8
HS051; 037;A;2;789582506944 7
; 04;A;2;730020051108 9
70406UC; 04;A;2;789000234612 0
S1006; 040;A;2;789582508476 1
60914053; 041;A;2;720020050707 8
U5LT0178E; 041;A;2;789582506463 3
70933761; 041;A;2;720020050053 6
60933761; 041;A;2;720020050022 2
40495B; 042;A;2;230020050442 0
635416; 042;A;2;789582500652 7
70211SCR; 042;A;2;789000232455 5
70211U; 042;A;2;730020051138 6
70106EFPSD; 042;A;2;789125280085 1
635470; 043;A;2;789582500677 0
6354109; 044;A;2;789582501569 7
635415; 045;A;2;100020052552 4
S4030;045A;A;2;100020059726 2
7005382R91; 046;A;2;789000236977 8
70912U; 046;A;2;789000236283 0
635752E; 046;A;2;789582500703 6
70911U; 046;A;2;730020051147 8
70933021; 046;A;2;720020050051 2
70911CB SC; 046;A;2;130020050435 3
70913021; 046;A;2;720020050033 8
70711CB SC; 047;A;2;130020050434 6
635801E; 047;A;2;789582500710 4
70711UC; 047;A;2;789000238754 3
70711U; 047;A;2;730020051146 1
70711CB RV; 047;A;2;130020050972 3
42095B; 047;A;2;230020050460 4
70012CB SC; 048;A;2;130020050457 5
315205R; 048;A;2;789582508536 2
315205; 048;A;2;100020058023 3
3152162; 049;A;2;100020058039 4
70112CB SC; 049;A;2;789000232283 4
3152162R; 049;A;2;789582508609 3
R7001572C91E; 049;A;2;789582537838 9
7008349R91;049A;A;2;789000240370 0
HS119;049A;A;2;789582508448 8
420308R; 050;A;2;789582507601 8
420309R; 051;A;2;789582508695 6
420309; 051;A;2;100020050916 6
HS079; 052;A;2;789582508425 9
HS025;052A;A;2;789582500461 5
420310; 053;A;2;100020051904 2
41600BR/7; 054;A;2;230020050450 5
423607; 054;A;2;100020050801 5
R7001565C91E; 054;A;2;789000235593 1
60914773; 055;A;2;720020050018 5
43001B; 055;A;2;230020300292 3
7005379R91E; 055;A;2;789582543864 9
73006SCR; 055;A;2;730020051121 8
423668; 056;A;2;100020052744 3
423668RE; 056;A;2;789582519927 4
423617RE; 057;A;2;789582519766 9
423617; 057;A;2;100020050692 9
70207EF3; 057;A;2;510020020073 8
423618; 058;A;2;100020052654 5
70310CBSC; 058;A;2;130020050147 5
423618RE; 058;A;2;789582519944 1
4236113RE;058A;A;2;789582519914 4
7005429R91; 059;A;2;789582532123 1
HS076;059A;A;2;789582508422 8
HS078;059B;A;2;789582508424 2
U5LB0153P; 060;A;2;789000125767 0
U5LB0383M; 060;A;2;789000240387 8
70114; 060;A;2;730020051137 9
U5LB0155; 060;A;2;100020053559 2
U5LB0153; 060;A;2;100020059751 4
P4006; 061;A;2;789582500491 2
P4057; 061;A;2;789000235892 5
R7001563C91E; 061;A;2;789582526112 4
U5LB1327E;061A;A;2;789582508630 7
S4011; 062;A;2;789582500522 3
70934730; 063;A;2;720020050054 3
HS001; 063;A;2;789582500440 0
U5LB0151; 064;A;2;100020059750 7
U5LB1164E; 064;A;2;789582508632 1
SAB80378; 065;A;2;789000041102 8
4203144R; 065;A;2;100020054425 9
635414; 066;A;2;789582500650 3
S1008; 067;A;2;789582508478 5
70914011; 067;A;2;720020050039 0
HS077;067A;A;2;789582508423 5
635485; 068;A;2;100020052617 0
635435; 069;A;2;789582500660 2
635472; 070;A;2;100020052582 1
6354110; 071;A;2;789582501570 3
635704; 072;A;2;100020053043 6
635738; 073;A;2;100020051916 5
635802E; 074;A;2;789582500711 1
70490791E; 075;A;2;789582507944 6
70490792E;075A;A;2;789582507945 3
70490793E;075B;A;2;789582507946 0
70490815E;075C;A;2;789582507949 1
36812332; 076;A;2;100020053269 0
JC57100/3; 077;A;2;120020050884 2
70490181; 077;A;2;100020051179 4
41505; 078;A;2;230020050932 6
70490742E; 078;A;2;789582508634 5
41508B; 078;A;2;230020050477 2
JC57120/4; 078;A;2;120020040521 9
50911701; 078;A;2;720020050060 4
70601U; 078;A;2;730020051130 0
410508; 078;A;2;130020031610 9
70601CA; 078;A;2;789354805385 9
70490147; 078;A;2;100020051190 9
70601SC; 078;A;2;130020050044 7
410607; 079;A;2;789000232200 1
70301OR; 079;A;2;130020050053 9
41607B; 079;A;2;230020050479 6
50965504; 079;A;2;789000215493 0
36812349; 079;A;2;170020052038 2
JC57200/4; 079;A;2;120020040520 2
70490304E; 079;A;2;789582536814 4
70001CASC; 080;A;2;789000232536 1
3681E021; 080;A;2;100020053934 7
50911509; 080;A;2;789000215473 2
70001U; 080;A;2;730020051122 5
70490417; 080;A;2;789582519770 6
70001SC; 080;A;2;789000207161 9
40508B; 080;A;2;230020050473 4
70490825E; 081;A;2;789582508743 4
50953304; 081;A;2;789000215489 3
70302OR; 081;A;2;130020050051 5
70304U; 081;A;2;730020051127 0
JC57300/4; 081;A;2;120020050260 4
7008115R1E;081A;A;2;789582549889 6
70490296E; 082;A;2;789582507802 9
40108B; 082;A;2;230020050470 3
3681E037E;082A;A;2;789582507541 7
70490297E;082A;A;2;789582507803 6
70490298E;082B;A;2;789582536780 2
7008133R1E;082C;A;2;789000240709 8
70490826E;082C;A;2;789582508762 5
36812545; 083;A;2;100020050991 3
40208; 083;A;2;230020050934 0
50971501;084A;A;2;720020050076 5
3681E024;084A;A;2;100010055416 7
70490821E;084A;A;2;789582519958 8
70002SC;084A;A;2;170020020670 5
70401CA;086A;A;2;789000238326 2
50911601;086A;A;2;720020050059 8
70490411E;086A;A;2;789582507908 8
40008B;086A;A;2;230020050471 0
70401SC;086A;A;2;130020050043 0
3681H202E; 087;A;2;789582502486 6
40408B; 087;A;2;230020050472 7
50971600; 087;A;2;720020050077 2
70201OR; 087;A;2;130020050047 8
JC57280; 087;A;2;120020050259 8
50915401; 088;A;2;720020050062 8
70901SC; 088;A;2;130020050046 1
70490743E; 088;A;2;789582508812 7
JC57600/6; 088;A;2;120020050076 1
50930409; 089;A;2;720020050068 0
42095; 089;A;2;230020050935 7
70701SC; 089;A;2;789354801475 1
70701U; 089;A;2;730020051131 7
70203SC; 090;A;2;789000232411 1
7008019R1E; 090;A;2;789582537516 6
78958; 090;A;2;789582507542 4
50971400; 090;A;2;720020050075 8
43007-1M; 091;A;2;230020050482 6
70490292E; 091;A;2;789582504080 4
43007-2M; 092;A;2;230020050385 0
70490291E; 092;A;2;789582504079 8
R70490290E; 093;A;2;789582534609 8
70490290; 093;A;2;789000204916 8
ERR7154A; 094;A;2;100020057055 5
50965300; 095;A;2;720020050072 7
70490307RE; 095;A;2;789582507810 4
70490307; 095;A;2;230020050933 3
50953055;096B;A;2;720020050093 2
70490284E;099A;A;2;789582504075 0
7006600C1E;100;A;2;789582534110 9
70490836;100;A;2;789582508873 8
3681A049;100A;A;2;100010010709 7
3681A021;101;A;2;100020051002 5
50923390;102;A;2;720020030842 2
70490407RE;102;A;2;789582508589 8
70356AG;102;A;2;730020051173 7
70356NA;102;A;2;789000235252 7
3681A032;103;A;2;789582507536 3
50970140;104;A;2;720020050096 3
70218CB;104;A;2;130020050461 2
3681C001E;104;A;2;789582502478 1
50970150;104;A;2;720020050097 0
0153681C003;105;A;2;789002250271 1
3681C005;105;A;2;100020052894 5
70125B;105;A;2;730020051150 8
7008109R1;105;A;2;789000041001 4
70219SI;105;A;2;789000240451 6
3681C003P;105;A;2;789000236322 6
3681C003E;105;A;2;789582502479 8
50941055;106;A;2;720020050089 5
70226CB;106;A;2;130020050062 1
70490154E;106;A;2;789582503996 9
36811438;107;A;2;100020051208 1
50924950;107;A;2;720020050086 4
70490139;108;A;2;100020051155 8
70826CB;108;A;2;730020051159 1
50909855;108;A;2;720020050081 9
70726CB;109;A;2;130020050065 2
50905650;109;A;2;720020050079 6
70490096E;109;A;2;789582503962 4
70317NA;111;A;2;789000235257 2
70317AN;111;A;2;130020050070 6
70490370E;111;A;2;789582507870 8
50922398;111;A;2;720020050085 7
70318AG;112;A;2;789000238656 0
70318CB;112;A;2;789854427090 3
70317CB;112;A;2;130020050071 3
50949753;112;A;2;720020050092 5
28311B;112;A;2;230020050228 0
70490178E;112;A;2;789582504009 5
70317AG;112;A;2;730020051217 8
50971190;113;A;2;720020050098 7
70490393;113A;A;2;789582507891 3
70115CBLT;114;A;2;789000233474 5
50965450;114;A;2;720020050095 6
70490300E;114;A;2;789582536913 4
73016NA;114;A;2;789000235452 1
80964650;114;A;2;720020050784 9
43011B;114;A;2;230020300297 8
41424209RE;115;A;2;789582519603 7
70490859E;115A;A;2;789582536902 8
70490391RE;116;A;2;789582508791 5
50915290;116;A;2;720020050138 0
70529AG;116;A;2;730020051177 5
70529NA;116;A;2;130020050138 3
70529AN;116;A;2;789000240452 3
70490391;116;A;2;100020054061 9
50932453;117;A;2;720020050852 5
70216CB;117;A;2;130020050073 7
70490177;117;A;2;100020051193 0
70490371E;118;A;2;789582507871 5
70216NA;118;A;2;789000235450 7
70216AN;118;A;2;130020050072 0
50932490;118;A;2;720020050088 8
70328NA;119;A;2;789000235270 1
50949090;119;A;2;720020010698 1
70490368;119;A;2;100020054046 6
U10996920;119;A;2;789000239381 0
50918798;119;A;2;720020050141 0
70328AN;119;A;2;130020050141 3
70328AG;119;A;2;730020051168 3
70490368RE;119;A;2;789582508586 7
4236196;11A;A;2;100020052680 4
50924890;120;A;2;720020050145 8
70329AG;120;A;2;730020051169 0
70329NA;120;A;2;789000235259 6
70490311RE;120;A;2;789582508588 1
70329AN;120;A;2;130020050134 5
70319NA;121;A;2;789000235203 9
70358AN;121;A;2;130020050125 3
70490369RE;121;A;2;789582508574 4
70319AG;121;A;2;789000235267 1
70391NA;122;A;2;789000217554 6
70490413RE;122;A;2;789582508590 4
50943598;122;A;2;720020050660 6
36813117;123;A;2;100020054154 8
70429NA;123;A;2;789000235266 4
70429AN;123;A;2;130020050133 8
50936998;124;A;2;720020010692 9
70490365RE;124;A;2;789582508587 4
70382AG;124;A;2;789000233668 8
70382NA;124;A;2;789000235254 1
70490365;124;A;2;100020054096 1
70490132E;125;A;2;789582503982 2
50915953;125;A;2;720020050703 0
70918CB;125;A;2;130020050076 8
70515AG;126;A;2;730020051220 8
70490404RE;126;A;2;789582508792 2
70515NA;126;A;2;789854428943 1
80963550;126;A;2;720020010700 1
80924694;126;A;2;720020050654 5
70490404;126;A;2;100020054073 2
70515AN;126;A;2;130020050067 6
0999694RE;127;A;2;789582508694 9
70015AG;127;A;2;730020051212 3
70015NA;127;A;2;789854428607 2
80919350;127;A;2;720020050100 7
70128AG;128;A;2;730020051522 3
U5MK0641E;128;A;2;789582508794 6
70218NA;129;A;2;789000236088 1
3681P009E;129;A;2;789582502491 0
70218AG;129;A;2;730020051521 6
7008240R1E;129;A;2;789000040968 1
50948090;129;A;2;720020050782 5
70228NA;130;A;2;130020050135 2
70228NA;130;A;2;789000235451 4
70490338E;130;A;2;789582507836 4
70229AG;130;A;2;730020051167 6
70728AG;131;A;2;730020051179 9
70928AG;131;A;2;730020051181 2
70490092E;131;A;2;789582503960 0
50916898;131;A;2;720020050706 1
70928AN;131;A;2;130020050136 9
70490395E;132;A;2;789582507893 7
50916796;132;A;2;720020050106 9
70831NA;132;A;2;789000237534 2
70490701E;132A;A;2;789582507919 4
70120NAK;133;A;2;789854401794 2
70120SC;133;A;2;170020020683 5
70490308E;133;A;2;789582536906 6
43015B;133;A;2;230020020298 2
73021FA;133;A;2;789012335453 0
70490299;133;A;2;100020338581 1
50977147;133;A;2;720020050663 7
7008313R1E;133;A;2;789000240854 5
70490309E;134;A;2;789582536669 0
70127BO;134;A;2;100020025968 9
73326B;134;A;2;730020051563 6
7008314R1E;134;A;2;789000240784 5
50963644;134;A;2;720020050094 9
50948467;135;A;2;720020050154 0
ERR4120AE;135;A;2;789582506328 5
7007091R1E;135;A;2;789582534716 3
73028SV;135;A;2;789000238305 7
70490302E;135A;A;2;789582507807 4
73027NA;135A;A;2;789000238428 3
42011B;136;A;2;230020050497 0
50915998;136;A;2;720020050764 1
70490325E;136;A;2;789582507826 5
50916490;136;A;2;720020050083 3
70917AN;136;A;2;130020050077 5
70917CB;136;A;2;730020051223 9
70916NA;136;A;2;130020050074 4
70916CB;136A;A;2;730020051222 2
50971290;137;A;2;720020050099 4
42111B;137;A;2;230020050498 7
70990263E;137A;A;2;789582508097 8
70415AG;137A;A;2;730020051219 2
70490405E;138;A;2;789582507903 3
70490705;138A;A;2;789582507922 4
7006240R1E;138A;A;2;789582536705 5
70490367;139;A;2;100020054099 2
70028NA;139;A;2;789854428882 3
50912298;139;A;2;720020050132 8
70490367RE;139;A;2;789582508718 2
3681P047;139A;A;2;789000235612 9
70490324RE;140;A;2;789582508790 8
70490324;140;A;2;100020054021 3
70428NA;140;A;2;789004839592 2
70490366;140;A;2;100020054098 5
70628NA;140;A;2;730020051178 2
50923990;140;A;2;789000215570 8
70490364RE;141;A;2;789582507864 7
50912090;141;A;2;720020050133 5
70027AG;141;A;2;730020051164 5
70490364;141;A;2;100020054045 9
70027NA;141;A;2;789000236365 3
7008243R1E;142;A;2;789000240296 3
70214NA;142;A;2;789000239856 3
3681M005E;142;A;2;789582502488 0
3681M007E;142;A;2;789582502489 7
70214AG;142;A;2;730020051214 7
70490698E;143;A;2;789582536972 1
50925390;143;A;2;720020050087 1
70316AN;143;A;2;130020050069 0
70316NA;143;A;2;789854427340 9
70313U;39;A;2;730020051141 6
7008205R91;40;A;2;789000240295 6
70212U;42;A;2;789000240556 8
7008136R1E;60;A;2;789000240301 4
70490822E;77;A;2;789582508547 8
70302U;79;A;2;730020051126 3
400508;80A;A;2;230020030945 2
3681E051;83A;A;2;789000237253 2
70490258E;9;A;2;789582504056 9
JH1616;154;AB;2;789002239891 8
70490400E; 001;AA;2;789582507898 2
HS133E;001A;AA;2;789582522026 8
36817419; 002;AA;2;100020055414 2
70431NA; 003;AA;2;130020050088 1
 0490042; 003;AA;2;100020057273 3
70180149; 004;AA;2;789582503307 3
524765EE; 005;AA;2;789582501555 0
70650044; 006;AA;2;789582504386 7
70590020E;006A;AA;2;789582507983 5
70650139; 007;AA;2;789582504427 7
70650132E; 008;AA;2;789582504424 6
0206133E; 008;AA;2;100080057019 1
70998004E;008A;AA;2;789582506026 0
 0520463; 010;AA;2;100700054209 6
70490034; 011;AA;2;100020051044 5
50913496; 011;AA;2;789000232418 0
70740174E; 012;AA;2;789582504597 7
70321SC; 012;AA;2;130020050096 6
2314J007; 013;AA;2;789582501781 3
70490301E; 013;AA;2;789582507806 7
3174D004E; 014;AA;2;789582502055 4
70490153E; 015;AA;2;789582503995 2
3272E005E; 016;AA;2;789582502127 8
3272E005P; 016;AA;2;789006339744 4
70327SC; 017;AA;2;130020050105 5
70490373E; 017;AA;2;789582507873 9
70368NAK; 017;AA;2;730020051197 3
50983067; 018;AA;2;720020050767 2
36817181; 018;AA;2;100020051085 8
36817181RE; 018;AA;2;789582508607 9
70355NA; 018;AA;2;789000236093 5
3685R005E; 019;AA;2;789582502562 7
70353NA;01B;AA;2;789000239965 2
70345NA;01C;AA;2;789000240834 7
50926016; 020;AA;2;720020050112 0
28316B; 020;AA;2;230020050230 3
70490319; 020;AA;2;100020054018 3
2314J607E; 021;AA;2;789582501793 6
70720009; 022;AA;2;100040051405 2
70740375E; 023;AA;2;789582504643 1
ERR3457AE; 024;AA;2;789582506306 3
70740142E; 025;AA;2;789582504592 2
70490329; 026;AA;2;100020054025 1
70490346E; 027;AA;2;789582507844 9
70992801E; 028;AA;2;789582505763 5
70100536; 029;AA;2;100070052010 4
70100657E; 030;AA;2;789582503185 7
32712726E; 031;AA;2;789582502117 9
2116A056; 032;AA;2;100630054186 0
70490372RE; 033;AA;2;789582508775 5
70490372; 033;AA;2;100020054101 2
70457 NA; 033;AA;2;789854400112 5
50913098; 033;AA;2;720020050731 3
70457AN; 033;AA;2;130020050122 2
70490313RE; 034;AA;2;789582508777 9
70033AN; 034;AA;2;130020050121 5
70490313; 034;AA;2;100020054012 1
50927098; 035;AA;2;720020050732 0
70030AN 080; 035;AA;2;130020050087 4
70490083; 035;AA;2;100020051174 9
70721SC; 036;AA;2;130020050098 0
70490396E; 036;AA;2;789582507894 4
2314M033; 037;AA;2;100040057759 0
7008090R1E; 038;AA;2;789000439279 8
SS110201E; 038;AA;2;789582506803 7
1818230C1E; 039;AA;2;789000432412 6
FB108101E; 040;AA;2;789582506391 9
4142X098E; 041;AA;2;789582507592 9
905711110014E; 042;AA;2;260010040376 3
36866745; 043;AA;2;100020051113 8
50937298; 043;AA;2;789000232285 8
0826222E; 044;AA;2;789582501110 1
70490361RE; 045;AA;2;789582508717 5
70030NA; 045;AA;2;789000236366 0
70030AM; 045;AA;2;789000232286 5
50911090; 045;AA;2;720020050653 8
70490361; 045;AA;2;100020054005 3
 0180021; 046;AA;2;100620057005 2
0720798E; 047;AA;2;789582501021 0
70700026; 048;AA;2;100430051396 2
70490347; 049;AA;2;100020054039 8
50934198; 049;AA;2;720020010695 0
70343AG; 049;AA;2;730020051232 1
70490347RE; 049;AA;2;789582508575 1
70343NA; 049;AA;2;789000238296 8
2431A016E; 050;AA;2;789582501821 6
36833152E; 051;AA;2;789582502522 1
2314H002E; 052;AA;2;789582501761 5
70100564; 053;AA;2;100070052016 6
70740365E; 054;AA;2;789582504635 6
70590018E;055A;AA;2;789582507981 1
70420008; 056;AA;2;100340050772 7
70490397E; 057;AA;2;789582507895 1
70490316RE; 058;AA;2;789582508530 0
70342NA; 058;AA;2;789000238482 5
50926698; 058;AA;2;720020050146 5
70490359RE; 059;AA;2;789582507859 3
70490359; 059;AA;2;100020054043 5
50910390; 059;AA;2;720020050668 2
70439NA; 059;AA;2;789000238752 9
37733231E; 060;AA;2;789582502717 1
37733231P; 060;AA;2;789000838370 9
70590014E; 061;AA;2;789582507979 8
70490358E; 062;AA;2;789582507857 9
50909616; 062;AA;2;789000215524 1
70490357R; 063;AA;2;789582507856 2
70443NA; 063;AA;2;789000238545 7
70921SC; 063;AA;2;130020050097 3
70490357; 063;AA;2;789582507855 5
50911298; 063;AA;2;720020050130 4
77199; 064;AA;2;789582500264 2
OTD0007; 065;AA;2;170600013880 2
4134C012E; 066;AA;2;789582502877 2
73160E; 067;AA;2;789582500158 4
ERR3622AE; 068;AA;2;789582506313 1
73194E; 069;AA;2;789582508294 1
70280CV; 070;AA;2;789000236369 1
4121C021E; 071;AA;2;100110052484 6
70150040E; 072;AA;2;789582503267 0
70490379RE; 073;AA;2;789582521328 4
70334NA; 073;AA;2;130020051599 1
70490327RE; 074;AA;2;789582508537 9
70490327; 074;AA;2;100020054023 7
70490237; 074;AA;2;100020051568 6
70032NA; 074;AA;2;789000237921 0
70490073; 075;AA;2;100020050478 9
70490345RE; 076;AA;2;789582519947 2
70360CB; 076;AA;2;789000240416 5
50930198; 076;AA;2;170020012439 9
50909390; 077;AA;2;720020050128 1
70031NA; 077;AA;2;789000236367 7
70490355RE; 077;AA;2;789582508781 6
70490355; 077;AA;2;100020054041 1
70490198E; 078;AA;2;789582504019 4
77550E; 079;AA;2;789582508327 6
70740734; 080;AA;2;100040338677 9
77405E; 081;AA;2;789582500360 1
ERR1085E; 082;AA;2;789582501675 5
70820078E; 083;AA;2;789582504768 1
ETC8808AE; 084;AA;2;789582506385 8
50942198; 085;AA;2;720020050670 5
70490333RE; 085;AA;2;789582508576 8
70141NA; 085;AA;2;789000236087 4
3571C014; 086;AA;2;100110059633 1
70490118E; 087;AA;2;789582503975 4
70724AN; 087;AA;2;130020050080 5
70490315; 088;AA;2;100020054014 5
70490315RE; 088;AA;2;789582519810 9
70374NA; 088;AA;2;789000240415 8
70273AN; 088;AA;2;789000207253 1
70335AN; 089;AA;2;130020050465 0
70490408RE; 089;AA;2;789582519961 8
70335NA; 089;AA;2;789000236092 8
;08A;AA;2;789000040373 3
36866747; 090;AA;2;100020052646 0
70490354; 091;AA;2;100020053875 3
70490354RE; 091;AA;2;789582508716 8
70321CV; 092;AA;2;130020050095 9
3688C007; 092;AA;2;789582502641 9
70321CV; 092;AA;2;130020051600 4
50951630; 092;AA;2;720020050120 5
70321 CV; 092;AA;2;730020051192 8
3572V012E; 093;AA;2;789582502370 8
2313R012; 094;AA;2;100140053722 5
70260CB; 095;AA;2;130020050132 1
36826107E; 095;AA;2;789582502499 6
50931850; 095;AA;2;789000232420 3
70540099E; 096;AA;2;789582504158 0
50949698; 097;AA;2;720020050661 3
70366NA; 097;AA;2;789854428046 9
70366AG; 097;AA;2;730020051235 2
50931996; 097;AA;2;720020010682 0
70490339RE; 097;AA;2;789582508604 8
33424107; 098;AA;2;100540059013 6
36866749; 098;AA;2;100020051229 6
 0746260; 099;AA;2;100040057509 1
36516119E;100;AA;2;789582502429 3
37765001;101;AA;2;100080052220 6
70334AN;102;AA;2;130020050464 3
76038;102;AA;2;100170050745 4
M77207E;103;AA;2;789582519543 6
77207;103;AA;2;100670050220 1
33125124E;104;AA;2;789582502163 6
77433E;104A;AA;2;789582500380 9
9430084759;104A;AA;2;789006735912 7
70490350E;105;AA;2;789582507848 7
70100778;106;AA;2;789582503236 6
70100779;107;AA;2;100070052156 9
70100745E;108;AA;2;789582503219 9
 0576059;109;AA;2;100210051758 6
2511157;110;AA;2;100240053778 9
70180177;111;AA;2;789582503321 9
36866755;112;AA;2;100020050978 4
2418M006;113;AA;2;100130057774 1
2172527E;114;AA;2;789582501272 6
70180155E;115;AA;2;789582503310 3
36833136;116;AA;2;100020057421 8
50946298;116;AA;2;789000232421 0
70150013;117;AA;2;100480054193 9
70490814E;117;AA;2;789582507948 4
70490383E;118;AA;2;789582507883 8
70490383R;118;AA;2;100010014567 9
50926498;118;AA;2;720020010683 7
70339NA;118;AA;2;789000238298 2
77164;119;AA;2;100670050218 8
2415345;120;AA;2;100130057375 0
70490199;121;AA;2;100020051167 1
70410084E;122;AA;2;789582503815 3
70590015E;122A;AA;2;789582507980 4
73050;122B;AA;2;789582500124 9
73051;123;AA;2;101350054412 6
70998002;123;AA;2;100010056266 7
 0096233;124;AA;2;789582500795 1
0096214E;125;AA;2;789582500791 3
70820104E;126;AA;2;789582504787 2
33125411;127;AA;2;100240058928 3
50909490;128;AA;2;720020050129 8
70490356;128;AA;2;100020053878 4
36866737;129;AA;2;100020051124 4
70490356R;129;AA;2;789582508780 9
3684N015E;130;AA;2;789582507543 1
70267 NAK;130;AA;2;789000236091 1
3174D005;14;AA;2;100700053021 5
3174D005P;14;AA;2;789007039979 0
70335AG;189;AA;2;730020051172 0
36862134P;20;AA;2;789000234686 1
70033NA;34;AA;2;789000240710 4
70844NA;57;AA;2;789000240063 1
3688C007P;92;AA;2;789000240246 8
70650080E; 001;AB;2;789582504410 9
70650069E; 002;AB;2;789582504399 7
32417134; 003;AB;2;100120058871 7
70650078E; 004;AB;2;789582504408 6
70640051;004A;AB;2;789582504346 1
7006554R91E; 005;AB;2;789010939139 9
7895825329459; 005;AB;2;789010937806 2
70993785; 005;AB;2;789582519878 9
7006548R91E;005A;AB;2;789582532944 2
PRC6387A; 006;AB;2;100650054135 6
37556159; 006;AB;2;100480053941 7
 0566004; 007;AB;2;100740057440 6
70997088; 008;AB;2;100130058249 3
35784134E; 009;AB;2;789582502387 6
70740176E; 010;AB;2;789582504599 1
3343J021; 011;AB;2;789003410092 9
34821119E; 012;AB;2;789582502314 2
 0571351; 013;AB;2;789582500966 5
70380005; 014;AB;2;100640053174 7
70590003; 015;AB;2;789582504241 9
70180148; 016;AB;2;789582503306 6
77503E; 017;AB;2;789582500399 1
2413682E; 018;AB;2;789582501308 2
77244E; 019;AB;2;789582500278 9
70620760E; 020;AB;2;789582504312 6
77288E; 021;AB;2;789582500298 7
72045; 022;AB;2;100120055063 9
72046E; 023;AB;2;789582500072 3
72048; 024;AB;2;100120050399 4
70820087E; 025;AB;2;789582504774 2
ERR3737A; 026;AB;2;100080339246 2
70920096E; 027;AB;2;789582504873 2
70820085E; 028;AB;2;789582504772 8
70380064E; 029;AB;2;789582507776 3
70180125E; 030;AB;2;789582503297 7
73083; 031;AB;2;100650052739 8
33555127; 032;AB;2;100080059371 8
70100796; 033;AB;2;100070338444 4
26420472; 034;AB;2;789582507441 0
7167-620D; 034;AB;2;170790013602 8
70992010; 035;AB;2;100070050489 0
41371158; 036;AB;2;100170052508 3
70490159; 037;AB;2;100020051551 8
3687H005E; 038;AB;2;789582502624 2
3687H003; 038;AB;2;100010011211 4
77530E; 039;AB;2;789582507219 5
36866206; 040;AB;2;100020051109 1
70740178E; 041;AB;2;789582504601 1
 0490474; 042;AB;2;100020053335 2
70050141E; 043;AB;2;789582502977 9
70940148E; 044;AB;2;789582504948 7
7185-900G; 045;AB;2;170790010734 9
74320E; 045;AB;2;789582508305 4
70610006; 046;AB;2;789582504253 2
50946398; 047;AB;2;720020050712 2
70490337R; 047;AB;2;100010014551 8
70490337; 047;AB;2;789582507835 7
70490128E; 048;AB;2;789582503978 5
50917598; 048;AB;2;720020050713 9
70927CL; 049;AB;2;130020050130 7
70490101E; 049;AB;2;100020051043 8
GA0570017; 049;AB;2;120340033589 8
50910998; 050;AB;2;720020050714 6
0490736E; 050;AB;2;789582500945 0
 0490676; 051;AB;2;100020057302 0
36851107; 052;AB;2;100020053936 1
50914798; 053;AB;2;720020050655 2
70490388; 053;AB;2;100020054060 2
70490388RE; 053;AB;2;789582508783 0
70631NA; 053;AB;2;789000238751 2
37422103E; 054;AB;2;789582502665 5
3688X001; 055;AB;2;789582502646 4
3688A006E; 056;AB;2;789582502637 2
36174115; 057;AB;2;100640053929 3
36865113; 058;AB;2;100020051012 4
70490065E; 059;AB;2;789582503952 5
50925590; 060;AB;2;720020050716 0
36817136; 060;AB;2;100020050971 5
; 060;AB;2;720020050715 3
50931498; 061;AB;2;720020050717 7
36867162E; 061;AB;2;789582502615 0
70490100E; 062;AB;2;789582503964 8
50916098; 062;AB;2;720020050140 3
50954890; 063;AB;2;720020050718 4
70490321E; 063;AB;2;789582507824 1
50914490; 064;AB;2;720020050719 1
70490756RE; 064;AB;2;789582508813 4
36865108; 064;AB;2;100020055440 1
70557NA; 064;AB;2;130020050140 6
70559NAK; 065;AB;2;789000238934 9
50933816; 065;AB;2;720020050656 9
80490032E; 065;AB;2;789582506180 9
36866415; 066;AB;2;100020051110 7
50914698; 066;AB;2;789000225518 7
70490342RE; 066;AB;2;789582508778 6
50914396; 067;AB;2;720020050136 6
70490343RE; 067;AB;2;789582508786 1
10829CV; 067;AB;2;789000041057 1
70037NA; 067;AB;2;789000238748 2
70490343; 067;AB;2;100020053584 4
70200856; 068;AB;2;789582507713 8
70490257; 069;AB;2;100020050992 0
50943298; 069;AB;2;720020050721 4
70018CB; 070;AB;2;789000236364 6
36884109RE; 070;AB;2;789582519450 7
36884109; 070;AB;2;100020051145 9
36884107E; 071;AB;2;789582502631 0
36884108RE; 072;AB;2;789582521321 5
36884108; 072;AB;2;100020051144 2
70419CB; 072;AB;2;789000235206 0
70490106; 073;AB;2;789582503966 2
36867108; 074;AB;2;100020056174 4
73195E; 075;AB;2;789582508723 6
70040023E; 076;AB;2;789582536804 5
70490192; 077;AB;2;100020051557 0
70955AN; 077;AB;2;130020050118 5
3571C009E; 078;AB;2;789582502356 2
2314H004E; 079;AB;2;789582501763 9
70740103E; 080;AB;2;789582504584 7
0827616E; 081;AB;2;789582501173 6
36237734; 082;AB;2;100870058258 0
 0920024; 083;AB;2;789582501200 9
33153136; 084;AB;2;789582502192 6
 0096440; 085;AB;2;100040056985 4
2645A614; 086;AB;2;100670057889 3
70923353; 087;AB;2;100210054996 9
70490360; 088;AB;2;100020054044 2
70449NA; 088;AB;2;789000238423 8
50910798; 088;AB;2;720020050667 5
70490360RE; 088;AB;2;789582508540 9
70490382RE; 089;AB;2;789000226172 0
70490382; 089;AB;2;100020054057 2
50914290; 089;AB;2;720020050135 9
70039NA; 089;AB;2;789000238749 9
0826466E; 090;AB;2;789582501146 0
70490043; 091;AB;2;100020057366 2
33813114; 092;AB;2;789582502267 1
36862143E; 093;AB;2;789582502574 0
50949316; 093;AB;2;720020050705 4
70440091; 094;AB;2;100880058298 5
33812116; 095;AB;2;100740059383 4
 0826241; 096;AB;2;100140057561 6
36862166; 097;AB;2;100020057423 2
50932916; 098;AB;2;720020050722 1
3688C017E; 098;AB;2;789582502642 6
11198050; 099;AB;2;789537200264 5
50955198; 099;AB;2;170020012435 1
70490334RE; 099;AB;2;789582508605 5
3623E001;100;AB;2;100020057418 8
70740050;101;AB;2;789582504559 5
70330018;102;AB;2;789582503725 5
 0940738;103;AB;2;100190057631 1
70992113;104;AB;2;101180050464 2
70490330E;105;AB;2;789582507830 2
50922790;105;AB;2;720020050690 3
3688V002;106;AB;2;100020051008 7
3688V003;107;AB;2;100020051149 7
70490708E;108;AB;2;789582507923 1
36833148;109;AB;2;789582502521 4
33225412E;110;AB;2;789582502208 4
3683H003;112;AB;2;100020051228 9
70820096E;114;AB;2;789582504780 3
 0940329;115;AB;2;100190051791 8
70263NA;116;AB;2;789000236090 4
50969390;116;AB;2;720020050723 8
3684A004E;116;AB;2;789582502543 6
0610844E;117;AB;2;789582500999 3
33127107E;118;AB;2;789582502169 8
36846409;118A;AB;2;100020051143 5
70650028;118B;AB;2;100120054109 5
6357140;118C;AB;2;100800052669 7
77502E;119;AB;2;789582500398 4
70490279;120;AB;2;789582504072 9
80330934;121;AB;2;100300050580 2
2645K602E;122;AB;2;789582501905 3
73191E;123;AB;2;789582508291 0
7008459R1E;123;AB;2;789000040965 0
73192E;123A;AB;2;789582508292 7
70200537E;124;AB;2;789582503490 2
77271E;125;AB;2;789582500291 8
70050046;126;AB;2;100220057350 5
 0571346;127;AB;2;789582500965 8
70100421E;128;AB;2;789582503106 2
70780011;129;AB;2;100700053282 0
70490071;130;AB;2;100020051975 2
50916298;130;AB;2;720020050724 5
2313M059;131;AB;2;100140057695 8
70100419;132;AB;2;100070053076 9
70490340E;133;AB;2;789582507838 8
50906190;133;AB;2;720020050725 2
73079;134;AB;2;789582500134 8
905782010060;134;AB;2;789582511555 7
7005209C1E;134;AB;2;789582536750 5
70490690E;135;AB;2;789582507916 3
70050036;136;AB;2;100220052711 9
70100127;137;AB;2;100070052029 6
70490136;138;AB;2;100020051024 7
70960-PH;138;AB;2;130020051592 2
31744137E;139;AB;2;789582502048 6
32526323E;140;AB;2;789582502112 4
33142111E;141;AB;2;789582502178 0
73193E;142;AB;2;789582508293 4
T010021;142;AB;2;789006539265 2
70550020;143;AB;2;100810051645 1
7004130C91E;144;AB;2;789582531653 4
70992758;144;AB;2;789582508672 7
7008332R1E;145;AB;2;789011240329 4
70991630E;145;AB;2;789582505321 7
0827801E;146;AB;2;789582501175 0
70490069;148;AB;2;100020051048 3
50927198;148;AB;2;720020050726 9
70490044;149;AB;2;100020053209 6
31744123;150;AB;2;789582502044 8
70991231E;151;AB;2;789582505162 6
70740058;152;AB;2;100040051442 7
JH2016;153;AB;2;170590051964 3
2558375;153;AB;2;100590057834 4
2558371E;154;AB;2;789582501364 8
2557298;155;AB;2;100590051950 7
2557225E;156;AB;2;789582501362 4
K55X62X18;156;AB;2;789005935624 0
NCS2016;157;AB;2;789005912795 6
2557182E;157;AB;2;789582501361 7
70910068E;158;AB;2;789582508081 7
2557181E;159;AB;2;789582501360 0
NCS1616;159;AB;2;789005913091 8
6201ZZ;159;AB;2;789005940461 3
0050274E;160;AB;2;789582500774 6
2557297;161;AB;2;100590057831 3
70040008;162;AB;2;100590053055 7
70040014;163;AB;2;100590051949 1
33415311;164;AB;2;100930053896 0
 0490115;165;AB;2;100020057275 7
70045C;165;AB;2;789002437920 5
0490115RE;165;AB;2;789582508539 3
 0360027;166;AB;2;789582500893 4
31171211E;167;AB;2;789582501973 2
74062;168;AB;2;101050052517 9
31745122E;169;AB;2;789582502052 3
31744133E;170;AB;2;789582502047 9
31747109;171;AB;2;100700051353 9
31745121E;172;AB;2;789582502051 6
33415509E;174;AB;2;789582502229 9
0096231E;175;AB;2;789582500793 7
70940043E;176;AB;2;789582504917 3
36232108E;177;AB;2;789582502405 7
70996020; 001;AD;2;101130055022 4
35504E; 002;AD;2;789582500005 1
70860021E; 003;AD;2;789582536890 8
916; 003;AD;2;690430030001 0
0746254E; 004;AD;2;789582501042 5
OTD0009; 005;AD;2;170010013882 3
0096237E; 006;AD;2;789582500799 9
31171114; 007;AD;2;100310052103 0
41115057E; 008;AD;2;789582502813 0
70410057; 009;AD;2;789582503811 5
80650722E; 010;AD;2;789582506182 3
70730041E; 011;AD;2;789582504538 0
70940163E;011B;AD;2;789582532010 4
3627P013;011B;AD;2;789582507530 1
70090011E; 012;AD;2;789582503034 8
 075216;012A;AD;2;789005238533 9
 0941183; 013;AD;2;100190053719 0
0826276E; 013;AD;2;789582501124 8
70470120E;013A;AD;2;789582507791 6
70820125E; 014;AD;2;789582508071 8
70050161E; 015;AD;2;789582502988 5
34049; 016;AD;2;100080054843 5
70200406E; 016;AD;2;789582503420 9
70740189E; 017;AD;2;789582504604 2
7004045C1E; 018;AD;2;789582536842 7
3242T001; 018;AD;2;789582502106 3
70700013; 019;AD;2;100430051394 8
0576065E; 020;AD;2;789582500977 1
0746454E; 021;AD;2;789582501054 8
0096215E; 022;AD;2;789582500792 0
36835414; 023;AD;2;100020055428 9
 0748414; 024;AD;2;789582501068 5
41115008; 026;AD;2;789582502809 3
7005113R1E; 026;AD;2;789003137037 0
7005110R1E; 026;AD;2;789000137341 7
41115008P; 026;AD;2;789003136509 3
31171121; 027;AD;2;100310057970 3
 0410132; 028;AD;2;789582500899 6
7005109R1E; 028;AD;2;789582532913 8
70410024; 029;AD;2;100310050712 6
31171711; 030;AD;2;100310057974 1
36212152E; 031;AD;2;789582502403 3
70590009E; 032;AD;2;789582504244 0
70820055; 033;AD;2;100140051530 8
70740373E; 034;AD;2;789582536885 4
70200604; 035;AD;2;789582503503 9
41115056E; 036;AD;2;789582502812 3
26410050; 037;AD;2;100230053806 0
7008559R1E; 038;AD;2;789003040778 7
79950271E; 038;AD;2;789582506172 4
0940737E; 039;AD;2;789582501236 8
2646683E; 040;AD;2;789582501387 7
33125416E; 041;AD;2;789582502168 1
70490409E; 042;AD;2;789582507906 4
70490409R; 042;AD;2;100010014574 7
70991108E; 043;AD;2;789582505118 3
70410114P; 044;AD;2;789003140577 5
70410114E; 044;AD;2;789582536813 7
70410115E; 045;AD;2;789582536828 1
70410115P; 045;AD;2;789003140578 2
23907250; 046;AD;2;789537200095 5
23907450; 046;AD;2;789537206227 4
33907050; 046;AD;2;470470330318 0
23907350; 046;AD;2;789537200096 2
23907650; 046;AD;2;789537206229 8
23907150; 046;AD;2;789537200102 0
70470115E; 046;AD;2;789582503929 7
23775450; 047;AD;2;789537202767 9
23775150; 047;AD;2;789537202764 8
23775250; 047;AD;2;789537202765 5
23775350; 047;AD;2;789537202766 2
23775550; 047;AD;2;789537202768 6
23775650; 047;AD;2;789537202769 3
23775050; 047;AD;2;789537202763 1
70470052; 047;AD;2;100470037096 7
SA0570097; 047;AD;2;120470033572 4
31171731; 048;AD;2;100310053307 1
70490328RE; 049;AD;2;789582508579 9
70369NA; 049;AD;2;789000238300 2
50936898; 049;AD;2;720020050662 0
33531132; 050;AD;2;789582502244 2
70325AN; 051;AD;2;130020050112 3
70325CV; 051;AD;2;130020050113 0
77245; 052;AD;2;101000050210 6
70998119; 053;AD;2;789582506114 4
70490860E; 054;AD;2;789582521908 8
70490700E; 054;AD;2;789582507918 7
70470051; 054;AD;2;100470057364 1
41636B; 055;AD;2;230020050501 4
50925990; 055;AD;2;720020050111 3
50944630; 055;AD;2;720020050117 5
70322AG; 055;AD;2;730020051194 2
70322AN; 055;AD;2;130020050079 9
3688C002E; 055;AD;2;789582502639 6
77333E; 056;AD;2;789582500322 9
4203100; 057;AD;2;100140053728 7
25904180; 058;AD;2;789537206792 7
37513551; 059;AD;2;100610058229 2
 0350016; 060;AD;2;789582500886 6
23523150; 061;AD;2;789537202100 4
23523550; 061;AD;2;789537202104 2
23523650; 061;AD;2;789537202105 9
23523250; 061;AD;2;789537202101 1
7003793C1E; 061;AD;2;789582537193 9
70470053; 061;AD;2;789582503903 7
23523050; 061;AD;2;789537202099 1
23523450; 061;AD;2;789537202103 5
SA0570050; 061;AD;2;120170033509 9
23523350; 061;AD;2;789537202102 8
23518050; 062;AD;2;789537202069 4
70470048; 062;AD;2;100470051938 0
23519550; 063;AD;2;789537202082 3
23519350; 063;AD;2;789537202080 9
23519050; 063;AD;2;789537202076 2
70470027; 063;AD;2;100470051931 1
23519150; 063;AD;2;789537202078 6
23519650; 063;AD;2;789537202083 0
23519450; 063;AD;2;789537202081 6
23519250; 063;AD;2;789537202079 3
23517050; 064;AD;2;789537202061 8
23517150; 064;AD;2;789537202062 5
70470004; 064;AD;2;100470053205 1
23517350; 064;AD;2;789537202064 9
23517250; 064;AD;2;789537202063 2
SE0570047; 064;AD;2;120470033568 7
23871450; 065;AD;2;789537206508 4
23871150; 065;AD;2;789537206493 3
 0470677; 065;AD;2;789582500911 5
23871350; 065;AD;2;789537206463 6
23871050; 065;AD;2;789537206518 3
SE0570110; 065;AD;2;120470053327 4
23871550; 065;AD;2;789537206447 6
23871650; 065;AD;2;789537206466 7
23871250; 065;AD;2;789537206494 0
23870250; 066;AD;2;789537206433 9
23870550; 066;AD;2;789537206390 5
23870150; 066;AD;2;789537206468 1
23870650; 066;AD;2;789537206391 2
23870450; 066;AD;2;789537206358 5
23870350; 066;AD;2;789537206434 6
SA0570109; 066;AD;2;120470053328 1
 0470676; 066;AD;2;100470053664 6
23870050; 066;AD;2;789537206467 4
0826264E; 067;AD;2;789582501122 4
3324E002E; 068;AD;2;100470058997 0
232540050; 068;AD;2;789004733217 1
32161113; 069;AD;2;100120058846 5
32526324; 070;AD;2;100140058883 8
70490020; 071;AD;2;100020051164 0
50906230; 071;AD;2;720020050102 1
70860012; 072;AD;2;100430050717 6
70470126E; 072;AD;2;789582507795 4
33411572E; 073;AD;2;789582502222 0
70780028E; 074;AD;2;789582504692 9
3274A003; 075;AD;2;100210051880 4
70450011; 075;AD;2;100570051928 8
36177111E; 076;AD;2;789582502401 9
70730055E; 077;AD;2;789582536831 1
33814115; 078;AD;2;100520059422 8
23524150; 079;AD;2;789537202107 3
23524050; 079;AD;2;789004735441 8
23524650; 079;AD;2;789537202112 7
7003794C1E; 079;AD;2;789582537251 6
33152153; 079;AD;2;789582502184 1
23524250; 079;AD;2;789537202108 0
723524050; 079;AD;2;789537202106 6
23524450; 079;AD;2;789537202110 3
23524350; 079;AD;2;789537202109 7
23524550; 079;AD;2;789537202111 0
3152153; 079;AD;2;100470052881 8
SE0570053; 079;AD;2;120470033569 4
23524050; 079;AD;2;789004736220 8
33152154E; 080;AD;2;789582502185 8
70410104E; 081;AD;2;789582508673 4
23668150; 082;AD;2;789537202476 0
SE0570095; 082;AD;2;120010033571 5
23668250; 082;AD;2;789537202477 7
23668650; 082;AD;2;789537202481 4
70470096E; 082;AD;2;789582537178 6
23668450; 082;AD;2;789537202479 1
23668550; 082;AD;2;789537202480 7
23668050; 082;AD;2;789537202475 3
23668350; 082;AD;2;789537202478 4
23667250; 083;AD;2;789537202470 8
23667150; 083;AD;2;789537202469 2
70470094E; 083;AD;2;789582537523 4
SA0570094; 083;AD;2;120470053329 8
23667450; 083;AD;2;789537202472 2
23667550; 083;AD;2;789537202473 9
23667350; 083;AD;2;789537202471 5
23667050; 083;AD;2;789537202468 5
23667650; 083;AD;2;789537202474 6
23666650; 084;AD;2;789537202467 8
23666150; 084;AD;2;789537202462 3
23666550; 084;AD;2;789537202466 1
70470095E; 084;AD;2;789582537850 1
SA0570093; 084;AD;2;120470033570 0
23666450; 084;AD;2;789537202465 4
23666350; 084;AD;2;789537202464 7
23666250; 084;AD;2;789537202463 0
23666050; 084;AD;2;789537202461 6
0096201E; 085;AD;2;789582500789 0
70910065E; 086;AD;2;789582508080 0
7167-620B; 087;AD;2;170790193128 8
74083E; 087;AD;2;789582500177 5
70610026; 088;AD;2;100630051583 0
74084E; 089;AD;2;789582536645 4
 0746453; 090;AD;2;789582501053 1
S4064; 091;AD;2;100010059748 5
50933316; 092;AD;2;720020050701 6
0826526E; 093;AD;2;789582501161 3
70490796R; 094;AD;2;789582519926 7
50925890; 094;AD;2;720020050686 6
 0095190; 095;AD;2;100040056945 8
33532121E; 096;AD;2;789582502246 6
GC0570009; 097;AD;2;120340033591 1
70420001E; 097;AD;2;789582503817 7
11121050; 097;AD;2;789537204539 0
11199050; 098;AD;2;789537204619 9
11199150; 098;AD;2;789003439880 7
33261752E; 098;AD;2;789582536909 7
GE0570018; 098;AD;2;120340033594 2
33261732E; 099;AD;2;789582536911 0
33261723E;100;AD;2;789582536942 4
11038050;100;AD;2;789537204519 2
GC0570005;100;AD;2;120340033590 4
70998052E;101;AD;2;789582545184 6
23906150;102;AD;2;789537200088 7
70470114E;102;AD;2;789582503928 0
23906650;102;AD;2;789537200093 1
23906350;102;AD;2;789537200090 0
23906050;102;AD;2;789537206542 8
23906250;102;AD;2;789537200089 4
23906550;102;AD;2;789537200092 4
23906450;102;AD;2;789537200091 7
70740177E;103;AD;2;789582504600 4
3314A121E;104;AD;2;789582502183 4
232539050;104;AD;2;789004733216 4
70100524;105;AD;2;100070052791 2
70650068E;106;AD;2;789582537517 3
L841;107;AD;2;789005239324 2
70650075E;107;AD;2;789582536702 4
70990476;108;AD;2;100660051419 9
70490703E;109;AD;2;789582507920 0
70490075;110;AD;2;100020050974 6
70100303;111;AD;2;789582503076 8
2417711E;112;AD;2;789582501323 5
70820083E;113;AD;2;789582504770 4
33153135E;114;AD;2;789582502191 9
11166050;115;AD;2;789537204567 3
70420005E;115;AD;2;789582503818 4
3343F002E;116;AD;2;789582536508 2
3343J002E;117;AD;2;789582538014 6
33431501E;118;AD;2;789582502236 7
11194050;118;AD;2;789537204608 3
GC0570015;118;AD;2;120340033592 8
11507050;119;AD;2;789537200731 2
70420017E;119;AD;2;789582536991 2
11195050;119;AD;2;789537204612 0
73100E;120;AD;2;789582500141 6
33817402E;121;AD;2;789582502275 6
32524134E;122;AD;2;789582502110 0
70650077E;123;AD;2;789582537064 2
70650066E;124;AD;2;789582504396 6
70650076E;125;AD;2;789582536778 9
L845;125;AD;2;789005239370 9
50945032;126;AD;2;720020050674 3
36885008E;126;AD;2;789582502635 8
0826401E;127;AD;2;789582501126 2
70820097;128;AD;2;789582504781 0
33154125;129;AD;2;100190058987 8
70780025;130;AD;2;789582504691 2
70991005;131;AD;2;100660050216 5
 0921161;132;AD;2;100240057621 4
R7003023C1E;133;AD;2;789582525906 0
70920080;133;AD;2;789582504867 1
70740065E;134;AD;2;789582504572 4
37556148E;135;AD;2;789582502689 1
70240190E;136;AD;2;789582503646 3
70998053E;137;AD;2;789582506067 3
72089E;138;AD;2;789582500089 1
0576052E;139;AD;2;789582500973 3
70470121E;13B;AD;2;789582507792 3
2645A032US;140;AD;2;789006732287 9
2645A032;140;AD;2;100670057879 4
0746051E;141;AD;2;789582501031 9
70450037;142;AD;2;789582508816 5
7005017R1E;142;AD;2;789582536808 3
70470073;142;AD;2;100610051953 3
70036NA;143;AD;2;789000236368 4
50900890;143;AD;2;720020050125 0
70490348RE;143;AD;2;789582508784 7
0640142E;145;AD;2;789582501004 3
70200631;146;AD;2;100090052310 3
70420007E;147;AD;2;789582503819 1
70610040E;148;AD;2;789582504264 8
70740079E;149;AD;2;789582504577 9
70820088E;150;AD;2;789582504775 9
93134;151;AD;2;170840053127 6
73071P;151;AD;2;789008431306 5
73071E;151;AD;2;789582500131 7
70650120;152;AD;2;100120050397 0
77371E;153;AD;2;789582500342 7
77372;153;AD;2;100670053831 6
M77372E;153;AD;2;789582519627 3
70820065;154;AD;2;100140050603 0
70940032E;155;AD;2;789582504916 6
70410049E;156;AD;2;789582503807 8
70570012;157;AD;2;100210050643 6
70490351E;158;AD;2;789582507849 4
33451801E;159;AD;2;789582502242 8
70200570;160;AD;2;100080052296 1
0826017E;162;AD;2;789582501103 3
 0490734;163;AD;2;100020054272 9
41425608E;164;AD;2;789582502893 2
33555324;165;AD;2;100010012471 1
50944730;165;AD;2;720020050118 2
70200650;166;AD;2;100080052330 2
70300004E;167;AD;2;789582503682 1
70740330E;168;AD;2;789582504619 6
4203198;170;AD;2;100800052642 0
3627P011;172;AD;2;789582502417 0
50923498;173;AD;2;789000218962 8
70361NA;173;AD;2;789000238297 5
70490385RE;173;AD;2;789582508582 9
36845114E;174;AD;2;789582502537 5
33851119E;175;AD;2;789582502292 3
70490363E;176;AD;2;789582507862 3
JL70240;176;AD;2;789000232408 1
73190E;177;AD;2;789582508290 3
50945898;178;AD;2;789000232409 8
50910098;179;AD;2;789000232410 4
70490403E;179;AD;2;789582507901 9
70035NA;179;AD;2;789000238302 6
50914198;180;AD;2;720020010689 9
70344NA;180;AD;2;789000228329 6
70041NA;180;AD;2;789000239757 3
70490381RE;180;AD;2;789582508665 9
70490381;180;AD;2;100020054056 5
70420019E;27;AD;2;789582536921 9
0410132P;28;AD;2;789003136508 6
70490861E;54A;AD;2;789000240270 3
0826526P;93;AD;2;789001440053 7
;99A;AD;2;789000040273 6
3313A012;99A;AD;2;789003437902 8
70490176; 001;AE;2;100020051168 8
3621X007;001A;AE;2;789582506975 1
77206; 002;AE;2;101000053441 1
70490692E;002A;AE;2;789582507917 0
36866207; 003;AE;2;100020051223 4
70993666E;003A;AE;2;789582508228 6
33153128; 004;AE;2;789582502188 9
1825956C1;004A;AE;2;789000137500 8
70740128E; 005;AE;2;789582504585 4
3212V003;005A;AE;2;789000436647 8
2646E013;006B;AE;2;100620051924 2
2646E018;006B;AE;2;100620057924 6
2646E007;006B;AE;2;789582507244 7
77406E; 007;AE;2;789582500361 8
3623K007;007A;AE;2;789582502412 5
77418E; 008;AE;2;789582500369 4
70100836;008A;AE;2;789582507667 4
70920103E; 009;AE;2;789582504876 3
WL108001;009A;AE;2;789002437499 6
; 010;AE;2;100020052979 9
3683H006E; 010;AE;2;789582502533 7
70100749;010A;AE;2;789582503221 2
70320CV; 011;AE;2;789000207209 8
70993618E;011A;AE;2;789582508206 4
2116087E; 012;AE;2;789582501262 7
2314J014;012A;AE;2;789582501786 8
3686T006E; 013;AE;2;789582502622 8
70993617E;013A;AE;2;789582508205 7
70490119; 014;AE;2;100020051182 4
70993623E;014A;AE;2;789582508210 1
70740740E; 015;AE;2;789582508036 7
2314F004;015A;AE;2;789582501756 1
ERR0894AE; 016;AE;2;789582506254 7
70180205;016A;AE;2;789582507691 9
ETC8193AE; 017;AE;2;789582506379 7
70100867;017A;AE;2;789582507680 3
2314J606; 018;AE;2;100040338374 7
70610065E;018A;AE;2;789582507985 9
79950260E; 019;AE;2;789582506168 7
0200080P; 020;AE;2;789000539832 4
0200080E; 020;AE;2;789582500857 6
33855114E; 021;AE;2;789582502300 5
70200088; 022;AE;2;100050051259 0
32418313E; 023;AE;2;789582502104 9
0921062E; 024;AE;2;789582545389 5
36451138; 025;AE;2;100930054147 2
70860019E; 026;AE;2;789582536693 5
70200656; 027;AE;2;100940052334 7
70998066; 028;AE;2;789582506079 6
2486A971E; 029;AE;2;789582501841 4
70780037E; 030;AE;2;789582508062 6
73010; 031;AE;2;100970050004 8
73110E; 032;AE;2;789582500144 7
ETC4069AE; 033;AE;2;789582506366 7
70820108E; 034;AE;2;789582504789 6
70100814E; 035;AE;2;789582503250 2
4133L012E; 036;AE;2;789582507120 4
79950227E; 037;AE;2;789582506164 9
70490786E; 038;AE;2;789582507942 2
70490785E; 039;AE;2;789582507941 5
3117L011; 040;AE;2;100310057987 1
70440188E; 041;AE;2;789582507151 8
37735831; 042;AE;2;100080051807 0
36853316; 043;AE;2;100020055433 3
266945; 044;AE;2;789582500566 7
70420022E; 046;AE;2;789582503825 2
GC0570056; 046;AE;2;120340023332 3
11710050; 046;AE;2;789537205218 3
FS108161E; 047;AE;2;789582506414 5
2645L013; 049;AE;2;100670057899 2
50983167; 050;AE;2;789000232406 7
3682H003E; 050;AE;2;789582502501 6
70680013; 051;AE;2;100300051392 0
70998125; 052;AE;2;100140339088 9
33555123; 053;AE;2;100080052125 4
 0206008; 054;AE;2;789582500867 5
71075E; 055;AE;2;789582500047 1
36241123; 056;AE;2;789582502413 2
77489E; 057;AE;2;789582500391 5
70500009E; 058;AE;2;789582507954 5
70200697; 059;AE;2;100080052344 9
2645L612; 060;AE;2;100670057900 5
2646E010;060A;AE;2;789582507448 9
2646E016;060A;AE;2;100620057922 2
70490378; 061;AE;2;100020054053 4
50925698; 061;AE;2;720020050780 1
70490378RE; 061;AE;2;789582508608 6
70490320RE; 062;AE;2;789582520008 6
70332NA; 062;AE;2;789000239425 1
50944532; 063;AE;2;720020050116 8
36866746E; 063;AE;2;789582502606 8
70490133; 064;AE;2;100020051175 6
ERR4883AE; 065;AE;2;789582506351 3
3116W001E; 066;AE;2;789582501970 1
70180159E; 067;AE;2;789582503314 1
ERR3283AE; 068;AE;2;789582506293 6
73031NA; 068;AE;2;789000238429 0
50948367; 068;AE;2;720020050678 1
70180196; 069;AE;2;100600332888 1
70998164E; 070;AE;2;789582506140 3
7008085R1E; 071;AE;2;789000439283 5
70740788E; 071;AE;2;789582508054 1
ERR3424AE; 072;AE;2;789582506305 6
2314F007; 073;AE;2;100040057710 1
70200653; 074;AE;2;100080052333 3
FB106111E; 075;AE;2;789582506388 9
0650204E; 076;AE;2;789582501007 4
4111A013E; 077;AE;2;789582502820 8
4111A013US; 077;AE;2;789003132288 1
70600006; 078;AE;2;100250058290 0
70490117; 079;AE;2;789582503974 7
70723AN; 079;AE;2;130020050083 6
50938030; 081;AE;2;720020050693 4
70998063E; 081;AE;2;789582506076 5
70222NAK; 082;AE;2;789854428898 4
70998064; 082;AE;2;789582506077 2
50945431; 082;AE;2;720020050694 1
70490352R; 083;AE;2;100010014555 6
70490352E; 083;AE;2;789582507850 0
36866105E; 084;AE;2;789582502594 8
73035NA; 085;AE;2;789000237772 8
ERR2378AE; 085;AE;2;789582506284 4
50947367; 085;AE;2;720020050679 8
73158E; 086;AE;2;789582537072 7
77424E; 087;AE;2;789582500374 8
FX110041E; 088;AE;2;789582545320 8
70180183E; 089;AE;2;789582503326 4
HS013E; 090;AE;2;789582500452 3
70650161E; 091;AE;2;789582508009 1
70920186E; 092;AE;2;789582508094 7
2645A617; 093;AE;2;789582501900 8
70740378E; 094;AE;2;789582504645 5
70991786; 095;AE;2;100020054202 6
V6801180; 096;AE;2;000008409996 9
77496E; 096;AE;2;789582500394 6
70490341RE; 097;AE;2;789582519925 0
70422NA; 097;AE;2;789000238299 9
3683H005E; 098;AE;2;789582502532 0
70490398RE; 099;AE;2;100010014570 9
 0490706;100;AE;2;100020057309 9
70490143;101;AE;2;100020054007 7
70421NAK;102;AE;2;789000240340 3
70490353RE;102;AE;2;789582508785 4
70021NAK;102;AE;2;789000237422 2
70490353;102;AE;2;100020054040 4
70040010;103;AE;2;789582502944 1
ERR2216AE;104;AE;2;789582506278 3
70470106E;105;AE;2;789582503924 2
70240268E;106;AE;2;789582507757 2
FB108161E;107;AE;2;789582506393 3
3386A004;108;AE;2;100050036511 0
4133L011;109;AE;2;789582507586 8
73172E;109;AE;2;789582536781 9
70998105E;110;AE;2;789582506104 5
70820086E;111;AE;2;789582504773 5
TE110151E;112;AE;2;789582506453 4
2646E008E;113A;AE;2;789582507447 2
3771K101;114;AE;2;100080056368 1
 0490307;115;AE;2;100020057289 4
70490377E;116;AE;2;789582507877 7
33154126;117;AE;2;100300058988 8
423664;118;AE;2;100230053982 1
3382P004;120;AE;2;100020059472 8
70650074;121;AE;2;100120050375 8
70180235E;122;AE;2;789582507702 2
70180236E;122;AE;2;789582507703 9
ETC5592B;123;AE;2;100170339290 3
72118E;123;AE;2;789582536798 7
70950033E;124;AE;2;789582504965 4
70200764;125;AE;2;789582503557 2
70740733E;126;AE;2;789582504648 6
ERR0560AE;127;AE;2;789582506247 9
70490032E;128;AE;2;789582503943 3
70490410E;129;AE;2;789582507907 1
70843NA;130;AE;2;789000240342 7
70490349E;130;AE;2;789582507847 0
50937398;131;AE;2;789000232407 4
70490749R;131;AE;2;789582521374 1
36825107E;133;AE;2;789582502498 9
70100706E;134;AE;2;789582503197 0
70820048E;135;AE;2;789582504747 6
79950136;136;AE;2;100940053714 6
4138A035;137;AE;2;789582502887 1
2313R082;138;AE;2;789582501749 3
70240104;139;AE;2;100480053154 1
74067;140;AE;2;100800053430 2
FS110301E;141;AE;2;789582506421 3
ERR1203BE;142;AE;2;789582506262 2
70740737E;143;AE;2;789582504652 3
TE110051E;144;AE;2;789582506451 0
70420021;145;AE;2;789582503824 5
70380051;146;AE;2;789582503791 0
70570094E;147;AE;2;789582545245 4
70200091;148;AE;2;100480051260 1
77419E;149;AE;2;100670050515 8
70740343E;150;AE;2;789582504625 7
70200284E;151;AE;2;789582503408 7
ERR2228AE;153;AE;2;789582506281 3
70920071;154;AE;2;100240050802 4
70330026E;155;AE;2;789582503729 3
0826251E;156;AE;2;789582501118 7
77068;157;AE;2;101000053782 5
70220NAK;159;AE;2;789854400179 8
FB108091E;160;AE;2;789582506390 2
70100803E;161;AE;2;789582503249 6
70740367;163;AE;2;789582504637 0
70993025E;164;AE;2;789582505844 1
70057;165;AE;2;789582500019 8
A16M104;65;AE;2;789000440344 9
7008460R1E;72;AE;2;789002440788 5
ERR3424AP;72;AE;2;789002440466 2
32166329E; 001;AF;2;789582502076 9
FC108081E; 002;AF;2;789582506401 5
 0380164; 003;AF;2;789582500898 9
2314J001; 004;AF;2;789582501776 9
70940126; 005;AF;2;100870050876 4
2117715;005A;AF;2;789017439338 0
RCCE0050;005A;AF;2;789017433079 8
70200214E; 006;AF;2;789582503373 8
OTD0025; 007;AF;2;170210053121 5
70470123E;007A;AF;2;789582507793 0
OTD0024; 008;AF;2;170210053120 8
OTD0023; 009;AF;2;170210053119 2
70100840E; 010;AF;2;789582507669 8
2646E015;010A;AF;2;100620057920 8
2646E009E;010A;AF;2;789582507178 5
70993689; 011;AF;2;789582508232 3
70740311E; 012;AF;2;789582504613 4
70991698E; 013;AF;2;789582505350 7
3612H001; 014;AF;2;100190059683 8
2314K159; 015;AF;2;100040057757 6
70470112E; 016;AF;2;789582503927 3
70470125E;016A;AF;2;789582507794 7
2314J008; 017;AF;2;789582501782 0
70740758E;017A;AF;2;789582508043 5
4138A033E; 018;AF;2;789582502885 7
ERR2732AE;018A;AF;2;789582506290 5
70240040; 019;AF;2;100510051748 8
70440032P; 020;AF;2;789005140568 7
70440032; 020;AF;2;100510051872 0
2314J012E; 021;AF;2;789582501785 1
32184234; 022;AF;2;789582502088 2
3685F005E; 023;AF;2;789582502560 3
70265NA; 023;AF;2;789000238788 8
33813131E; 024;AF;2;789582502269 5
33531136; 025;AF;2;100210059358 0
32712111E; 026;AF;2;789582502115 5
3687W006E; 027;AF;2;789582502627 3
3311K009; 028;AF;2;100240058918 4
2314H008E; 029;AF;2;789582501767 7
70740041; 030;AF;2;100040050151 9
70820127E; 031;AF;2;789582519446 0
70240189; 031;AF;2;100480051762 0
70540119; 032;AF;2;100090051614 3
ERR3339AE; 033;AF;2;789582506299 8
3818D013; 034;AF;2;100070052376 1
70820102; 035;AF;2;100140050665 8
70820101; 036;AF;2;789582504784 1
2314H031; 037;AF;2;100040057724 8
77407E; 038;AF;2;789582500362 5
70330102; 039;AF;2;100660051840 1
70810054E; 040;AF;2;789582504720 9
 0748404; 040;AF;2;100040057528 2
70100820E; 041;AF;2;789582507658 2
33121416E; 041;AF;2;789582502157 5
33813129E; 042;AF;2;789582502268 8
32718523E; 043;AF;2;789582502121 6
2318A634E; 044;AF;2;789582501810 0
33117426; 045;AF;2;100240058912 2
2485A204; 046;AF;2;100120057798 8
33117434E; 047;AF;2;789582502154 4
70680015E; 048;AF;2;789582504510 6
33817135E; 049;AF;2;789582507091 7
70490691E; 050;AF;2;789582508829 5
36831112; 051;AF;2;100020053566 0
ERC5913AE; 052;AF;2;789582508388 7
3764E061; 053;AF;2;100080052110 0
2314J003E; 054;AF;2;789582501778 3
41425784E; 055;AF;2;100610058215 5
70820118E; 056;AF;2;789582508069 5
70650070E; 057;AF;2;789582504400 0
70740362; 058;AF;2;100040051417 5
2314H001; 059;AF;2;100040057712 5
70490283E; 060;AF;2;789582504074 3
77374E; 061;AF;2;789582500345 8
70200592E; 062;AF;2;789582503501 5
 0096448; 063;AF;2;789582500823 1
36857411; 064;AF;2;100020051147 3
635859; 065;AF;2;789582500728 9
70740310E; 066;AF;2;789582504612 7
2311D060; 067;AF;2;100040057688 3
70490210; 068;AF;2;100020051033 9
70610062; 069;AF;2;789582504273 0
70100828E; 070;AF;2;789582507663 6
70991967; 070;AF;2;789582505430 6
3753R111; 071;AF;2;100480054162 5
2314C035; 072;AF;2;100040057703 3
70200706E; 073;AF;2;789582503529 9
3342A605E; 074;AF;2;789582508541 6
3342A605P; 074;AF;2;789004139886 9
36867153; 075;AF;2;100020051117 6
2313C077E; 076;AF;2;789582507099 3
77410E; 077;AF;2;789582500364 9
2314J002E; 078;AF;2;789582501777 6
2646E006E;079A;AF;2;789582507446 5
2646E012;079A;AF;2;100620057918 5
32718522E; 080;AF;2;789582502120 9
70740191E; 081;AF;2;789582504605 9
70740790E; 082;AF;2;789582508055 8
70740144E; 083;AF;2;789582504594 6
70820076E; 084;AF;2;789582504766 7
32416117E; 085;AF;2;789582502100 1
 0206136; 086;AF;2;100080057020 7
2645A606E; 088;AF;2;789582501896 4
V6801052; 088;AF;2;789006733271 7
31754119; 089;AF;2;100700058834 6
3327E009E; 090;AF;2;789582502215 2
70740308; 091;AF;2;100040051390 1
70740307E; 092;AF;2;789582504609 7
2511437E; 093;AF;2;789582501356 3
635446; 094;AF;2;100060051517 0
3771K043; 095;AF;2;100080055462 7
2314F003; 096;AF;2;100040057708 8
70100715; 097;AF;2;100070052139 2
70950032; 098;AF;2;100930050664 8
70820106E; 099;AF;2;789582504788 9
70650138E;100;AF;2;789582504426 0
2551A009E;101;AF;2;789582501854 4
2551A009P;101;AF;2;789005939746 5
73072;102;AF;2;100900058193 8
2645A616;103;AF;2;789582501899 5
70998005;104;AF;2;100070053415 6
SI7366;105;AF;2;789006732289 3
36831115;106;AF;2;100020051219 7
36831122;107;AF;2;100020051088 9
70470072E;108;AF;2;789582503912 9
70993192E;109;AF;2;789582505890 8
70740040;110;AF;2;789582504551 9
70740738;111;AF;2;789582508035 0
2645680;112;AF;2;100670057871 8
70420028E;113;AF;2;789582508680 2
2313C059;114;AF;2;789582501737 0
2314J038E;115;AF;2;789582501788 2
33123125E;116;AF;2;789582502160 5
70490267E;117;AF;2;789582504062 0
50954798;118;AF;2;789000232401 2
36861448E;118;AF;2;789582502564 1
2722A206E;119;AF;2;789582501940 4
70440038;11A;AF;2;100510051873 7
ERR0913BE;121;AF;2;789582506256 1
2645A603;122;AF;2;789582501894 0
2314N043E;123;AF;2;789582501798 1
635447;124;AF;2;100020053036 8
3317M001;125;AF;2;101160054250 9
 0330505;126;AF;2;100220057022 1
70490109;127;AF;2;100020053210 2
70740088;128;AF;2;100040051412 0
70740090;129;AF;2;100040051451 9
70100724;130;AF;2;789582503207 6
70740155;131;AF;2;789582504596 0
70490390;132;AF;2;789582507888 3
70740361;133;AF;2;100040051485 4
33451804E;134;AF;2;789582502243 5
70998058E;135;AF;2;789582506072 7
3313E011;136;AF;2;100340058956 3
32413415;137;AF;2;100480053888 5
70950030;138;AF;2;100930050663 1
ETC8810AE;139;AF;2;789582506386 5
2314H006E;141;AF;2;789582501765 3
BU807A;142;AF;2;100660054851 4
7008436R91E;142;AF;2;789010940708 3
ERR3343PAR;142;AF;2;789010936917 6
ERR3343DE;142;AF;2;789582506302 5
 0780005;143;AF;2;100700053703 0
70920106E;144;AF;2;789582504878 7
70200092;145;AF;2;100480052084 2
70993663R;146;AF;2;789582521991 0
3818X901;147;AF;2;100070050839 3
U5MH0050E;148;AF;2;789582506468 8
31171962;149;AF;2;100310057979 6
70570131E;150;AF;2;789582507977 4
4142V002E;151;AF;2;100510052597 1
70180042;152;AF;2;100620053095 7
31744151;153;AF;2;789582502049 3
70920130;154;AF;2;100240050131 5
2314H013;155;AF;2;789582501770 7
2645A021E;156;AF;2;789582501890 2
 0201045;157;AF;2;100080057010 8
70180198E;157;AF;2;789582507687 2
70100660;158;AF;2;100070051998 6
ERC5923CE;159;AF;2;789582508389 4
3311X002E;160;AF;2;789582502156 8
3654W003;161;AF;2;789582506977 5
70740757E;162;AF;2;789582504656 1
7008334R1E;50;AF;2;789000240379 3
M57039 STD; 001;B;2;789476604284 7
3152180; 001;B;2;789582501431 7
77639610; 002;B;2;789005840233 7
3152180AE; 002;B;2;789582502037 0
M57039 025; 002;B;2;789476604286 1
BC039 025; 002;B;2;789000634824 3
M57039 050; 003;B;2;789476604288 5
3152180B; 003;B;2;789582502038 7
3152180CE; 004;B;2;789582537756 6
M57039 075; 004;B;2;789476604290 8
77639640 100; 005;B;2;789053710461 5
86039644 100; 005;B;2;280060050330 1
M57039 100; 005;B;2;789476604292 2
M57039 150; 006;B;2;789476604294 6
203884150; 006;B;2;789000633549 6
315270; 007;B;2;789582500570 4
B57037 STD; 007;B;2;789476601590 2
315270AE; 008;B;2;789582537262 2
B57037 025; 008;B;2;789476601592 6
B57037 050; 009;B;2;789476601594 0
315270B; 009;B;2;789582501439 3
SBC039J; 01;B;2;789000640553 3
315270C; 010;B;2;789582501440 9
B57037 075; 010;B;2;789476601595 7
B57037 100; 011;B;2;789476601597 1
77638640; 011;B;2;789053710456 1
B57037 150; 012;B;2;120060050181 8
635814A; 013;B;2;100240052460 4
L57015 019; 014;B;2;120240040403 0
U5ME0009; 015;B;2;100580059767 4
HS074; 016;B;2;789582508418 1
HS074AE; 017;B;2;789582508419 8
7006682C1E; 018;B;2;789001738403 2
70910101E; 018;B;2;789582525655 7
7006684R1E; 018;B;2;789001738653 1
70910080; 018;B;2;789582508678 9
70910100E; 019;B;2;789582524617 6
7007220C1E; 019;B;2;789001740543 0
3142H041E; 020;B;2;789582507474 8
70910015A; 021;B;2;100170054198 4
70910015B; 022;B;2;100170054199 1
75151; 024;B;2;789582500238 3
VT30576; 025;B;2;789001738444 5
ERR3291AE; 025;B;2;789582506297 4
M57038 STD; 026;B;2;789476604278 6
4203192; 026;B;2;789582501463 8
4203192AE; 027;B;2;789582536918 9
77633610 025; 027;B;2;789000636716 9
M57038 025; 027;B;2;789476604279 3
M57038 050; 028;B;2;789476604280 9
4203192BE; 028;B;2;789582502912 0
BC038J 030; 029;B;2;120220052648 2
4203192C; 029;B;2;789582502913 7
M57038 075; 029;B;2;789476604281 6
SBC039J020; 03;B;2;789000640277 8
BC039J 020; 03;B;2;120060032282 6
77633640; 030;B;2;789000632828 3
M57038 100; 030;B;2;789476604282 3
M57038 150; 031;B;2;789476604283 0
77633650; 031;B;2;789053710431 8
B57038 STD; 032;B;2;789476601599 5
420370P; 032;B;2;789000640232 7
420370; 032;B;2;789582500586 5
B57038 025; 033;B;2;789476601600 8
420370AE; 033;B;2;789582536927 1
420370BE; 034;B;2;789582545602 5
B57038 050; 034;B;2;789476601601 5
B57038 075; 035;B;2;789476601602 2
420370C; 035;B;2;789582501472 0
86032634 075; 035;B;2;280060010702 8
77632640; 036;B;2;789000633038 5
77632640; 036;B;2;789053710424 0
77632650; 037;B;2;789053710425 7
B57038 150; 037;B;2;789476601604 6
U5MB0015; 038;B;2;100580059766 7
U5MB0014; 039;B;2;100010014826 7
HS008B; 040;B;2;789582500754 8
HS008CE; 041;B;2;789582500755 5
HS008D; 042;B;2;100240339379 5
L57009; 043;B;2;120240050369 6
635756; 043;B;2;100240053030 8
635756A; 044;B;2;100240053045 2
L57009 019; 044;B;2;120240050242 2
635814; 045;B;2;100240050685 3
L57015; 045;B;2;120240050868 4
70910060; 046;B;2;100170050791 1
7007206C1E; 046;B;2;789001740614 7
R7002262C1E; 046;B;2;789582525716 5
70910060R; 046;B;2;789582519435 4
70910061R; 047;B;2;789582519468 2
70910061; 047;B;2;100170050792 8
7007210C1E; 047;B;2;789001740082 4
R7002266C1E; 047;B;2;789582537061 1
R7002267C1E; 048;B;2;789582525590 1
70910094R; 048;B;2;789582519438 5
248EC; 049;B;2;789001732827 2
50017706; 049;B;2;789053711432 4
VE0570031; 049;B;2;789241548004 0
7008005R1; 049;B;2;789582535406 2
VS0886; 049;B;2;789001719590 4
70910002RE; 049;B;2;789582508861 5
70910002; 049;B;2;100170050729 4
70998143; 050;B;2;100170055026 9
VE0570034; 050;B;2;120170052573 5
50017727 STD; 050;B;2;789053711453 9
VA0570033; 051;B;2;120170052569 8
50017707 STD; 051;B;2;789053711433 1
 0910069; 051;B;2;100170057674 0
250AMF; 051;B;2;789001733519 5
70998030P; 052;B;2;789001740591 1
70998030E; 052;B;2;789582506048 2
75040; 053;B;2;100170050007 3
M57285 STD; 054;B;2;789476604307 3
SBC285JSTD; 054;B;2;789000636450 2
77635600 STD; 054;B;2;789000633393 5
423669; 054;B;2;789582500611 4
M57285 025; 055;B;2;789476604308 0
SBC285J 010; 055;B;2;789000637016 9
423669A; 055;B;2;789582501545 1
77635610 025; 055;B;2;789053710438 7
SBC285J 020; 056;B;2;789000636539 4
77635620 050; 056;B;2;789053710439 4
BC285 020; 056;B;2;120060052692 7
423669B; 056;B;2;789582501546 8
M57285 050; 056;B;2;789476604309 7
SBC285J 030; 057;B;2;789241513422 6
423669C; 057;B;2;789582501547 5
M57285 075; 057;B;2;789476604310 3
BC285J 100; 058;B;2;120060052887 7
M57285 100; 058;B;2;789476604311 0
77635640; 058;B;2;789000634625 6
77635640 100; 058;B;2;789000633039 2
SB57375 STD; 060;B;2;789476601627 5
423670; 060;B;2;789582500612 1
423670; 060;B;2;789005800853 9
7008309R91; 060;B;2;789005840809 4
SBB375J 010; 061;B;2;789000637197 5
423670AE; 061;B;2;789582536661 4
B57375 025; 061;B;2;789476601628 2
SBB375J 020; 062;B;2;789000636921 7
B57375 050; 062;B;2;789476601629 9
423670B; 062;B;2;789582501549 9
SBB375J 030; 063;B;2;789000636557 8
423670C; 063;B;2;789582501550 5
77634630 075; 063;B;2;789000635980 5
B57375 075; 063;B;2;789476601630 5
77634640 100; 064;B;2;789053710436 3
BB375J 100; 064;B;2;120060053059 7
B57375 100; 064;B;2;789476601631 2
423670D; 064;B;2;100060051918 5
103924 150; 065;B;2;789000634125 1
S1025; 066;B;2;100580059684 4
U5MB0007E; 066;B;2;789582506465 7
L57006; 067;B;2;120240050867 7
3152148P; 067;B;2;789002440586 7
3152148; 067;B;2;789582501416 4
AE006J005; 068;B;2;120240053207 8
L57006 019; 068;B;2;120240050126 5
3152148AE; 068;B;2;789582545160 0
424808; 069;B;2;789582500619 0
79249600 STD; 069;B;2;789003035634 4
AE032J; 069;B;2;120240052697 8
86027604; 069;B;2;280060010698 4
L57032 STD; 069;B;2;789476603940 3
79249610; 069;B;2;789003039361 5
SBB037J; 07;B;2;789000640554 0
424808A; 070;B;2;789582501552 9
L57032 019; 070;B;2;789002405399 0
L57036 STD; 071;B;2;789241539472 9
HS008; 071;B;2;789582500447 9
L57036 019; 072;B;2;120240052514 8
HS008A; 072;B;2;789582500753 1
70910020R; 073;B;2;789582519437 8
70910021; 074;B;2;100170050770 6
70910059R; 075;B;2;789582519448 4
7007216C1E; 075;B;2;789582585538 5
R7002273C1E; 075;B;2;789582537121 2
7008006R1; 076;B;2;789582535494 9
70910009RE; 076;B;2;789582519432 3
50017792; 076;B;2;789053711518 5
VS1160; 076;B;2;920010010038 4
VA0570024; 076;B;2;789241548028 6
VA602A; 076;B;2;170170010846 9
70910016; 076;B;2;100170050761 4
70910010R; 077;B;2;789582519430 9
7008007R1; 077;B;2;789582535492 5
VE0570023; 077;B;2;120170033524 2
70910010; 077;B;2;100170050743 0
VE0570020903; 077;B;2;789241548001 9
R7002268C1E; 077;B;2;789582525724 0
VS1161; 077;B;2;789418221183 4
50017793; 077;B;2;789053711519 2
70910001RE; 078;B;2;789582508859 2
VS0887; 078;B;2;789001726649 9
VA0570032; 078;B;2;789241548032 3
70910001; 078;B;2;100170050726 3
50017704; 078;B;2;789053711430 0
7008004R1E; 078;B;2;789582545302 4
247A; 078;B;2;789001732830 2
70998113E; 079;B;2;789582536751 2
70998116E; 080;B;2;789582545161 7
BC796 STD; 081;B;2;789000634898 4
HS007; 081;B;2;789582500446 2
M57796 STD; 081;B;2;789241534627 8
86054604; 081;B;2;280060050348 6
BC796 025; 082;B;2;789000634897 7
M57796 025; 082;B;2;789241534628 5
HS007A; 082;B;2;789582500752 4
77598610 025; 082;B;2;789000638166 0
77598620 050; 083;B;2;789053710494 3
DGBC13025 050; 083;B;2;789000636336 9
M57796 050; 083;B;2;120060052512 8
86054634 075; 084;B;2;280060050351 6
77598630; 084;B;2;789000633049 1
B57377 STD; 085;B;2;789241534616 2
HS009; 085;B;2;789582500448 6
BB377MT 025; 086;B;2;789000634845 8
HS009AE; 086;B;2;789582500757 9
B57377 025; 086;B;2;789241534617 9
77597610 025; 086;B;2;789000638420 3
77597620 050; 087;B;2;789053710489 9
10844 050; 087;B;2;690060050040 2
B57377 050; 087;B;2;120060052329 2
77597630; 088;B;2;789000633048 4
B57377 075; 088;B;2;120060052513 5
77597630; 088;B;2;789053710490 5
77597640;088A;B;2;789053710491 2
CBA32; 089;B;2;789005838446 6
B57486 STD; 089;B;2;789476601653 4
4236114; 089;B;2;789582501476 8
BB486 STD; 089;B;2;120060052759 7
BB037J 020; 09;B;2;120060053206 5
SBB037J020SPA; 09;B;2;789000637883 7
B57486 025; 090;B;2;789476601654 1
4236114A; 090;B;2;789582502916 8
B57486 050; 091;B;2;789476601655 8
4236114B; 091;B;2;789582502917 5
BB486 050; 091;B;2;789000634820 5
4236114C; 092;B;2;789582502918 2
B57486 075; 092;B;2;789476601656 5
SBB486J075; 092;B;2;789000640771 1
B57486 100; 093;B;2;789476601657 2
77647640 100; 093;B;2;789053710486 8
77642600 STD; 094;B;2;789053710470 7
B57150 STD; 094;B;2;789476601611 4
635839E; 094;B;2;789582500721 0
BB150J STD; 094;B;2;120060031833 1
635839A; 095;B;2;100060052890 3
B57150 025; 095;B;2;789476601612 1
77642610 025; 095;B;2;789053710471 4
635839B; 096;B;2;100580052720 6
B57150 050; 096;B;2;789476601613 8
635839CE; 097;B;2;789582501641 0
B57150 075; 097;B;2;789476601614 5
B57150 100; 098;B;2;120060050037 8
B57150 150; 099;B;2;120060050851 0
VS2816;100;B;2;789001725930 9
70910018;100;B;2;100170050767 6
R7002270C1;100;B;2;789582545242 3
VE0570037;100;B;2;120170052574 2
7008013R1;100;B;2;789582535367 6
50017770;100;B;2;789053711496 6
70910018R;100;B;2;789582508858 5
70910102E;101;B;2;789000134231 4
7006683C1E;101;B;2;789582534707 1
R7002271C1;102;B;2;789001739282 2
50017859;102;B;2;789053711574 1
70910019;102;B;2;100170050793 5
70910019RE;102;B;2;789582519471 2
70910023;103;B;2;100010012519 0
70910023RE;103;B;2;789582519436 1
70910024RE;104;B;2;789000134227 7
70910003RE;105;B;2;789582519433 0
7008002R1E;105;B;2;789001740630 7
70910003;105;B;2;100170050737 9
VA0570035;105;B;2;120170052644 2
70993465E;106;B;2;789582536472 6
4133L509;106A;B;2;789001736398 3
70998003E;107;B;2;789582536888 5
70440172E;107A;B;2;789582503877 1
SBC286J STD;108;B;2;120060053098 6
635436;108;B;2;789582500661 9
U5MB0030;108;B;2;789005837722 2
M57286 STD;108;B;2;789476604313 4
635436A;109;B;2;789582501594 9
M57286 025;109;B;2;789476604314 1
635436BE;110;B;2;789582501595 6
M57286 050;110;B;2;789476604315 8
635436C;111;B;2;789582501596 3
M57286 075;111;B;2;789476604316 5
M57286 100;112;B;2;120060050158 0
635436P;112;B;2;100580050850 2
77637640 100;112;B;2;789053710451 6
B57376 STD;113;B;2;789476601633 6
635437;113;B;2;789582500662 6
635437AE;114;B;2;789582501597 0
SBB376J010;114;B;2;789000041070 0
B57376 025;114;B;2;120060050144 3
635437B;115;B;2;789582501598 7
B57376 050;115;B;2;120060050189 4
635437CE;116;B;2;789582501599 4
B57376 075;116;B;2;120060050198 6
635437D;117;B;2;100060050853 0
77636640 100;117;B;2;789053710446 2
B57376 100;117;B;2;120060050202 0
B57374 STD;118;B;2;789241545737 0
HS075;118;B;2;789582508420 4
SB374;118;B;2;789000639963 4
HS075AE;118A;B;2;789582508421 1
RB4374A 050;119;B;2;789000638440 1
SB374050;119;B;2;789000639956 6
BB71930 075;119A;B;2;789000638441 8
70050189;120;B;2;789582502997 7
BG862;120;B;2;120220052528 7
G57862;120;B;2;120220050173 1
635854E;121;B;2;789582500727 2
77643600 STD;121;B;2;789053710474 5
M57153 STD;121;B;2;789476604301 1
77643610 025;122;B;2;789053710475 2
M57153 025;122;B;2;789476604302 8
635854AE;122;B;2;789582501643 4
77643620 050;123;B;2;789000634678 2
M57153 050;123;B;2;789476604303 5
635854B;123;B;2;100580052891 3
M57153 075;124;B;2;789476604304 2
635854CE;124;B;2;789582501645 8
77643630 075;124;B;2;789053710477 6
M57153 100;125;B;2;789476604305 9
M57153 150;126;B;2;120060050267 9
VE0570112;127;B;2;120170052645 9
70910012RE;127;B;2;789582519431 6
50017740;127;B;2;789053711466 9
7007213C1E;128;B;2;789000040922 3
70910013R;128;B;2;789582508862 2
R7002269C1E;128;B;2;789582537771 9
70910013;128;B;2;100170050758 4
50017741;128;B;2;789053711467 6
VS2815;129;B;2;789001719396 2
3392AC;129;B;2;789001735631 2
70910017R;129;B;2;789582508860 8
VA0570038;129;B;2;120170052575 9
50017769;129;B;2;789053711495 9
R7002265C1E;129;B;2;789582525588 8
KVS2815;129;B;2;280170050729 9
7008012R1;129;B;2;789582535357 7
70910017;129;B;2;100170050765 2
7008003R1;130;B;2;789001738576 3
70910038;130;B;2;100170050789 8
50017705;130;B;2;789053711431 7
50017766;131;B;2;789053711492 8
VS2833;131;B;2;789001713585 6
7008016R1;131;B;2;789582535364 5
70910036;131;B;2;100010014674 4
7007219C1E;131;B;2;789582585620 7
70910099E;131;B;2;789582536835 9
VE0570122;131;B;2;120170052562 9
50017765;132;B;2;789053711491 1
70910034;132;B;2;100010014672 0
70910097E;132;B;2;789582536967 7
7007217C1E;132;B;2;789582585539 2
VS4266;132;B;2;920170320069 3
50017841;133;B;2;789053711550 5
50017842;133;B;2;789053711557 4
70910010A;133;B;2;100170050747 8
70993659E;134;B;2;789582536688 1
50017726;134;B;2;789053711452 2
7008401R91;134;B;2;789005140424 6
70910010B;134;B;2;100170050754 6
70998114E;135;B;2;789582506111 3
635403E;136;B;2;100580052475 5
M57287 STD;136;B;2;789476604318 9
635403AE;137;B;2;789582501561 1
M57287 025;137;B;2;789476604319 6
77641610;137;B;2;789053710466 0
77641620;138;B;2;789053710467 7
635403B;138;B;2;100580052593 6
M57287 050;138;B;2;789476604320 2
M57287 075;139;B;2;789476604321 9
635403C;139;B;2;789582500647 3
635474;140;B;2;789582500679 4
7W4816;140;B;2;789000637617 8
B57485 STD;140;B;2;789476601649 7
B57485 025;141;B;2;789476601650 3
635474A;141;B;2;789582501611 3
B57485 050;142;B;2;789476601651 0
635474B;142;B;2;789582501612 0
635474CE;143;B;2;789582501613 7
70050052;144;B;2;100220050932 0
G57002;144;B;2;120220050401 5
3112E011;144A;B;2;789582507461 8
3112E031;144A;B;2;789002238837 7
50119;145;B;2;789002239281 7
0050119/1;145;B;2;789002239831 4
G57003STD SEMI;145;B;2;120220050071 0
 0050119;145;B;2;789582500772 2
BG003JSTD;145;B;2;120220282613 9
G57004;145;B;2;120220050185 4
86099604;146;B;2;280220050001 8
G57036;146;B;2;789002202974 4
70998085E;146;B;2;789582536670 6
BG036;146;B;2;120220052526 3
70998078E;147;B;2;789582536763 5
G57509;147;B;2;120220050866 2
70050213E;148;B;2;789582536986 8
G57595;148;B;2;120220051210 2
635707;149;B;2;100580050242 5
B57036 STD;149;B;2;789476601584 1
SB57036 025;150;B;2;789476601585 8
77653610 025;150;B;2;789053710536 0
635707A;150;B;2;100580050909 7
635707BE;151;B;2;789582501618 2
77653620 050;151;B;2;789053710537 7
B57036 050;151;B;2;789476601586 5
635707CE;152;B;2;789582501619 9
77653630 075;152;B;2;789053710538 4
B57036 075;152;B;2;789476601587 2
BB036J1016;153;B;2;789000639779 1
77653640;153;B;2;789053710539 1
B57036 100;153;B;2;789476601588 9
B57036 150;154;B;2;789476601589 6
70910075E;155;B;2;789582508753 3
RA2162;155;B;2;789001736168 2
50017846;155;B;2;789053711561 1
7008017R1;155;B;2;789001740230 9
7008018R1;156;B;2;789001740229 3
RE2163;156;B;2;789001736167 5
70910076E;156;B;2;789582508752 6
70910011;157;B;2;100170050756 0
VA0570111;157;B;2;789001732513 4
50017739 STD;157;B;2;789053711465 2
50017847;158;B;2;789053711562 8
3142D061E;158;B;2;789582507473 1
7008014R1;159;B;2;789582535356 0
70910098E;159;B;2;789582536930 1
VS2831;159;B;2;920170050064 2
VA0570123;159;B;2;120170052561 2
70910035;159;B;2;100010014673 7
3342AC;160;B;2;789001732944 6
70910037;160;B;2;789582504844 2
70910016B;161;B;2;100170050448 4
70910022;161A;B;2;100170050773 7
70910016A;162;B;2;100170054200 4
70910009A;162;B;2;100170050741 6
70910009B;163;B;2;100170050742 3
77641600;163;B;2;789053710465 3
U5MB0034B;169;B;2;789000639155 3
T420155;170;B;2;789000637905 6
T410927;171;B;2;789000637750 2
U5MB0033;171A;B;2;789000636891 3
JSU519 050;172;B;2;789002238014 2
MBD681 050;172;B;2;789002233949 2
3112A005;173;B;2;789002237901 6
MBD722100;173;B;2;789002233952 2
U5ME0003;174;B;2;789001732413 7
U5ME0035;175;B;2;789005832564 3
U5MB0034;175A;B;2;789000639146 1
U5ME0035A;176;B;2;789000633715 5
M57037 STD;177;B;2;789476604272 4
635705;177;B;2;100580050923 3
77654600;177;B;2;789053710541 4
77654610;178;B;2;789053710542 1
M57037 025;178;B;2;789476604273 1
635705AE;178;B;2;789582501614 4
M57037 050;179;B;2;789476604274 8
635705BE;179;B;2;789582501615 1
77654620 050;179A;B;2;789053710543 8
M57037 075;180;B;2;789476604275 5
77654630 075;180;B;2;789053710544 5
635705CE;180;B;2;789582501616 8
77654650;181;B;2;789053710546 9
M57037 100;181;B;2;789476604276 2
77654640 100;181;B;2;789000634904 2
257037 150;182;B;2;120060050049 1
ERR3291AP;25;B;2;789001740092 3
4203192P;26;B;2;789000640465 9
SBC038J;26;B;2;789000640205 1
SBC038J020;28;B;2;789000640742 1
SBC039J010;32;B;2;789000640169 6
SBB038J;32;B;2;789000640141 2
SBB038J010;33;B;2;789000640743 8
SBB038J020;34;B;2;789000640673 8
7007211C1E;48;B;2;789001740394 8
VT26777;52;B;2;789001740139 5
77634600;60;B;2;789000635830 3
AE006;67;B;2;120240052544 5
79252600;67;B;2;789003039019 5
3152148A1;68;B;2;789002440033 6
97242620 040; 01;C;2;789053711988 6
S25031 040; 02;C;2;120150012250 9
S25041; 03;C;2;120150321030 2
93145600 STD; 04;C;2;789053711779 0
S25110 040; 05;C;2;120150322207 7
S25110 060; 06;C;2;120150322208 4
S25130; 07;C;2;120150321034 0
S25130 040; 08;C;2;120150322274 9
97241620 040; 09;C;2;789001534055 9
A25040 020; 093;C;2;789476601061 7
S25140;10;C;2;120150321035 7
A25130 020;100;C;2;789476601075 4
A25130 060;101;C;2;789476601077 8
A25189 040;102;C;2;789241562790 2
A25600 020;103;C;2;789476607411 4
800051241000;104;C;2;789053713378 3
A25759 STD;104;C;2;789241564398 8
800051240040;106;C;2;789053713299 1
A25750 STD;107;C;2;789476600604 7
A25919 060;108;C;2;789241562798 8
STD750000;109;C;2;789003035900 0
40618610;11;C;2;789053713308 0
A25180 020;110;C;2;789476601079 2
A25774 040;111;C;2;789476607321 6
LD6943060;112;C;2;789003036204 8
800013743060;113;C;2;789053710078 5
800051340040;114;C;2;789053713058 4
A25049 040;115;C;2;789241564182 3
SBG203J SEMI;116;C;2;789241555059 0
G25098;117;C;2;120220321796 7
SBG575J STD;118;C;2;789241555061 3
50017656;119;C;2;789053712896 3
S25140 040;12;C;2;120150322275 6
SBC407J STD;120;C;2;120060323407 2
SM25407 STD;120;C;2;789241554778 1
BG585 STD;121;C;2;789002236190 5
L25122 012;122;C;2;120240321551 0
VT26582;123;C;2;170170284060 2
B70494 100;124;C;2;120060053296 6
87200614;125;C;2;789053710614 5
B701035 100;126;C;2;120060282290 4
BB1035 100;126;C;2;789000634801 4
B701035 075;127;C;2;120060281841 9
PS4552 050;128;C;2;789001535064 0
PS4385 100;129;C;2;789001535066 4
S25140 060;13;C;2;120150322298 5
PS4634 100;130;C;2;789001535065 7
S70340;131;C;2;120150281083 1
S70890;132;C;2;120150281099 2
S70880 050;133;C;2;120150282317 6
S70880;134;C;2;120150281098 5
97329600;135;C;2;789053713242 7
41282610;136;C;2;789004538734 0
40728610;137;C;2;789053713393 6
K70670;138;C;2;120160280980 3
K70880;139;C;2;120160280984 1
S25160;14;C;2;120150321036 4
580310101;140;C;2;789003040314 7
ML1097200;141;C;2;789000136511 5
BB185 025;142;C;2;789000634807 6
BB185 STD;143;C;2;789000634808 3
A70669 STD;144;C;2;789241537439 4
A70862 050;145;C;2;789241527603 2
A70662 050;146;C;2;120300282010 5
CMA7711100;147;C;2;789003036623 7
800001043000;148;C;2;789053710146 1
800000947;149;C;2;789053713208 3
S25180 040;15;C;2;120150322277 0
87433644 100;150;C;2;789053710713 5
87433634;151;C;2;789053710712 8
BB280MT 100;152;C;2;789000634841 0
77307620;153;C;2;789000637320 7
77894600;153;C;2;789000137967 9
77894620;154;C;2;789000638606 1
BB121 STD;155;C;2;789000634802 1
BB121MT STD;155;C;2;789000634832 8
M70326 100;156;C;2;120060282411 3
BC326MT 100;156;C;2;789000634854 0
2301073M;157;C;2;230020280943 1
B220400;158;C;2;789000439162 3
BC292MT 100;159;C;2;789000634852 6
M70292 100;159;C;2;120060192392 3
S25180 060;16;C;2;120150322278 7
77656610;160;C;2;789053710553 7
M70290 STD;161;C;2;789476604489 6
BC290MT STD;161;C;2;789000634851 9
M70645 075;162;C;2;789241546898 7
10410MR;163;C;2;510410050093 6
10409MR;163;C;2;170520013253 5
05363BRGF;164;C;2;510410280028 7
557;165;C;2;789263700626 4
02842BRGF;166;C;2;170410051238 6
05269BRAGF;167;C;2;789004134556 6
A70070 100;168;C;2;789476601235 2
THD00136;169;C;2;789004238907 1
S25200;17;C;2;120150321038 8
10003;170;C;2;789267700002 4
10007;171;C;2;789267700005 5
10007A;172;C;2;789267700007 9
10010;173;C;2;789267700010 9
00734BR;174;C;2;789125200734 2
10122;175;C;2;789267700123 6
10100;176;C;2;789267700097 0
579;177;C;2;690430280013 6
PS4385 050;178;C;2;789001535069 5
PS4871 STD;179;C;2;789001535068 8
E25210;18;C;2;120150321121 7
PS4835 STD;180;C;2;789001535067 1
S25600;19;C;2;120150321040 1
S25400 STD;20;C;2;120150323428 5
S25460 STD;21;C;2;120150323434 6
S25456 STD;22;C;2;120150323433 9
S25450 STD;23;C;2;120150323432 2
S25410 STD;24;C;2;120150323870 2
S25410 040;25;C;2;120150323430 8
SCT54;26;C;2;789009738340 6
10025;27;C;2;789267700036 9
10052;28;C;2;789267700054 3
10091;29;C;2;789267700090 1
10117;30;C;2;789267700117 5
10146;31;C;2;789267700146 5
10150;32;C;2;789267700150 2
10189;33;C;2;789267700192 2
SM25358 STD;34;C;2;789241554769 9
BC358 STD;34;C;2;789000634890 8
M25358 100;35;C;2;789241504149 4
BC358MT 100;35;C;2;789000634855 7
BB254MT 100;36;C;2;789000634837 3
B25254 100;36;C;2;789476604850 4
BC387MT STD;37;C;2;789000634859 5
BC387MT 050;38;C;2;789000634857 1
BC387MT 075;39;C;2;789000634858 8
M25387 075;39;C;2;789476604153 6
BC387 100;39;C;2;789000634894 6
BC387 075;39;C;2;789000634893 9
M25387 100;40;C;2;789476604154 3
SBB554J;41;C;2;789000638271 1
B25261 075;42;C;2;789476601452 3
BB261MT 075;42;C;2;789000634838 0
B25261 100;43;C;2;789476601453 0
BB261 100;43;C;2;789000634814 4
77767610;44;C;2;789053710365 6
77767630 075;45;C;2;789053710367 0
77767640 100;46;C;2;789000635570 8
77766600 STD;47;C;2;789053710359 5
77766610;48;C;2;789053710360 1
77766640;49;C;2;789000637128 9
77766630;49;C;2;789053710362 5
SB25407 100;50;C;2;789241554719 4
77847620;51;C;2;789000637117 3
BB344MT 050;52;C;2;789000634843 4
BB344 075;53;C;2;789000634901 1
DGBB03344 075;53;C;2;789000636413 7
DGBB03344 100;54;C;2;789000636414 4
BC068J STD;55;C;2;120060322792 0
SM068 STD;55;C;2;789000634935 6
M25068 025;56;C;2;120060323458 4
M25068 050;57;C;2;789000632202 1
BB345 050;58;C;2;789000634818 2
77848625;59;C;2;789053713191 8
79317600;60;C;2;789053710409 7
L25034 012;61;C;2;120240321547 3
AE0340250;62;C;2;789002436181 1
79316600;63;C;2;789053710462 2
79316610;64;C;2;789053710463 9
AE0122020;65;C;2;789002436182 8
SL25122 STD;66;C;2;789241554847 4
SL25122 012;67;C;2;789241554848 1
380AC;68;C;2;789000137452 0
VS0992;68;C;2;920170320029 7
50017170;68;C;2;789053711410 2
3997ECB;70;C;2;789001735611 4
4156AC;71;C;2;789001737035 6
50017668;72;C;2;789053713445 2
VS2557;73;C;2;920170300058 3
50017737;73;C;2;789053711463 8
VE0250059;73;C;2;120170322559 5
3234AC;75;C;2;789001737537 5
50017756;75;C;2;789053711482 9
50017669;76;C;2;789053713446 9
RA1146;77;C;2;789001736165 1
VS4530;78;C;2;789001736152 1
VA0250166;79;C;2;120170323425 2
50017877 STD;80;C;2;789053712310 4
50017878 STD;81;C;2;789053712311 1
50017868;82;C;2;789053711579 6
RA1271;83;C;2;789001736148 4
50017787;84;C;2;789053711513 0
50017745;85;C;2;789053711471 3
VS5080;86;C;2;789001739179 5
50017869;87;C;2;789053711580 2
800061741000;88;C;2;789003035806 5
A25010 020;89;C;2;789476607313 1
800061740020 020;89;C;2;789053710178 2
800061741040;90;C;2;789053710179 9
A25025 STD;91;C;2;789476607316 2
A25025 040;92;C;2;789476609249 1
A25040 060;94;C;2;789476601063 1
A25100 020;95;C;2;789476601065 5
A25109 040;96;C;2;789241562786 5
800061640040;96;C;2;789003036701 2
800061640060;97;C;2;789053710173 7
A25110 020;98;C;2;789476601069 3
800013743040;99;C;2;789053710077 8
K57240; 001;D;2;120160050206 5
S57240; 001;D;2;120150050715 3
I39A002; 001;D;2;789582519573 3
3152193; 002;D;2;789582519582 5
K57100; 002;D;2;120150050409 1
3152154; 002;D;2;100150058035 0
S57100; 003;D;2;120150050713 9
K57120; 004;D;2;120160050270 6
S57120; 004;D;2;120150050132 8
S57200; 005;D;2;120150050020 8
7008282R91; 005;D;2;789001540840 2
I39A005;005A;D;2;789582519608 2
K57200;005B;D;2;120160050766 4
K57245;007A;D;2;120160050265 2
I39T004; 008;D;2;789582515631 4
S57260; 008;D;2;120150050046 8
K57260;008B;D;2;120160050269 0
S57230; 009;D;2;120150050203 5
K57220; 009;D;2;120160050271 3
K57230;009C;D;2;120160050278 2
S57300; 010;D;2;120150050047 5
I41008; 010;D;2;789582519563 4
K57300;010B;D;2;120160050770 1
S57320; 011;D;2;120150050133 5
K57320;011B;D;2;120160050355 0
S1035; 012;D;2;789582508492 1
R7001454C91; 012;D;2;789001539369 2
99760961; 012;D;2;789001634352 8
S1036; 013;D;2;789582508618 5
S1038; 013;D;2;789582519555 9
S1034; 013;D;2;100160054138 1
6357146; 014;D;2;789582519570 2
S57700;014A;D;2;120150050718 4
K57700;014B;D;2;120160050241 6
6357145; 015;D;2;789582519569 6
S57600;015A;D;2;120150050038 3
K57600;015B;D;2;120160050769 5
6354163; 016;D;2;789582519616 7
S57280;016A;D;2;120150050205 9
6354161; 017;D;2;789582519597 9
S57250;017A;D;2;120150050086 4
I41010; 018;D;2;789582519584 9
S57430;019A;D;2;120150050134 2
K57430;019B;D;2;120160050277 5
S57420;020A;D;2;120150050523 4
P4067;020A;D;2;789582524496 7
P4068;020B;D;2;789582524477 6
K57420;020B;D;2;120160050366 6
I41T012; 021;D;2;789582519577 1
S57450;021A;D;2;120150050135 9
K57450;021B;D;2;120160050223 2
I41011; 022;D;2;789582519554 2
S4051; 022;D;2;100160052868 9
S57440;022A;D;2;120150050717 7
K57440;022A;D;2;120160050276 8
I41T007; 023;D;2;789582519549 8
S57400;023A;D;2;120150330772 9
S4072; 001;E;2;101010059749 1
61068250; 002;E;2;789537216120 5
70530058RE; 002;E;2;789003507469 4
UC445 020; 002;E;2;789582522019 0
70993441E; 003;E;2;789582508136 4
HS066; 004;E;2;789582506998 0
70993442; 005;E;2;789582508137 1
HS034; 006;E;2;789582500469 1
7008418R91E; 007;E;2;789003040722 0
70993439; 007;E;2;789582507229 4
HS035; 008;E;2;789582500470 7
70993443E; 009;E;2;789582508138 8
50011307; 010;E;2;280300020458 8
70993444E; 010;E;2;789582508139 5
HS046; 011;E;2;789582500478 3
U5LL0021P; 012;E;2;789001534054 2
U5LL0021; 012;E;2;789582506462 6
70993438E; 013;E;2;789582508134 0
S1017; 014;E;2;100150059675 7
CRA7054;015B;E;2;560300030045 0
635406; 016;E;2;100150053026 3
HS047R; 017;E;2;100300054865 6
HS047; 017;E;2;789582500479 0
HS103; 019;E;2;789582508442 6
70993619; 019;E;2;789582508627 7
HS058; 020;E;2;789582506949 2
HS102;020A;E;2;789582508441 9
HS057; 021;E;2;789582506963 8
HS094; 022;E;2;789582508436 5
SLC6414; 023;E;2;789001538963 3
HS093; 023;E;2;789582508435 8
HS092; 024;E;2;789582508434 1
UC1070 040; 025;E;2;560010010120 8
UCO1070; 026;E;2;560010010142 0
HS107;026A;E;2;789582508546 1
A57729 STD; 027;E;2;789476606177 0
A57720 STD; 027;E;2;789476606147 3
HS108;027A;E;2;789582508545 4
A57609 STD; 028;E;2;789476606176 3
635759R; 028;E;2;100150054837 4
A57600 STD; 028;E;2;789476606146 6
HS106E;028A;E;2;789582508543 0
HS064; 029;E;2;789582500483 7
S1019;029A;E;2;789582507248 5
HS065; 030;E;2;789582506937 9
97307700; 030;E;2;280150020076 5
97307600;030A;E;2;280150020126 7
6354131;032A;E;2;100150052435 4
HS012; 033;E;2;789582500451 6
7008078R91; 033;E;2;789582535835 0
A57900 020; 034;E;2;789241535574 4
C371520 0.50; 035;E;2;789003033394 9
7008074R91; 035;E;2;789582535834 3
A57900 STD; 035;E;2;789476606178 7
HS006; 035;E;2;789582500445 5
C57610 050; 036;E;2;120350050081 3
UC996 030; 037;E;2;560350030062 2
61073350; 037;E;2;470350050668 8
UC996 040; 038;E;2;560010010133 8
HS067;038A;E;2;789582506933 1
UC996 060; 039;E;2;560010010134 5
UCO996; 041;E;2;560010010149 9
635851; 042;E;2;100150050858 3
E57700; 042;E;2;120150350150 9
U5LP0057;042A;E;2;789582508503 4
U5LP0058;042B;E;2;789582508504 1
6357110; 043;E;2;100150052641 9
E57600; 043;E;2;120150350148 6
4181A033E;043A;E;2;789582507597 4
4181A045E;043B;E;2;789582507598 1
70998021E; 044;E;2;789582506040 6
635428; 044;E;2;100150053032 4
E57280; 044;E;2;120150350094 6
3135X063E;044A;E;2;789582507467 0
70993697E; 045;E;2;789582508744 1
E57250; 045;E;2;120150350065 6
70998100E; 045;E;2;789582506101 4
70993696E;045A;E;2;789582508745 8
U5LL0015; 046;E;2;789582506459 6
70993699E;046A;E;2;789582508863 9
U5LL0014E; 047;E;2;789582508502 7
61065420; 048;E;2;789537217234 8
HS011; 048;E;2;789582500450 9
MM100739E; 048;E;2;789003538948 4
S57400 050;048A;E;2;120150330730 9
HS005; 049;E;2;789582500444 8
61065220 020; 049;E;2;789537216107 6
MM100738E; 049;E;2;789003538947 7
61071650; 050;E;2;470350050713 5
UC996; 052;E;2;120350040166 0
UC1070 STD; 053;E;2;560350050053 4
70530013RE; 053;E;2;789582537668 2
C57710; 053;E;2;120350050089 9
61104050; 053;E;2;789003539978 0
70530001RE; 054;E;2;789582522054 1
C57610; 054;E;2;120350050229 9
A445; 055;E;2;789003532292 4
70530028RE; 056;E;2;100350050441 1
618112020; 057;E;2;789537217613 1
70993493E; 058;E;2;789582508164 7
70530029E; 059;E;2;789582536727 7
A4606 020; 059;E;2;000009111971 1
70530055RE;36;E;2;789003540132 2
A444 040;36A;E;2;170350010762 8
UCO4579 STD;37;E;2;789003532456 0
618074050;37A;E;2;789537217607 0
P4069;42;E;2;789582524478 3
3778M021;001A;F;2;100390050864 4
70540058; 002;F;2;100390051609 0
37781321; 003;F;2;789582502770 6
70540042; 004;F;2;100090050612 0
70540043; 005;F;2;100390050629 9
37738234E; 006;F;2;789582502729 4
37731881E;006A;F;2;789582502714 0
37738235; 007;F;2;789582502730 0
3777J122; 008;F;2;100390052231 2
70540125; 009;F;2;100390051617 5
70540114;009A;F;2;100390050551 3
70540200E; 010;F;2;789582519998 4
70540038;010A;F;2;100390050525 4
70993238; 011;F;2;789582505908 0
41316612; 012;F;2;100010013278 5
70540128;012A;F;2;789582504171 9
70540146; 014;F;2;789582504186 3
70992431; 015;F;2;100090053119 1
70540041; 016;F;2;100510052356 4
2646A156;016A;F;2;100110057897 9
70993476;016A;F;2;789582508154 8
37781571; 017;F;2;789582502771 3
70540060; 018;F;2;100390050544 5
37781271; 019;F;2;100390052234 3
70540061E; 020;F;2;789582504144 3
37775236;020A;F;2;789582502765 2
3766P194;020B;F;2;100090055458 9
70540062; 021;F;2;100390050546 9
37781720;021B;F;2;100390057940 8
70540065; 022;F;2;100390050527 8
80200967; 023;F;2;100090053715 5
70993692R; 024;F;2;789582522083 1
70540148; 025;F;2;100390338589 1
70540159E;025A;F;2;789582504196 2
70540139;026A;F;2;100680050631 4
70540116; 027;F;2;100390051612 0
70540074;027A;F;2;789582504150 4
70540097; 028;F;2;100390051611 3
70540076;028A;F;2;100090050634 2
70993239E; 029;F;2;789582505909 7
70540046; 030;F;2;100390050630 5
37786351;030A;F;2;100390052235 0
70540081; 032;F;2;100390050613 8
70200156; 033;F;2;100090050563 5
70540071; 034;F;2;100350036492 3
70540136E; 035;F;2;789582504177 1
70540103E; 036;F;2;789582504160 3
37781781E; 037;F;2;789582502772 0
70540084E; 038;F;2;789582504154 2
70993329;038A;F;2;100390057939 2
37783161; 039;F;2;100390050541 4
37782942; 040;F;2;100390050540 7
70100817;041A;F;2;789582507655 1
70540133; 042;F;2;789582504174 0
70540096; 043;F;2;100390034764 9
70540063E; 044;F;2;789582504146 7
70540013; 045;F;2;100390050439 4
70620791; 046;F;2;100110338626 7
70540149;046A;F;2;100090338590 6
70540150E;046B;F;2;789582504190 0
70540131; 047;F;2;100680051632 0
70540154;047A;F;2;789582504193 1
70540167E;047B;F;2;789582504200 6
70540095; 048;F;2;100390053233 5
70540135E; 049;F;2;789582504176 4
70540068; 050;F;2;100390053103 1
70540153E; 051;F;2;789582504192 4
70993240; 052;F;2;789582506943 0
70540143; 053;F;2;789582504184 9
70540134E; 054;F;2;789582504175 7
70540126;054A;F;2;100390050524 7
70540142; 055;F;2;100090051637 2
70540015; 056;F;2;100390050614 5
70540165E; 057;F;2;789582504198 6
70540021; 058;F;2;100390050542 1
70540100E; 059;F;2;789582504159 7
41314078; 001;G;2;100100052551 6
41314078RE; 001;G;2;789582537056 7
10020;001A;G;2;789267700020 8
41314189; 002;G;2;789582502861 1
41314189RE; 002;G;2;789582508534 8
10060;002A;G;2;789267700064 2
AR4020;002B;G;2;789001033813 1
7004503C91E; 003;G;2;789582536739 0
7005497R1E; 003;G;2;789582531847 7
41314182R; 003;G;2;789582507580 6
41314182; 003;G;2;100100052554 7
7008510R1E; 003;G;2;789000040891 2
10021;003A;G;2;789267700024 6
10115; 004;G;2;789267700111 3
4132F012RE; 004;G;2;789582536903 5
7008461r91E; 004;G;2;789000040953 7
4132F041E; 005;G;2;789582537008 6
7008231R1E; 005;G;2;789582585100 4
10238; 005;G;2;789267700248 6
7008509R1E; 005;G;2;789000041000 7
10229; 006;G;2;789267700238 7
4132F043E; 006;G;2;789582502870 3
7007181R1E; 006;G;2;789582535352 2
MM900056; 007;G;2;789582532470 6
70991414; 007;G;2;100100052581 3
20092; 007;G;2;789267700518 0
77548E; 008;G;2;789582508325 2
7000152001; 009;G;2;240100010092 5
20138; 009;G;2;789267700572 2
20059; 009;G;2;789267700483 1
70991412E; 009;G;2;789582537093 2
152003; 010;G;2;240100070033 0
MM900057; 010;G;2;789582531922 1
20062; 010;G;2;789267700487 9
70992164; 010;G;2;789582505498 6
MM900058; 011;G;2;789582532416 4
4236261; 011;G;2;789582501544 4
20058; 011;G;2;789267700482 4
3773X021E;011A;G;2;789582507559 2
152000; 012;G;2;789001038472 5
4236253R; 012;G;2;789582526118 6
MM100099; 012;G;2;789582531243 7
7008507R91E; 012;G;2;789001040852 0
315290; 013;G;2;789582500573 5
7000156000; 013;G;2;240230010111 7
3152166; 014;G;2;789582501427 0
7000157000; 015;G;2;240230010119 3
16014; 015;G;2;789267700386 5
420392; 015;G;2;789582500589 6
16013; 016;G;2;789267700385 8
424857; 016;G;2;789582500633 6
UR0391RL; 016;G;2;750230050010 3
4236133; 017;G;2;789582501483 6
4236120; 018;G;2;789582501479 9
7000157006; 018;G;2;240230070040 2
16016; 019;G;2;789267700388 9
S4008; 019;G;2;789582500519 3
UR0393RL; 019;G;2;789002335633 7
MM101674E; 02;G;2;789001040599 4
7008144; 02;G;2;789001040596 3
7008144R91E; 02;G;2;789582582157 1
S4042; 020;G;2;100230059732 6
7000156003; 021;G;2;240230010114 8
635423E; 021;G;2;789582500656 5
16017; 021;G;2;789267700389 6
635482; 022;G;2;789582500684 8
7000157003; 022;G;2;240230010120 9
16015; 022;G;2;789267700387 2
4236254I; 023;G;2;240100070017 0
4236254; 023;G;2;789582501538 3
7008103R91E; 023;G;2;789001040456 0
4236254R; 023;G;2;789582530495 1
U5MW0157E;023A;G;2;789582506471 8
424875; 025;G;2;789582500637 4
UB0334; 026;G;2;340100190156 8
MM900059; 026;G;2;789582531464 6
20061; 026;G;2;789267700486 2
S4057R; 026;G;2;789001035895 5
S4057; 026;G;2;789582500550 6
S4054; 027;G;2;789582500547 6
70991452; 028;G;2;100100052975 0
20057; 028;G;2;789267700481 7
70991071; 029;G;2;100100052257 7
4132F051E; 030;G;2;789582502871 0
4132F052;030A;G;2;100100052565 3
10230; 031;G;2;789267700240 0
4132F057E; 031;G;2;789582502873 4
7007182R1E; 031;G;2;789582535362 1
10076; 032;G;2;789267700073 4
4132F015RE; 032;G;2;789582507582 0
4132F015; 032;G;2;100100050300 2
4132F016RE; 033;G;2;789582507584 4
4132F016; 033;G;2;100100036483 2
635729E; 034;G;2;789582500699 2
10023; 034;G;2;789267700032 1
635853E; 035;G;2;789582500726 5
10022; 035;G;2;789267700028 4
41314067E; 036;G;2;789582502856 7
41733042; 037;G;2;101090053276 0
70991809TC1; 038;G;2;789010938076 8
70991809P; 038;G;2;789010934768 6
70991809E; 038;G;2;789582505374 3
70998293E; 039;G;2;789582519444 6
4132F056E; 040;G;2;789582507585 1
70993639E; 041;G;2;789582536796 3
7008135R1E; 041;G;2;789001040831 5
6354146; 041;G;2;100100052549 3
15045; 042;G;2;789267700359 9
20056; 042;G;2;789267700480 0
70991409E; 042;G;2;789582505220 3
MMBB1405; 042;G;2;260010040468 5
70991410E; 043;G;2;789582505221 0
70991411; 044;G;2;100100050273 9
6354141E; 045;G;2;789582501588 8
7008164r91E; 045;G;2;789001040383 9
6354142; 046;G;2;100100052546 2
20060; 046;G;2;789267700484 8
70993740E; 047;G;2;789582508238 5
7008134R1E; 047;G;2;789001040381 5
20069; 047;G;2;789267700495 4
404000; 047;G;2;789001039144 0
7008348R91E; 049;G;2;789000040898 1
7008025R91E; 049;G;2;789582537290 5
U5MW0156E; 049;G;2;789582521581 3
U5MW0160E; 049;G;2;789582506473 2
4132F041P; 05;G;2;789001040135 4
16011; 050;G;2;789267700384 1
635714; 050;G;2;100230051907 6
UR554; 050;G;2;750010010045 5
635815; 051;G;2;100230052685 2
152002;11;G;2;789001034244 2
152500;51A;G;2;789001038984 3
4131A068;51A;G;2;789001039268 3
BC250; 001;H;2;789001040562 8
72084RE; 001;H;2;789582508258 3
72084; 001;H;2;100100050262 3
72119;001B;H;2;100100339113 2
72119RE;001B;H;2;789582536721 5
7008233R1E; 002;H;2;789001040858 2
PE041; 002;H;2;789001039150 1
72094; 002;H;2;100100052864 7
K1695; 002;H;2;789001035233 5
PD225; 002;H;2;789001034769 0
72094RE; 002;H;2;789582508264 4
700823R1E; 002;H;2;789001040857 5
71184;002A;H;2;100010015030 7
72085RE; 003;H;2;789582537382 7
72085; 003;H;2;100100050263 0
ULPK0005E;003A;H;2;789582506479 4
72092B; 004;H;2;100100054394 7
72092; 004;H;2;100100054690 0
720923; 004;H;2;789001037268 5
72092RE; 004;H;2;789582536773 4
72082RE; 005;H;2;789582508257 6
72082; 005;H;2;100100050260 9
PE053;005A;H;2;789001039078 8
BAC006; 006;H;2;170100031719 6
72020; 006;H;2;100100051875 4
72086RE; 007;H;2;789582508259 0
72086; 007;H;2;100100052608 7
MJ011; 007;H;2;170100013861 6
ULPK0002E; 008;H;2;789582507003 0
260900; 009;H;2;789001037357 6
72081; 009;H;2;100100053744 1
72081RE; 009;H;2;789582536802 1
40008; 009;H;2;690100050267 6
72087RE; 010;H;2;789582536772 7
260800; 010;H;2;789001038369 8
7008318R1E; 010;H;2;789001040485 0
260100; 011;H;2;789001034029 5
72088; 011;H;2;100100059771 1
PD110; 011;H;2;789000041097 7
72088RE; 011;H;2;789582536744 4
7008319R1E; 011;H;2;789001040423 2
72095RE; 012;H;2;789582508265 1
72095; 012;H;2;100100059773 5
ERR5057A;012A;H;2;100100339275 7
72083E; 013;H;2;789582537179 3
72096; 014;H;2;100100050267 8
72096RE; 014;H;2;789582536883 0
7008234R1E; 014;H;2;789001040791 2
72093RE; 015;H;2;789582536934 9
7008232R1E; 015;H;2;789001040830 8
72093; 015;H;2;100100052836 4
2447222099; 016;H;2;170100023347 2
72038E; 016;H;2;789582511608 0
PE01018; 016;H;2;789001039266 9
2641338; 017;H;2;100100057853 6
2641808; 018;H;2;100100057855 0
72100; 019;H;2;100100339106 4
72100RE; 019;H;2;789582536643 0
72094P; 02;H;2;789001036344 7
7004982C1E; 020;H;2;789582536756 7
72111RE; 020;H;2;789582537623 1
72145; 020;H;2;789582524643 5
7008315R1E; 020;H;2;789001040445 4
72103; 021;H;2;100100339108 8
72103RE; 021;H;2;789582536694 2
70070044; 022;H;2;100270052717 6
70070062E;022A;H;2;789582503010 2
13A1275C;022C;H;2;590270280131 0
70070071E; 023;H;2;789582503017 1
70070081E;023A;H;2;789582503023 2
70620688E; 025;H;2;789582504298 3
70070093E; 026;H;2;789582508565 2
6PK1059EE; 026;H;2;789002738808 2
70070094;026A;H;2;789582508571 3
70070092RE; 027;H;2;789582508796 0
7004577R1E;027A;H;2;789582530603 0
6PK2335;027A;H;2;789155114264 5
191; 028;H;2;789000538771 7
15084; 028;H;2;789000539404 3
70620698E; 028;H;2;789582504301 0
70992238E; 029;H;2;789582505524 2
70070072; 030;H;2;789582503018 8
70070045E; 031;H;2;789582503000 3
70070047E; 032;H;2;789582503002 7
70070073E;032A;H;2;789582503019 5
7PK1575;032A;H;2;690270050048 1
70070088E;032B;H;2;789582507634 6
70070068E; 033;H;2;789582503014 0
70620699E; 035;H;2;789582504302 7
MD12202E; 036;H;2;789582519316 6
903450801645E;036A;H;2;789582510681 4
MD12207E; 037;H;2;789582519317 3
30194; 038;H;2;789000539405 0
70620711; 038;H;2;789582504307 2
190; 038;H;2;789000538772 4
P4020; 039;H;2;789582500502 5
LDL1092A; 039;H;2;590270330001 0
7008316R1E; 04;H;2;789001040412 6
70070075E; 040;H;2;789582503021 8
70070046E; 041;H;2;789582503001 0
70070048E;041A;H;2;789582503003 4
70070049E; 042;H;2;789582503004 1
5PK0868EE; 043;H;2;789002738807 5
7004578R1E; 043;H;2;789582530598 9
7PK1530; 043;H;2;590270050097 0
70070077; 043;H;2;789582503022 5
40707X25XS; 044;H;2;789002740519 2
30985X20; 044;H;2;789002740458 4
5681XS; 044;H;2;789002738509 8
5528XS; 044;H;2;789002739042 9
40305X17; 044;H;2;789002740714 1
ERR2215; 044;H;2;100270339211 5
76134; 044;H;2;789002739499 1
33872519E; 045;H;2;789582502307 4
LLH500200E; 046;H;2;789582508642 0
HS044; 047;H;2;789582500477 6
HS122;047A;H;2;789582508641 3
HS121;047B;H;2;789582508640 6
33872516; 048;H;2;789582502306 7
70070082E; 049;H;2;789582503024 9
70070086; 050;H;2;789582507632 2
R7003706C1E; 050;H;2;789582536966 0
70070065E; 051;H;2;789582503012 6
2641A064;05A;H;2;789582501871 1
7008317R1E; 09;H;2;789001040472 0
PD432;18;H;2;789001038729 0
13AV1270;22B;H;2;789002732403 5
2418F546; 001;I;2;100410057771 3
70650134E; 002;I;2;789582508002 2
2415A093E; 003;I;2;789582507422 9
3148108; 004;I;2;170810013406 7
7003174C1E; 005;I;2;789000438126 6
2314H019E; 006;I;2;789582501772 1
0920004E; 007;I;2;789582501194 1
0170040E; 008;I;2;789582500838 5
FB108151E; 009;I;2;789582508406 8
3774A004E; 010;I;2;789582507560 8
70740838E; 011;I;2;789582519505 4
4148K002E; 012;I;2;789582507593 6
0350005E; 013;I;2;789582500883 5
70100424E; 013;I;2;789582503109 3
36862175; 014;I;2;100020057424 9
 0720580; 015;I;2;100040058340 9
 0170044; 016;I;2;100300057399 3
70330025; 017;I;2;100540054196 1
 0780240; 018;I;2;100700051363 8
70650079E; 019;I;2;789582504409 3
32726512E; 020;I;2;789582502125 4
 0610904; 021;I;2;100630057407 3
70997018; 022;I;2;100700054204 1
 0920007; 023;I;2;100240057595 8
33122117; 024;I;2;100240057414 2
2234057; 025;I;2;100040057374 5
2411126; 026;I;2;100240051718 7
70730002; 027;I;2;100020057326 6
31734113; 028;I;2;100010057411 0
 0410256; 029;I;2;100310057403 6
36861434; 030;I;2;100020057422 5
 0201510; 031;I;2;100080054207 5
 0748417; 032;I;2;100040053692 4
 0096443; 033;I;2;789582500820 0
 0920298; 034;I;2;100240057614 6
 0650590; 035;I;2;100120057370 6
32712715E; 036;I;2;789582502116 2
0150144E; 038;I;2;789582500835 4
36566517; 039;I;2;100600055407 8
70940064; 040;I;2;100190050848 0
 0096244; 041;I;2;100040056974 8
70100079; 043;I;2;100070057354 4
70991272; 044;I;2;100070050073 1
70680008; 045;I;2;100240051391 2
0500014E; 046;I;2;789582500953 5
70410004; 047;I;2;100310051854 2
70740346E; 048;I;2;789582504627 1
70090044; 049;I;2;100040052496 9
33125151; 050;I;2;100660059307 1
33287311; 051;I;2;100210059003 9
70090039; 052;I;2;100040057353 0
35629; 053;I;2;170170010648 9
70730007; 054;I;2;100520057327 8
33221316; 055;I;2;100210058993 4
 0180194; 056;I;2;100600054206 8
70240058; 057;I;2;100480057362 6
0748412E; 058;I;2;789582501066 1
2252230; 060;I;2;100170053721 5
70200798E; 061;I;2;789582503579 4
33532129E; 062;I;2;789582502247 3
TE108051E; 063;I;2;789582506447 3
2313M058E; 064;I;2;789582501743 1
2311D039; 065;I;2;789582501734 9
 0566008; 066;I;2;100740057443 7
2313H229; 067;I;2;789582507179 2
ERR0874A; 068;I;2;789582506253 0
0748413E; 069;I;2;789582501067 8
70490709E; 071;I;2;789582507924 8
70490294E; 072;I;2;789582504081 1
70680019E; 073;I;2;789582508023 7
7008200R1E; 073;I;2;789001340080 4
70680020E; 074;I;2;789582537426 8
2116A023E; 075;I;2;789582501730 1
70590019E; 075;I;2;789582507982 8
70490824E; 076;I;2;789582507952 1
70490704E; 077;I;2;789582507921 7
70490823E; 078;I;2;789582507951 4
2415633E; 079;I;2;789582507421 2
A14219 STD; 088;I;2;789241564446 6
70991139E; 001;J;2;789582505133 6
70993357E;001A;J;2;789582505951 6
CMK2020;001A;J;2;789007738955 8
70360014E; 002;J;2;789582503768 2
70993261;002A;J;2;789582505920 2
70360027E; 003;J;2;789582503773 6
70360058E;003A;J;2;789582503784 2
70360026E; 004;J;2;789582503772 9
70993757E;004A;J;2;789582508563 8
70360024; 005;J;2;100260053172 3
70360031; 006;J;2;100260053173 0
70360025E; 007;J;2;789582503771 2
70990868; 008;J;2;100260050705 6
70990082E; 009;J;2;789582504972 2
70360002E; 010;J;2;789582503766 8
1932033; 011;J;2;789002639980 5
70360055E; 011;J;2;789582503782 8
BAU100253; 012;J;2;789007739625 9
70993174R; 012;J;2;789582521910 1
70360057E; 013;J;2;789582503783 5
70991937; 014;J;2;789582505423 8
70991937P; 014;J;2;789002636034 8
70360046; 015;J;2;100260050785 8
70360015; 016;J;2;789582503769 9
70360029E; 017;J;2;789582503774 3
70991428E; 018;J;2;789582505230 2
70360062E; 019;J;2;789582507774 9
70360032; 020;J;2;100260051848 9
70360038E; 021;J;2;789582503779 8
70360030; 022;J;2;789582503775 0
70360013E; 023;J;2;789582503767 5
70991277E; 024;J;2;789582505175 6
79510E;02A;J;2;789582521899 9
7002348C1E;16A;J;2;789844529557 9
T154; 001;K;2;789002939507 1
31147784; 001;K;2;789582501953 4
31147784P; 001;K;2;789002936759 7
70670109;001A;K;2;100290051677 2
3115T091;001B;K;2;100290057963 0
3115T091P;001B;K;2;789002938332 0
2635737;001C;K;2;100780058320 6
2635601E;001D;K;2;789582501371 6
3115C071;001E;K;2;100290057960 9
T151;001E;K;2;789002939508 8
3115C071P;001E;K;2;789002939509 5
70670083; 002;K;2;100290051684 0
70670193E;002A;K;2;789582504496 3
31148676; 003;K;2;311486770000 7
31148676P; 003;K;2;789002936510 4
T506; 003;K;2;789002939983 3
70670074; 004;K;2;100290051311 5
70670103; 005;K;2;789582504458 1
70670785E;006A;K;2;789582536695 9
T66; 007;K;2;789002939795 2
70670167; 007;K;2;789582504487 1
70998013; 007;K;2;789582506035 2
70670095; 008;K;2;100290051317 7
70670202E;008A;K;2;789582504503 8
70670093; 010;K;2;100290051316 0
7030155006; 010;K;2;240290010126 5
31148791;010A;K;2;100290057958 6
70670773E;010B;K;2;789582504507 6
7030155000; 011;K;2;240290010121 0
31145631; 011;K;2;100290057951 7
70670108;011A;K;2;789582504462 8
31146702; 012;K;2;100290053868 2
70670066; 013;K;2;100290053266 6
70670772E;013A;K;2;789582508013 8
31146582; 014;K;2;100290057953 1
70670098E;014A;K;2;789582504456 7
7030155003; 015;K;2;240290070043 7
70670096E; 015;K;2;789582504454 3
3113V021E; 016;K;2;789582501947 3
70670091E; 017;K;2;789582504450 5
31146952; 018;K;2;100290057954 8
70670105E; 019;K;2;789582504460 4
70993368E;01F;K;2;789582505955 4
T157;01F;K;2;789002938783 0
70670102; 020;K;2;100290051320 7
70670124; 021;K;2;100290051340 5
70670782E; 022;K;2;789582508018 3
7030155008; 022;K;2;240290010127 2
70670782; 022;K;2;100290051342 9
70670013; 023;K;2;100290050083 2
70670042; 024;K;2;100290051305 4
7030155004; 024;K;2;240290010124 1
70670017; 025;K;2;100290051302 3
70670058; 026;K;2;100290051308 5
70670170E; 027;K;2;789582504490 1
T153; 028;K;2;789002938782 3
70670160; 028;K;2;789582504485 7
70670190E; 029;K;2;789582504493 2
2635697; 029;K;2;100290053802 6
70670189P; 030;K;2;789002939076 2
70670089; 031;K;2;100290051313 9
70670031P; 032;K;2;789002932293 0
70670031; 032;K;2;100290051303 0
70990916; 033;K;2;100290050750 3
C70670100J;033A;K;2;789002937749 7
70670073; 034;K;2;100290051310 8
70670056; 035;K;2;100290051307 8
70670106; 036;K;2;789582504461 1
70670090; 037;K;2;100290051314 6
70670114; 038;K;2;100290053268 0
70670215; 039;K;2;789582508727 4
3115T043P; 040;K;2;789002938333 7
3115T043E; 040;K;2;789582501961 9
70670168E; 041;K;2;789582504488 8
70670781E; 042;K;2;789582508017 6
70670191;042A;K;2;100290051376 4
70670126; 043;K;2;100290053261 1
70670113;043A;K;2;100290057324 9
70670129; 044;K;2;789582504472 7
ERR3734CE; 045;K;2;789582506316 2
ERR3733CE; 046;K;2;789582506315 5
70670776E;046A;K;2;789582508015 2
70670197E; 047;K;2;789582504499 4
70670199E; 048;K;2;789582504501 4
31147203; 050;K;2;100290051698 7
70670111; 051;K;2;100290051329 0
70670783E;051A;K;2;789582508019 0
70670112; 052;K;2;789582504466 6
ERR3735CE; 053;K;2;789582506317 9
T158;16;K;2;789002939982 6
T629;16A;K;2;789002940128 4
T59;17;K;2;789002940482 7
T136;1B;K;2;789002939737 2
T124;27;K;2;789002938794 6
70670104E;28;K;2;789582504459 8
70670189E;30;K;2;789582504492 5
T122;30;K;2;789002939417 3
T159;40;K;2;789002940018 8
T477;41;K;2;789002940129 1
70993368P;O1F;K;2;789002939077 9
HS090;001A;L;2;789582508432 7
70997140; 002;L;2;100400050411 6
70997141; 003;L;2;789582506020 8
70997143; 004;L;2;100400339086 0
70997124; 005;L;2;100400050487 1
3765K031E; 006;L;2;789582502699 0
70081E; 007;L;2;789582500027 3
37763052; 008;L;2;100400052215 8
SP70990177; 010;L;2;170070032599 9
70990177; 010;L;2;100010050949 5
LDL177; 010;L;2;789002832294 8
70990177P; 010;L;2;170280051480 8
70991130; 011;L;2;100400050048 4
FH135; 011;L;2;789004039671 2
70991130P; 011;L;2;789004036750 7
70840054P;011A;L;2;789004639067 7
70840054E;011A;L;2;789582508077 0
KR20014M; 012;L;2;789004635368 9
72054E; 012;L;2;789582500075 4
70997097; 013;L;2;100400052575 3
70998123; 014;L;2;100280054287 1
70997113;015A;L;2;100400050284 6
70997134E; 016;L;2;789582506014 7
70997136E; 017;L;2;789582506016 1
70997135; 018;L;2;100400050415 4
70997137E; 019;L;2;789582506017 8
70992159; 020;L;2;789582505496 2
ULPK0038M;020A;L;2;789001035004 1
70997058E; 021;L;2;789582505999 8
72132E; 022;L;2;789582508279 8
70997059; 023;L;2;789582506000 0
 0995260; 024;L;2;100460057642 1
LDL260; 024;L;2;789004632295 1
0995260P; 024;L;2;789004638706 6
70997142; 025;L;2;789582506021 5
CF043P; 026;L;2;789004639205 3
905419050003E; 026;L;2;789582549388 4
70840050; 026;L;2;789582504816 9
70840050P; 026;L;2;789004636685 6
71043; 027;L;2;100680057395 8
635776; 028;L;2;789582500708 1
905411420010; 028;L;2;260010045209 9
7008467R1E; 028;L;2;789000040987 2
423651; 029;L;2;789582500603 9
KX24; 029;L;2;120280170599 6
7008468R1; 029;L;2;789002840785 0
72114; 030;L;2;100280339111 7
HS017; 031;L;2;789582500455 4
7008470R1E; 031;L;2;789000040986 5
7008102R1;031A;L;2;789002840575 7
71185E;031A;L;2;789582536779 6
4461492; 032;L;2;789000040961 2
2654403; 032;L;2;789002839408 2
72104; 033;L;2;789582500102 7
7008088R1E; 034;L;2;789002839001 5
72121; 034;L;2;789582508271 2
HDF496; 035;L;2;789002832404 1
S4039; 035;L;2;789582500536 0
7002906C91E;035A;L;2;789582525243 6
31A003; 036;L;2;789582525281 8
72136; 036;L;2;789582508281 1
HS120E;036A;L;2;789582537040 6
7008294R91;036A;L;2;789002840849 9
6354130; 037;L;2;789582501578 9
HDS130; 037;L;2;789002832405 8
6354130I; 037;L;2;789002839462 4
905411510037;037B;L;2;789582536777 2
955411800001E; 038;L;2;789002840787 4
71054; 038;L;2;789582500034 1
7008471R1; 038;L;2;789000040923 0
905411890002; 038;L;2;789002840634 1
71058; 039;L;2;789582500038 9
PH2895; 040;L;2;170280223898 6
OC38; 040;L;2;120280170627 6
7008370R1E; 040;L;2;789002840764 5
R7001038C1E; 040;L;2;789582526048 6
71016; 041;L;2;789582500029 7
315299E; 042;L;2;789582500576 6
OX18D; 042;L;2;120280170630 6
PL957; 042;L;2;789002836361 3
KC119; 043;L;2;120280021236 5
72138E; 043;L;2;789582537145 8
2656085E; 044;L;2;789582501394 5
2656818E; 045;L;2;789582501395 2
37763295; 046;L;2;100400052216 5
70037; 047;L;2;100280052699 4
905410550005E; 048;L;2;789002839923 0
72005E; 048;L;2;789582500057 0
72007E; 049;L;2;789582500058 7
71015; 050;L;2;100280056197 1
71031; 051;L;2;789582500031 0
72012E; 052;L;2;789582500061 7
72010E; 053;L;2;789582500060 0
70993356; 054;L;2;100280338966 4
FC11695; 054;L;2;789002839218 7
70993151; 055;L;2;100980338784 3
72112E; 056;L;2;789582500106 5
72032E;056A;L;2;789582500064 8
72113E; 057;L;2;789582500107 2
71042; 058;L;2;100280052928 5
72115E; 060;L;2;789582506961 4
72131E; 061;L;2;789582508278 1
72117E; 062;L;2;789582500109 6
37764261; 063;L;2;100400036236 5
7008211R1E; 064;L;2;789000041031 1
72090E; 064;L;2;789582500090 7
70993187;064A;L;2;789582505885 4
72091E; 065;L;2;100280052611 6
7008646R91; 066;L;2;789000040866 0
FH120; 066;L;2;789004038724 6
905400150014; 066;L;2;789582511249 5
FH320; 066;L;2;789004037453 6
7006656C91E; 066;L;2;789002839836 3
70993018; 066;L;2;789582505840 3
72044E; 067;L;2;789582500070 9
70993550E; 068;L;2;789582508189 0
72041E; 069;L;2;789582500069 3
72143E; 071;L;2;789582508837 0
72071; 072;L;2;100280050753 5
72065E; 073;L;2;789582500078 5
70993518; 075;L;2;100400053399 4
72031E; 076;L;2;789582500063 1
70997133P;15;L;2;789004038707 9
70997149E;15;L;2;789582519451 4
70997148E;16;L;2;789582508739 7
4816636;32A;L;2;789002838568 4
2654407;32B;L;2;789002838983 5
70991451; 001;M;2;100760053351 7
70990890; 002;M;2;100760053327 2
79040; 003;M;2;789582500420 2
2674A053E; 004;M;2;789582501935 0
77549E;004A;M;2;789582508326 9
79037; 005;M;2;789582500419 6
71175E; 006;M;2;789582508252 1
7002384C1E;006A;M;2;789582525027 2
71150E; 007;M;2;789582500055 6
JPR1074; 008;M;2;789001039333 8
71134; 008;M;2;789582500049 5
71069; 009;M;2;789582500042 6
70200811; 010;M;2;789582503586 2
75053E; 011;M;2;789582536794 9
7008322R1E; 011;M;2;789010640851 9
70200451E; 012;M;2;789582503447 6
635772; 013;M;2;100840052926 7
70330075; 014;M;2;789582503743 9
7004082C1E; 015;M;2;789582536869 4
70730050; 015;M;2;789004101857 6
02583BRGF; 015;M;2;789125202583 4
79036E; 016;M;2;789582500418 9
75067E;016A;M;2;789582508313 9
75177E;016B;M;2;789010636978 0
9166658; 017;M;2;789010135553 5
2674A166E; 017;M;2;101010053860 9
7005520R1; 018;M;2;789010136964 8
77518R; 019;M;2;100100056903 9
77518E; 019;M;2;789582506980 5
7007119R1E; 020;M;2;789010139988 1
79050; 020;M;2;789582500421 9
S4021; 021;M;2;100010059716 4
70420025E; 021;M;2;789582507781 7
70420026E; 022;M;2;789582507782 4
S4020; 022;M;2;100010059715 7
70200800E; 023;M;2;789582503581 7
70200734;023A;M;2;789582503537 4
70470038; 024;M;2;100610051936 6
70200258; 025;M;2;100050052250 6
70470068E;025A;M;2;789582503911 2
70380050; 026;M;2;789582503790 3
635723;026A;M;2;100140052670 0
70991197; 027;M;2;100130053345 7
02420BAGE; 028;M;2;789004139126 6
2418F701; 028;M;2;789005131575 7
05308BRGP; 028;M;2;789004137011 7
70730017; 028;M;2;100410052806 7
70730016E; 029;M;2;789582537249 3
02578BRGF; 030;M;2;789582536606 5
7004166C1E; 030;M;2;789582530435 7
70730043; 030;M;2;789582504540 3
01050BRGS; 030;M;2;170130012429 6
79526E; 031;M;2;789582508334 4
77547E;031A;M;2;789582508324 5
2643D615; 032;M;2;100100057861 1
79022; 033;M;2;789582500413 4
6354148; 034;M;2;101070050298 7
S4053; 035;M;2;100010059738 6
 0001934000;035A;M;2;170100041528 1
7000520C91; 036;M;2;789582521976 7
TCR1321; 036;M;2;789008240131 3
4236150; 036;M;2;100010052636 2
7008449R1E; 036;M;2;789001640804 3
TCR1011; 036;M;2;789008239616 9
7005972C91E; 036;M;2;789001638932 8
TCR1432; 036;M;2;789008240536 6
TCR1326; 036;M;2;789008240349 2
50009111; 036;M;2;789053712733 1
TCR1433; 036;M;2;789008239985 6
TCR1329; 036;M;2;789008239622 0
37725124; 037;M;2;101160051776 7
70998076E; 039;M;2;789582537437 4
37725437E; 041;M;2;789582502713 3
OP061; 042;M;2;730020261519 8
QP061; 042;M;2;789000237260 0
70730023E; 042;M;2;789582536988 2
50050548; 042;M;2;720720050664 3
70730019E; 043;M;2;789582537231 8
2418F704P;043A;M;2;789004139887 6
2418F704;043A;M;2;789004134994 6
R7000992C1; 044;M;2;789582524568 1
R30310P;044A;M;2;230410190705 2
79019; 045;M;2;789582500412 7
7005525R1; 045;M;2;789001138497 7
7005523R1;045A;M;2;789010136965 5
79054; 046;M;2;789582500424 0
79007E; 047;M;2;789582500407 3
79517E;047A;M;2;789582508329 0
4236149; 048;M;2;100010050924 2
71138E; 049;M;2;789582500051 8
50009118; 050;M;2;789053712804 8
70993256; 050;M;2;100820338934 1
70993256P; 050;M;2;100820054907 6
T57801; 051;M;2;120420050096 7
635807; 051;M;2;100420052684 0
K81; 053;M;2;570440050044 7
 0410264; 053;M;2;100440057042 1
70730054E; 054;M;2;789582536870 0
70998203E; 055;M;2;789582545140 2
70998202E; 056;M;2;789582536841 0
09242BREF; 057;M;2;510410030004 8
70730062E; 057;M;2;789582536822 9
2643M016E; 058;M;2;789582507154 9
72124;058A;M;2;100100053423 5
77378; 059;M;2;100100052935 4
79530E; 060;M;2;789582519441 5
77336; 060;M;2;100100055094 5
635804US; 061;M;2;789008232314 1
635804; 061;M;2;100820052934 4
635764US; 062;M;2;789000632315 8
635764; 062;M;2;100060036493 8
 0410265; 063;M;2;100440054183 4
0410236P; 063;M;2;789004436035 1
 0410236; 063;M;2;789582500903 0
3667N002E; 064;M;2;789582502444 6
31161139; 065;M;2;100440053320 4
33817132E; 066;M;2;789582537103 8
70730051E; 067;M;2;789582537436 7
70730045E; 068;M;2;789582504541 0
30854E; 069;M;2;789582500002 0
77327; 070;M;2;789582500318 2
77515E;070A;M;2;789582507122 8
77411E; 071;M;2;789582500365 6
77328; 072;M;2;100100050290 6
70993743E; 073;M;2;789582508805 9
50009112; 074;M;2;789053712735 5
7000515C91; 074;M;2;789582521982 8
4236119; 074;M;2;100820052663 3
7005974C91E; 074;M;2;789582534093 5
7008094R1E; 075;M;2;789004440508 3
7004238C1E; 075;M;2;789004437785 4
K50; 075;M;2;570440050008 9
K51; 076;M;2;570440050009 6
 0410276; 076;M;2;789582500906 1
0410276P; 076;M;2;789004436692 6
7004237C1E; 076;M;2;789004437844 8
7008096R1E; 076;M;2;789004440515 1
70730069E;077A;M;2;789582521891 3
70730060E; 078;M;2;789582536959 2
70320078E; 079;M;2;789582542757 5
70990784E; 080;M;2;789582505036 0
74199; 082;M;2;789582508301 6
77251; 083;M;2;100100053799 1
50009113; 084;M;2;789053712736 2
ZZ90010E; 084;M;2;789582508525 6
420361P; 084;M;2;789008226081 1
70993440E; 085;M;2;789582508135 7
7008437R91E; 085;M;2;789000041020 5
315260E; 086;M;2;789582500569 8
70200788E; 088;M;2;789582503573 2
635711; 089;M;2;100380050941 3
T773300;174A;M;2;789002238321 1
70200KB;43B;M;2;789000240491 2
315260P;86;M;2;789008232272 4
70990749; 001;N;2;100760050689 4
70990837;001A;N;2;100760051133 1
70990526; 002;N;2;789582507134 1
70100736E; 003;N;2;789582503213 7
70100751E; 004;N;2;789582503223 6
70810055E; 005;N;2;789582504721 6
70100708E; 006;N;2;789582503198 7
7005115R91E; 007;N;2;789003136718 9
41115004; 007;N;2;789582502807 9
70410068E; 008;N;2;789582503813 9
7005112R1E; 009;N;2;789003137352 4
70410067E;009A;N;2;789582503812 2
4111A015E; 010;N;2;789582502821 5
31171931E; 011;N;2;789582537151 9
70440149; 012;N;2;100510053047 0
70440125E; 013;N;2;789582503855 9
70150038P; 014;N;2;789004840151 7
70940067; 015;N;2;100190051656 0
70993367; 016;N;2;789582506996 6
70993181; 017;N;2;789582505882 3
70100645; 018;N;2;789582503182 6
70100734E; 019;N;2;789582503211 3
 0410227; 022;N;2;789582500900 9
7005114R1E; 022;N;2;789003137351 7
70410116E; 023;N;2;789582522053 4
31164362P; 024;N;2;789003138115 4
7005116R1E; 024;N;2;789003137875 8
31164362; 024;N;2;789582501966 4
70991389; 025;N;2;100310050122 3
70410017; 026;N;2;100310051856 6
70100811E; 027;N;2;789582507653 7
3771K121; 028;N;2;100510054165 0
70440090; 029;N;2;100510050466 2
37766262; 030;N;2;100510053267 2
41326927; 031;N;2;100480050913 7
70993805; 031;N;2;789582521463 2
70320069; 032;N;2;100430051814 1
70320063E; 033;N;2;789582503711 8
70320029; 034;N;2;100430050536 3
70320080E; 035;N;2;789582537885 3
3178C078; 035;N;2;100430058839 7
70320057E; 036;N;2;789582503705 7
70100692; 037;N;2;789582503190 1
70100627; 038;N;2;789582503171 0
70100746E; 039;N;2;789582503220 5
70100783; 040;N;2;789582503239 7
70991042E; 041;N;2;789582505097 1
70991388; 042;N;2;100310050121 6
70410025; 043;N;2;100310050727 0
0410228E; 044;N;2;789582500901 6
70410040; 045;N;2;100310050733 1
37746221; 046;N;2;100480053943 1
70240245E; 047;N;2;789582507755 8
70240503E; 048;N;2;789582508740 3
70150038E; 048;N;2;789582536893 9
70150008; 049;N;2;100480050193 3
2487854E; 050;N;2;789582501347 1
70320077E; 051;N;2;789582503722 4
70320081E; 052;N;2;789582507766 4
31787437; 053;N;2;100430058837 3
70320026; 054;N;2;100430052783 9
70320005E; 055;N;2;789582503694 4
37762971; 056;N;2;789582502747 8
70100505; 057;N;2;789582503128 4
70100726; 058;N;2;789582503208 3
70100551; 059;N;2;100070052009 8
70991390; 060;N;2;100310052325 6
70991459;060A;N;2;100310050169 8
70991391; 061;N;2;100310050128 5
41115018E; 062;N;2;789582545181 5
70150064E; 063;N;2;789582507684 1
41297050; 064;N;2;789537203142 3
70870001; 064;N;2;789582536663 8
70430001E; 065;N;2;789582503827 6
635712; 066;N;2;789582500695 4
74068; 067;N;2;100480051956 3
70320027; 068;N;2;100430051797 7
70991629; 069;N;2;100430052291 9
2418F547E; 070;N;2;789582507183 9
70320076E; 071;N;2;789582503721 7
70320054E; 072;N;2;789582503702 6
70440186E; 073;N;2;789582507255 3
70240521E; 074;N;2;789004837913 7
72126; 075;N;2;100100339115 6
MBVHS; 075;N;2;789001038165 6
RM246; 075;N;2;789001032833 0
BF5439; 075;N;2;760100010044 3
 0410231; 076;N;2;789582500902 3
70410021; 077;N;2;100310050721 8
70410016; 078;N;2;100310051855 9
70410018; 079;N;2;100310050708 9
70991024; 080;N;2;100310053314 9
NTC9416BE; 082;N;2;789582506435 0
HS500; 083;N;2;789582500484 4
7008158R91; 083;N;2;789582584776 2
HS606;083A;N;2;789582530756 3
7008248R91E;083B;N;2;789002940237 3
7008246R91E; 084;N;2;789001840403 6
31416307; 084;N;2;789582502026 4
7007115R91E; 084;N;2;789001838953 1
37762871; 085;N;2;789582502746 1
70320058E; 086;N;2;789582503706 4
70320065; 087;N;2;100430053164 5
70320062E; 088;N;2;789582503710 1
70320006E; 090;N;2;789582503695 1
70320079E; 091;N;2;789582507765 7
70100399; 092;N;2;100070052031 9
70100735; 093;N;2;789582503212 0
70993773E; 094;N;2;789582508836 3
41115367E; 095;N;2;789582502818 5
41115005; 096;N;2;100310053952 3
70100428E; 097;N;2;789582503110 9
70410001E; 098;N;2;789582503792 7
74061; 099;N;2;100010051783 4
37556149;100;N;2;100480052098 9
7008338R1E;101;N;2;789004240848 2
70860001E;101;N;2;789582504817 6
37738261E;103;N;2;789582502731 7
37738261P;103;N;2;789000840483 1
70320004;104;N;2;100430051792 2
70320068;105;N;2;100430051811 0
70990870;106;N;2;100430051171 5
70320074E;107;N;2;789582540094 3
70320059E;108;N;2;789582538063 4
70100442;109;N;2;100070053077 6
70990496;109A;N;2;170110052049 6
70991835;110;N;2;100070050347 3
36541425;111;N;2;100860058245 1
3117C071;112;N;2;100310057985 7
31171681P;113;N;2;789003140049 7
31171681E;113;N;2;789582501976 3
 0410232;114;N;2;100310058167 6
70993772E;115;N;2;789582508737 3
LHP100860;116;N;2;100290339444 5
5310564300;116;N;2;789002938614 7
41115111;117;N;2;100310053953 0
7007117R91E;118;N;2;789002038954 3
31416304;118;N;2;789582502024 0
70140018E;119;N;2;789582508758 8
SB373;119;N;2;789001838366 9
70140019E;120;N;2;789582508798 4
7008156R1E;120;N;2;789002040060 6
70440183;121;N;2;789582503881 8
70990325; 001;O;2;100760052151 4
70991123;001A;O;2;100760052266 5
70991119; 002;O;2;100760050044 1
26410009; 003;O;2;100230057848 6
26410090; 005;O;2;100010057850 7
OTD0046; 006;O;2;789005134090 2
70200115; 007;O;2;100080051261 0
3125;007A;O;2;789000139888 5
377823301MA;007A;O;2;789000139702 4
38418;007A;O;2;789000139286 9
377823031EMA;007A;O;2;789000139701 7
TKC10111;007A;O;2;789000139705 5
60226;007A;O;2;789000139285 2
CT960K1;007A;O;2;789000040871 4
377823302MA;007A;O;2;789000139703 1
3134;007A;O;2;789000139890 8
TKC10110;007A;O;2;789000139706 2
2000;007A;O;2;789001640629 2
SK121;007A;O;2;789000140166 0
41856960;007A;O;2;789000139733 8
8561;007A;O;2;789000139323 1
666;007A;O;2;789000137658 6
3107;007A;O;2;789000739360 0
70100693E; 008;O;2;789582503191 8
70100543; 009;O;2;100070052004 3
37737902; 010;O;2;100080051809 4
37736341; 011;O;2;100080052173 5
70440133; 012;O;2;100510051896 6
OTD0058; 012;O;2;789003834995 9
70200086; 013;O;2;100480053108 4
70440064; 014;O;2;100510050481 5
70992881; 015;O;2;789582505802 1
33418301E; 016;O;2;789582502230 5
26410045; 017;O;2;100230057849 3
424820; 018;O;2;100230051234 3
6357100; 019;O;2;100230050917 6
26410042;019A;O;2;100230057387 0
26410096; 020;O;2;100230051899 4
70100449E; 021;O;2;789582503119 2
70100528; 022;O;2;100070051999 3
70100434; 023;O;2;100070052011 1
70950027E; 024;O;2;789582504961 6
70100542; 025;O;2;100070052003 6
3152139E; 026;O;2;789582501415 7
70140006;026A;O;2;100200052940 5
70140006P;026A;O;2;789002040150 4
70200218; 027;O;2;789582503376 9
70440135; 028;O;2;100510053198 9
ERR2855AE; 029;O;2;789582506291 2
70050168E; 030;O;2;789582502991 5
70050024; 031;O;2;100220052704 1
GB1076 STD; 031;O;2;120220053124 0
H57027; 031;O;2;120220050696 5
H57093; 032;O;2;120220050871 6
70998033E; 033;O;2;789582536666 9
423643; 034;O;2;100230053981 4
423680; 035;O;2;100230053027 9
635444; 036;O;2;100230051516 0
70100183; 037;O;2;100070052051 7
70100274; 038;O;2;100070053066 0
70100275; 039;O;2;100070052035 7
70100337; 040;O;2;100070053070 7
70540075; 041;O;2;100510051608 5
3117V003E; 042;O;2;789582501996 1
70750072E; 042;O;2;789582525942 8
32731127P; 043;O;2;789003840436 8
32731127E; 043;O;2;789582502128 5
70750045E; 044;O;2;789582504667 7
70750043E; 045;O;2;789582537076 5
315288; 046;O;2;100380058808 1
70050167E; 047;O;2;789582502990 8
70998104E; 048;O;2;789582506103 8
70998103E; 049;O;2;789582506102 1
70998007E; 050;O;2;789582506029 1
70998006E; 051;O;2;789582506028 4
70991785; 052;O;2;100100057315 9
423663; 053;O;2;100370057396 5
635484; 054;O;2;100230051912 0
4134C011E; 056;O;2;789582507131 0
70100400; 057;O;2;100070052778 3
70100440; 058;O;2;100070052788 2
41474236; 059;O;2;100070052616 8
70100716E; 060;O;2;789582536997 4
7007226R1E; 060;O;2;789000041052 6
4203157E; 061;O;2;789582501454 6
4203157P; 061;O;2;789003832695 0
3152130E; 062;O;2;789582501413 3
3152130P; 062;O;2;789003835330 7
70140017E; 063;O;2;789582508803 5
70140017L1E; 063;O;2;789000041021 2
7008154R1E; 063;O;2;789582584874 5
424807; 065;O;2;789582500618 3
PK424807 P; 065;O;2;789003837080 9
424807P; 065;O;2;789003820118 9
70140005; 066;O;2;100200052189 8
635418E; 067;O;2;789003800644 9
70050137E; 068;O;2;789582502976 2
2511425P; 069;O;2;789582501355 6
2511637; 070;O;2;100220057821 0
2511613E; 071;O;2;789582501357 0
7007227R1E; 072;O;2;789000040947 6
0050345E; 072;O;2;789582536940 0
70992497E; 073;O;2;789582537149 6
7008344R1; 074;O;2;789000040948 3
41371077E; 074;O;2;789582541080 5
7008343R1E; 075;O;2;789001740514 0
11188; 075;O;2;789267700302 5
70992498E; 075;O;2;789582505659 1
70100355; 076;O;2;789582503088 1
70100531E; 077;O;2;789582503137 6
70540016; 078;O;2;100080050529 2
70100323; 079;O;2;100070053069 1
31171276E; 080;O;2;789582501974 9
420388; 081;O;2;789582500588 9
70140015E; 082;O;2;789582508801 1
U7LR0003E; 084;O;2;789582506474 9
424823; 085;O;2;789582500623 7
70050029; 086;O;2;100220050340 3
70050113E; 087;O;2;789582502971 7
70240501; 088;O;2;789582508687 1
 0050327; 089;O;2;100220050486 8
70330082; 090;O;2;100220052794 2
11332; 091;O;2;789267700319 3
4138A034; 091;O;2;789582502886 4
7008024R91E; 091;O;2;789582537367 4
11187; 092;O;2;789267700301 8
70991912; 092;O;2;789582505412 2
70991431; 093;O;2;789582505233 3
11185; 094;O;2;789267700299 8
70991430; 094;O;2;789582505232 6
70100170; 095;O;2;100070052040 1
70100135; 096;O;2;100070051992 4
 0102017; 097;O;2;789000734504 3
70993628E; 098;O;2;789582508212 5
7008249R91E; 098;O;2;789000041058 8
70993629E;098A;O;2;789582508213 2
70140013E; 099;O;2;789582508797 7
70140013US; 099;O;2;789003832280 8
70140016E;100;O;2;789002026046 0
7008153R1E;100;O;2;789582584873 8
70140016L1E;100;O;2;789000041104 2
70140007;101;O;2;100200050191 3
70440148;102;O;2;100070036234 6
70320071E;103;O;2;789582503718 7
70320075;104;O;2;100430338551 1
70320032;105;O;2;100430052563 7
635445;106;O;2;100220053028 7
635446B;107;O;2;100060058166 3
635446A;108;O;2;100060058165 6
70991328;110;O;2;100790050098 1
4133L507;110A;O;2;789001736864 3
70991273;111;O;2;100790050076 9
4138A054E;111A;O;2;789582507588 2
70990828;112;O;2;100790051132 1
4138A056E;112A;O;2;789001718493 9
70200213;113;O;2;100480051247 2
70200345;114;O;2;100070054852 8
70100125;115;O;2;100070052762 2
70100448;116;O;2;100070052048 7
635806;117;O;2;100380050239 1
7008117R1E;118;O;2;789003839837 7
70140009JA;118;O;2;789001838974 6
70140008;118;O;2;100200338452 0
70140009E;118;O;2;789582503262 5
6357111;119;O;2;100380050834 8
ERR4848AP;120;O;2;170010032417 2
7008395R1E;120;O;2;789003840720 8
A16M031;120;O;2;789003836615 4
ERR4848AE;120;O;2;789582506348 3
31415331;121;O;2;100240058014 3
635420;122;O;2;789582500655 8
733507;26A;O;2;789000137914 3
11190;73;O;2;789001739637 0
11189;74;O;2;789267700303 2
11186;93;O;2;789267700300 1
70992896; 001;P;2;100760338801 5
70992499E; 002;P;2;789582505660 7
4236259; 003;P;2;789582501543 7
70991869; 004;P;2;100010053367 4
2486254; 005;P;2;101060054216 8
70100178A; 006;P;2;100070036932 1
70993309E; 007;P;2;789582508120 3
70100794; 008;P;2;100070338442 0
70100795; 009;P;2;100070338443 7
74175; 010;P;2;789582500214 7
420381; 011;P;2;100480050841 3
70810061E; 012;P;2;789582504725 4
70300008; 013;P;2;100930051789 7
4236250; 014;P;2;789582501534 5
4236252; 015;P;2;789582501536 9
70080045E; 015;P;2;789582503031 7
S4055E; 016;P;2;789582500548 3
70470037; 017;P;2;100610051935 9
31328241E; 018;P;2;789582502001 1
70100414E; 019;P;2;789582503103 1
70670784E;019A;P;2;789582519456 9
74189E; 020;P;2;789582508296 5
70998171E; 022;P;2;789582506144 1
70991429E; 023;P;2;789582505231 9
70991709; 024;P;2;100760050303 9
70100423; 025;P;2;789582503108 6
3753R152; 026;P;2;100190055449 4
3771A023E; 027;P;2;789001035993 8
4236255; 027;P;2;789582501539 0
70993561; 028;P;2;101020054282 7
70200187; 029;P;2;100480052256 3
70040117; 030;P;2;100750054382 1
37354380; 031;P;2;100480053218 0
70991805; 032;P;2;100310053364 4
70100390; 033;P;2;100070057355 1
79519E; 034;P;2;789582508330 6
77408; 036;P;2;789582500363 2
70993401E; 037;P;2;789582537152 6
P4042; 038;P;2;789582508471 6
6357102; 039;P;2;100880052647 7
U5MK0404E; 040;P;2;789582508512 6
3763A001; 041;P;2;789582502696 9
70991198; 042;P;2;100070050880 5
70410089E; 043;P;2;789582507170 9
70993365; 044;P;2;789582505954 7
3753E001; 045;P;2;100480052097 2
70100705E; 046;P;2;789582503196 3
70100626; 047;P;2;100070052118 7
70100601; 048;P;2;789582503154 3
70100865E;048A;P;2;789582507679 7
4113H053E; 049;P;2;789582502826 0
74037; 050;P;2;100450053428 6
74030E; 051;P;2;100450053427 9
74334; 052;P;2;789582508306 1
424828P; 053;P;2;789008839885 3
424828; 053;P;2;789582500625 1
70730056E; 054;P;2;789582536658 4
 030056; 054;P;2;789004139436 6
635816; 055;P;2;100880052600 2
70810066E; 056;P;2;789582508063 3
70810069E;056A;P;2;789582508065 7
70810070E;056B;P;2;789582508066 4
70100226; 057;P;2;100070052013 5
70100411E; 058;P;2;100070052780 6
70810006; 059;P;2;100960053284 2
70810027; 060;P;2;100960051507 4
70100439; 061;P;2;100070057356 8
70100743; 062;P;2;100070338425 3
4113H052E; 063;P;2;789582502825 3
70100728; 064;P;2;100070338418 5
74162; 065;P;2;789582500205 5
70670774E;065A;P;2;789582508014 5
74187E; 066;P;2;789582500222 2
74165; 066;P;2;100890339132 3
70320089E; 067;P;2;789582521484 7
6357125; 068;P;2;789582501626 7
315295; 069;P;2;789582500574 2
315295UP; 069;P;2;789008834687 8
315290I; 069;P;2;240010070004 2
420395P; 070;P;2;789004106933 2
420395; 070;P;2;789582500590 2
70100422; 071;P;2;100070051265 9
37714234E; 072;P;2;789582536958 5
R7000642C1; 072;P;2;789582521983 5
70200268; 073;P;2;100080050577 3
70200267; 075;P;2;100080051268 9
3117C072E; 076;P;2;789582501990 9
70200219; 078;P;2;100080057360 4
76027; 079;P;2;101100053440 1
2643D802; 080;P;2;100100057862 8
76028; 081;P;2;101100050744 3
2486A975E; 082;P;2;789582507436 6
70993355E; 083;P;2;789582508123 4
R42410P; 084;P;2;230410050737 6
70065B; 084;P;2;730020051247 5
R243; 085;P;2;170810052172 0
2486A972E; 086;P;2;789582501842 1
70940076; 087;P;2;100190053297 3
70100429; 089;P;2;100070052787 5
70100719E; 090;P;2;789582503204 5
70950050; 091;P;2;100930054084 0
0940913E; 092;P;2;789582501238 2
70100554E; 093;P;2;789582503145 1
76017; 094;P;2;101100053780 8
76018; 096;P;2;101100053438 8
70993784; 091;R;2;789582519938 0
3771X151; 002;S;2;100510056369 0
P4013; 003;S;2;789582500498 1
P4014; 004;S;2;789582500499 8
70993471E; 005;S;2;789582508149 4
70200476; 006;S;2;100050052286 5
70240485; 007;S;2;100480052126 9
315280;007A;S;2;100480058807 1
OTD0048;007A;S;2;789010334102 4
70250019; 008;S;2;100510050460 0
70993072E; 009;S;2;789582505851 9
70250050; 010;S;2;789582503671 5
70992666; 011;S;2;101030052438 9
70991383E; 011;S;2;789582508100 5
70250025; 012;S;2;100510050482 2
70250021; 013;S;2;100510052127 0
2581128; 015;S;2;100850058201 8
4142A171E; 018;S;2;789582507590 5
4142A143; 018;S;2;100480050837 6
70991916E; 019;S;2;789582505413 9
70991285; 020;S;2;789582505180 0
70250012; 021;S;2;100510051779 2
70993523R; 022;S;2;789582521985 9
4236258; 023;S;2;789582501542 0
HS126; 024;S;2;789582508660 4
4203161; 025;S;2;789582501455 3
3716C242E; 026;S;2;789582507549 3
70993509E; 027;S;2;789582508169 2
7008099R1E; 027;S;2;789582536052 0
10199; 027;S;2;789267700204 2
70993016E; 028;S;2;789582505838 0
70240491E;028A;S;2;789004837990 8
70993553R;028A;S;2;789582523914 7
70250023; 029;S;2;100510050461 7
R7000636C91; 032;S;2;789582521968 2
4236256; 033;S;2;789582501540 6
70250069E; 033;S;2;789582537214 1
70250069P; 033;S;2;789010340527 6
70993658E; 034;S;2;789582536762 8
70993510; 035;S;2;789582508170 8
10206; 035;S;2;789267700214 1
FTC4204A; 036;S;2;100690339350 7
70992115; 037;S;2;789582505481 8
4203105; 038;S;2;100480050918 2
S4059; 039;S;2;789582500552 0
70992759; 040;S;2;789582505747 5
4236257; 041;S;2;101030052736 6
70993017E; 042;S;2;789582505839 7
70992690; 043;S;2;100480053680 5
R7000638C91E; 043;S;2;789582526055 4
70993342E; 044;S;2;789582505944 8
70991074; 045;S;2;100510053336 5
70993496R; 046;S;2;789582521984 2
37766423; 047;S;2;100070050469 2
70993667E;047A;S;2;789582508229 3
3116K014E; 048;S;2;789582501969 5
2415B155E; 001;T;2;789582501816 2
2415H494E; 002;T;2;789582507423 6
3683N004E; 004;T;2;789582502535 1
0826456E; 005;T;2;789582501144 6
70180157E; 006;T;2;789582503312 7
70740086E; 007;T;2;789582504580 9
70170028; 008;T;2;100300050075 3
70200952E; 009;T;2;789582507749 7
70180158E; 010;T;2;789582503313 4
70998010E; 011;T;2;789582506032 1
 0745058; 012;T;2;100040057493 3
70040005; 013;T;2;100590052702 1
0748612E; 014;T;2;789582501082 1
33152153A; 015;T;2;100470058975 8
70550001; 016;T;2;100810053238 3
70490014; 017;T;2;100020051970 7
70446NAK; 017;T;2;730020051200 0
70446SC; 017;T;2;130020050102 4
70490014RE; 017;T;2;789582508782 3
70550002; 018;T;2;100810050646 9
 0920051; 019;T;2;789582501201 6
0096239E; 020;T;2;789582500801 9
70200826E; 021;T;2;789582503594 7
32186137E; 022;T;2;789582502094 3
36243117; 023;T;2;100190050184 9
70200120E; 024;T;2;789582503348 6
70100600; 025;T;2;100070052042 5
 0096436; 026;T;2;789582500813 2
33844412; 027;T;2;100050059475 6
31743108; 028;T;2;789582502043 1
7006280C1E; 028;T;2;789007039838 0
70200449; 029;T;2;100080051280 1
0096240E; 030;T;2;789582500802 6
0096241E;030A;T;2;789582500803 3
36418138; 031;T;2;100070051660 2
0748419E; 032;T;2;789582501072 2
70920042; 033;T;2;100240050149 0
 0941083; 034;T;2;100870054214 0
70992802; 035;T;2;101090050213 8
9900220002; 035;T;2;789010939025 5
 0576103; 036;T;2;100210051754 8
70920172E; 037;T;2;789582504913 5
70490111; 038;T;2;100020051191 6
0096435E; 039;T;2;789582500812 5
70490238; 040;T;2;100020051569 3
79950228;040A;T;2;100050051294 1
70230006; 041;T;2;100010014850 2
70993311E; 042;T;2;789582505931 8
70200423E; 043;T;2;789582503431 5
70810056E; 044;T;2;789582504722 3
34821422E; 045;T;2;789582502315 9
70200428; 046;T;2;789582503434 6
70200269; 047;T;2;100050052267 4
4236105; 048;T;2;100010050805 4
70540014; 049;T;2;100510052745 6
70200799E; 050;T;2;789582503580 0
70200865E;050A;T;2;789582507265 2
70991749; 051;T;2;101060050320 6
70240133E; 052;T;2;789582537760 3
70200275; 053;T;2;100050050636 0
70520171E; 054;T;2;789582504111 5
7008097R1E; 054;T;2;789582545188 4
ERR5099AE; 055;T;2;789582508396 2
70200486E; 056;T;2;789582503468 1
79950207E; 057;T;2;789582506163 2
70200083; 058;T;2;100050053107 2
70200477E; 059;T;2;789582503462 9
70200980E; 060;T;2;789582508855 4
70990726; 061;T;2;101060052224 5
70200794; 062;T;2;789582503577 0
70200982E;062A;T;2;789582519808 6
70992886; 063;T;2;100980338751 5
70200922E; 064;T;2;789582507741 1
70240101; 064;T;2;100480053147 3
70200896E; 065;T;2;789582507724 4
36172116; 065;T;2;100480053927 1
70240060; 066;T;2;100480053145 9
70300005; 067;T;2;100300051638 9
33814311E; 068;T;2;789582502272 5
33814311P; 068;T;2;789000540444 5
 0202058; 069;T;2;100050057015 6
70200226E; 069;T;2;789582503380 6
70200471; 070;T;2;100050052283 4
0202016P; 071;T;2;789000540094 2
0202016E; 071;T;2;789582500863 7
70200472; 072;T;2;100050052284 1
70200919E; 073;T;2;789582507738 1
70200182; 073;T;2;100050050640 7
33851122E; 074;T;2;789582502293 0
70200470; 075;T;2;100050052675 7
70200878E; 075;T;2;789582507717 6
79950255; 076;T;2;100050051295 8
70200959E; 076;T;2;789582507751 0
70200960E;076A;T;2;789582507752 7
ERR3539AE; 077;T;2;789582506310 0
70200879E; 078;T;2;789582507239 3
70200867E; 079;T;2;789582507715 2
70240103; 080;T;2;100480051751 4
70200981E; 081;T;2;789582508856 1
70200256E; 082;T;2;789582503390 5
70200236; 083;T;2;100050050569 1
70200536E; 084;T;2;789582503489 6
70200536P; 084;T;2;789000539516 3
70200725E; 085;T;2;789582537137 3
70200701E; 087;T;2;789582503527 5
70200918E;087A;T;2;789582507737 4
70200752E; 088;T;2;789582503547 3
70200961E;088A;T;2;789582545468 7
70991872; 089;T;2;100980053368 7
70200905E; 089;T;2;789582507729 9
7007121C1E; 090;T;2;789582535716 2
70991690E; 090;T;2;789582505345 3
70440184; 091;T;2;789582503882 5
70992177; 092;T;2;100480050280 0
70200874E; 093;T;2;789582506955 3
34828432E; 094;T;2;789582502320 3
34828432P; 094;T;2;789000540075 1
70200416; 095;T;2;100050051270 5
70993507E; 096;T;2;789582508168 5
70200925E;096A;T;2;789582521628 5
70200422E; 097;T;2;789582503430 8
70200534E; 098;T;2;789582503487 2
70200535P; 099;T;2;789000539493 7
70200535E; 099;T;2;789582503488 9
70200447E;100;T;2;789582503445 2
70200478E;101;T;2;789582503463 6
70200227;102;T;2;100050051263 7
70200413E;103;T;2;789582503425 4
70990577;104;T;2;100480052174 0
70992240;105;T;2;100480053377 4
70992239;106;T;2;100480053376 7
70200986;106A;T;2;789582508853 0
70200424E;107;T;2;789582503432 2
70200827E;108;T;2;789582503595 4
79950259;108;T;2;100050051296 5
70200828E;108A;T;2;789582503596 1
70200266;109;T;2;100050051267 5
70200895E;110;T;2;789582507723 7
70200469;110;T;2;100050051269 9
70200085E;111;T;2;789582503339 4
70200440E;112;T;2;789582503442 1
70200539E;113;T;2;789582503491 9
70200484E;114;T;2;789582503467 4
70200983E;115;T;2;789582537094 9
70200443;116;T;2;100050052276 6
70200466;117;T;2;100050052280 3
70200467;118;T;2;100050052281 0
70200435;119;T;2;100050051277 4
70200093;120;T;2;789582503344 8
70200724E;121;T;2;789582503530 5
70200872E;122;T;2;789582503609 8
70200524;123;T;2;100050053117 1
70993193E;124;T;2;789582505891 5
70200786E;125;T;2;789582503571 8
79950181;126;T;2;100050053065 5
70200810;127;T;2;100050338510 8
87145;128;T;2;789005139429 5
VC172A;128;T;2;789005138617 7
2346862;128;T;2;789005139090 7
70440075;128;T;2;100510050473 0
70200222;129;T;2;100050057361 4
70200436;130;T;2;100050051278 1
34821422P;45;T;2;789000540030 0
70200839;91A;T;2;100050051735 9
70200874P;93;T;2;789000540031 7
70100004; 001;U;2;100070051542 1
70100401; 002;U;2;100070052779 0
70920058; 003;U;2;100240057335 0
70940144E; 004;U;2;789582504947 0
36534313; 005;U;2;100070052045 6
2722; 005;U;2;789000740528 0
33286134E; 006;U;2;789582502219 0
0096432E; 007;U;2;789582500809 5
0826243E; 008;U;2;789582501115 6
70650118; 009;U;2;100120051290 3
70450034E; 010;U;2;789582537153 3
3152100; 011;U;2;100230053879 4
 0576151; 012;U;2;100210057469 5
33117122; 013;U;2;100240058910 8
70490412E; 014;U;2;789582507909 5
70341NA; 014;U;2;130020050119 2
70490412R; 014;U;2;789000233261 1
 0380078; 015;U;2;100300057034 3
70100864E; 016;U;2;789582507678 0
70440070; 017;U;2;100880050467 3
0096445E; 018;U;2;789582500821 7
70200026; 019;U;2;789582503332 5
70920077; 020;U;2;100240051538 1
0096434E; 021;U;2;789582500811 8
70570085E; 022;U;2;789582504226 6
70820090E; 023;U;2;789582504777 3
 0826509; 024;U;2;789582501158 3
70820126E; 025;U;2;789582508072 5
2116024E; 026;U;2;789582501260 3
70570055; 028;U;2;100210051648 0
70991867; 030;U;2;100110050389 6
 0828414; 031;U;2;100140057667 5
2313C064; 033;U;2;789582501739 4
70740049; 035;U;2;100040051398 7
70800016E; 036;U;2;789582504694 3
70750035; 037;U;2;100380051495 0
70330084; 038;U;2;100220050346 5
70920082; 039;U;2;789002400137 3
70820056E; 040;U;2;789582504753 7
70740783E; 041;U;2;789582508050 3
 0828406; 042;U;2;100140057661 3
 0828409; 043;U;2;100140051842 2
37735651E; 044;U;2;789582502720 1
35731149; 045;U;2;100110059645 4
70920049; 046;U;2;100240057334 3
37813113;046A;U;2;100120052358 9
70820010; 047;U;2;100140051793 7
0920009E; 048;U;2;789582501198 9
70100353; 049;U;2;100070053075 2
70650072E; 050;U;2;789582504402 4
3743E021E; 051;U;2;789582502667 9
50937798; 053;U;2;721790010832 0
70490374; 053;U;2;100010010806 3
70200225; 054;U;2;100050050568 4
 0748611; 055;U;2;100040057542 8
32417156; 056;U;2;100120058872 4
36823132; 056;U;2;100020055419 7
70200540E; 057;U;2;789582503492 6
70490713RE; 058;U;2;789582508595 9
70590021E;058A;U;2;789582507984 2
2172688; 059;U;2;100040057670 8
0920056E; 060;U;2;789582501206 1
0096634E; 061;U;2;789582500826 2
34712125; 062;U;2;100110053332 9
2431A051; 063;U;2;789582501822 3
70992752; 064;U;2;789582505743 7
50951832; 065;U;2;720020010691 2
70340AI; 065;U;2;130020050127 7
3688A004; 065;U;2;100020051052 0
 0490559; 066;U;2;100020057406 5
0096245E; 067;U;2;789582500807 1
70100697; 068;U;2;100070051989 4
377807113; 068;U;2;789000738597 1
2313C058E; 069;U;2;789582501736 3
70200797; 070;U;2;100080051725 7
33125112; 071;U;2;100240058925 2
70180128; 072;U;2;789582503300 4
 0826472; 073;U;2;789582501150 7
 0096637; 074;U;2;100040056996 0
2313C063E; 075;U;2;789582501738 7
 0490695; 076;U;2;100020057304 4
 0780100; 077;U;2;100700057551 3
32413122; 078;U;2;789582502097 4
70920104R; 079;U;2;100010014680 5
70920104E; 079;U;2;789582504877 0
70740313E; 080;U;2;789582504614 1
 0490692; 082;U;2;100020057303 7
70740129E; 083;U;2;789582504586 1
33115117; 084;U;2;100240058906 1
70200623E; 085;U;2;789582503507 7
70200261; 086;U;2;100050052263 6
70610038; 087;U;2;789582504263 1
50911498; 088;U;2;720020010696 7
70331CB; 088;U;2;789000238303 3
70490402; 088;U;2;100020054071 8
70490402RE; 088;U;2;789582508591 1
36548441; 089;U;2;100070053932 8
33114412E; 090;U;2;789582502145 2
70521PAK;090A;U;2;730020051201 7
70521NAK;090A;U;2;789000240746 3
70896INOX; 091;U;2;730020051479 0
70200603E; 092;U;2;789582503502 2
36542515; 093;U;2;100860058246 8
0746610E; 095;U;2;789582501057 9
70100539; 096;U;2;100070052032 6
32184334E; 097;U;2;789582502091 2
70820094; 098;U;2;100140050302 2
72037; 099;U;2;100100053287 3
70384AG;100;U;2;789000233650 3
3687M006RE;100;U;2;789582521371 0
70440042;101;U;2;100510052796 8
2318A605;102;U;2;100210057743 6
70200860E;103;U;2;789582503608 1
70200441;104;U;2;100050052275 9
70200923E;105;U;2;789582507742 8
70200880;106;U;2;789582507718 3
70200763E;107;U;2;789582503556 5
70200791E;108;U;2;789582503574 9
70200769E;109;U;2;789582503562 6
70200758E;110;U;2;789582503551 0
70200757E;111;U;2;789582503550 3
G3006;111;U;2;789000538601 7
7633JA;111;U;2;789000539000 7
70200785E;112;U;2;789582503570 1
70200770E;113;U;2;789582503563 3
70200787E;114;U;2;789582503572 5
70200916E;115;U;2;789582507735 0
70200768E;116;U;2;789582537043 7
70200760E;117;U;2;789582503553 4
CJA7634;117;U;2;789000538540 9
70200784E;118;U;2;789582503569 5
70200741E;119;U;2;789582503543 5
70200762E;120;U;2;789582503555 8
70200802E;121;U;2;789582503583 1
70200801;122;U;2;100050338505 4
70200750E;123;U;2;789582503546 6
70200733E;124;U;2;789582503536 7
70200759E;125;U;2;789582503552 7
70200732E;126;U;2;789582503535 0
ERR4686AE;127;U;2;789582506336 0
70200950E;127A;U;2;789582507748 0
ERR1084E;128;U;2;789582501674 8
70200792E;130;U;2;789582503575 6
70200837E;131;U;2;789582503601 2
70993205E;132;U;2;789582505898 4
70200621E;133;U;2;789582503505 3
70993260E;134;U;2;789582505919 6
70200842E;135;U;2;789582503602 9
70200843E;136;U;2;789582503603 6
3383E003;136A;U;2;100050059473 2
70740735E;137;U;2;100040338678 6
2314J004E;138;U;2;789582501779 0
URB100760;139;U;2;789582506808 2
70200739E;140;U;2;789582503542 8
MME8107;57;U;2;789000540303 5
2645A031E; 001;V;2;789582501892 6
70520159; 002;V;2;100070051600 8
33853123E; 003;V;2;000003385312 3
2314H010E; 004;V;2;789582501768 4
70740315E; 005;V;2;789582504615 8
0096234E; 006;V;2;789582500796 8
70940084; 007;V;2;100190053298 0
50932598; 008;V;2;789000232311 4
70490386; 008;V;2;100010010818 6
70490386RE; 008;V;2;789582508581 2
37354391; 009;V;2;100480052133 7
2645A604E; 010;V;2;789582501895 7
 0780096; 011;V;2;100700053318 6
70100659; 012;V;2;100070052059 3
70990292; 013;V;2;100110036235 6
33112111E; 014;V;2;789582502143 8
70780024; 015;V;2;789582504690 5
70450025E; 016;V;2;789008500002 5
4152A002; 017;V;2;100480053967 7
2184435E; 018;V;2;789582501281 8
70490314; 019;V;2;100020054013 8
70490314RE; 019;V;2;789582508600 0
3683D006E; 019;V;2;789582502529 0
0720677P; 020;V;2;789000440494 1
0720677E; 020;V;2;789582501020 3
 0748613; 021;V;2;100040057545 9
70320NAK; 023;V;2;789854427091 0
70320PAK; 023;V;2;730020051188 1
 0096208; 024;V;2;100040053631 3
0096446E; 025;V;2;789582500822 4
70490050; 026;V;2;100020051200 5
50915798; 026;V;2;720020050734 4
70820063E; 027;V;2;789582504759 9
70470054E; 028;V;2;789582503904 4
70650043; 029;V;2;100220053263 2
70920067; 030;V;2;789582504860 2
70340002; 031;V;2;100940053171 7
70991983; 032;V;2;101180050465 9
0920055E; 033;V;2;789582501205 4
36241316; 035;V;2;100240059727 1
70760024E; 036;V;2;789582504675 2
 0826521; 037;V;2;100140057599 9
70490800R; 038;V;2;789582519825 3
50917996; 038;V;2;720020050108 3
33153121E; 039;V;2;789582502187 2
70740366E; 040;V;2;789582504636 3
70200822; 041;V;2;100050338514 6
70090038; 042;V;2;100040050319 3
70570043E; 043;V;2;789582504214 3
34821428E; 044;V;2;789582502316 6
36237156E; 045;V;2;789582545200 3
70992502; 046;V;2;789582505662 1
70993482E;046A;V;2;789582508159 3
70992500E; 047;V;2;789582505661 4
70992199; 048;V;2;100480053629 4
70240265E; 049;V;2;789582503659 3
2415745E; 050;V;2;789582501317 4
77330E; 051;V;2;789582500321 2
70200458E; 052;V;2;789582503449 0
70520076E; 053;V;2;789582504094 1
37462401; 054;V;2;100640053326 0
74059; 055;V;2;100170053429 0
70221SC; 056;V;2;130020050094 2
36862191E; 056;V;2;789582502579 5
50932816; 056;V;2;720020050702 3
50932831; 056;V;2;720020050113 7
0096433E; 057;V;2;789582500810 1
33221319L1E; 058;V;2;789000041068 7
33221319E; 058;V;2;789582502207 7
31137481E; 059;V;2;789582501945 9
50947667; 061;V;2;720020050677 4
70490683E; 061;V;2;789582507915 6
74069; 062;V;2;100010052068 1
0826408E; 063;V;2;789582536947 9
0826409E; 064;V;2;789582501131 6
32181425E; 065;V;2;789582502082 0
50915698; 066;V;2;720020050733 7
70490049; 066;V;2;100020051974 5
50944430; 067;V;2;720020050115 1
70200432; 068;V;2;100050051335 1
70100523; 069;V;2;100070052063 0
 0995415; 070;V;2;789582501249 8
70100699; 071;V;2;100070052129 3
79950290; 072;V;2;100050053465 3
70820044; 073;V;2;100140051858 3
423690; 074;V;2;100160051235 0
4203102; 075;V;2;100140053343 2
70410099E; 077;V;2;789582507779 4
37556117E; 078;V;2;789582502688 4
70240122; 079;V;2;100480052077 4
0640126E; 080;V;2;789582501002 9
77219E; 081;V;2;789582500272 7
70240042E; 082;V;2;789582503622 7
70100184; 083;V;2;100070052036 4
70740069E; 084;V;2;789582504575 5
70740089; 084;V;2;100040054849 1
70740061; 085;V;2;789582504568 7
 0096236; 086;V;2;789582500798 2
74066; 087;V;2;100970050488 6
60925890; 088;V;2;720020050110 6
36846114; 089;V;2;100020051011 7
33516; 090;V;2;100810052318 3
STC04126M; 091;V;2;789000739442 3
NBJ3010D; 091;V;2;789000740057 5
70100420; 091;V;2;100070052782 0
STC04127M; 091;V;2;789000739440 9
70991158E; 092;V;2;789582537317 9
70240128; 093;V;2;100480052076 7
70240176; 093;V;2;100480053156 5
70240210; 094;V;2;100480051768 2
0825241E; 095;V;2;789582501102 6
70650046; 096;V;2;100120051716 8
70740043; 097;V;2;789582504553 3
33125412; 099;V;2;100240058929 0
32762116E;100;V;2;789582537172 4
70520042;101;V;2;101180053224 9
70050160;102;V;2;789582502987 8
 0095199;103;V;2;100040056946 5
70240069;104;V;2;100480051749 1
 0826277;105;V;2;789582501125 5
33115408E;106;V;2;789582502148 3
0500009E;109;V;2;789582500951 1
70820032;111;V;2;100140051520 9
0746261E;112;V;2;789582501047 0
70490318E;113;V;2;789582507821 0
70200582E;114;V;2;789582503498 8
2485791E;115;V;2;789582501341 9
50910250;116;V;2;720020040778 1
70490401RE;116;V;2;789582508558 4
70432CB;116;V;2;789000239699 6
70490401;116;V;2;100020054070 1
0720579E;117;V;2;789582537540 1
70490375RE;118;V;2;789582508601 7
36833144;119;V;2;100020055426 5
34417116;120;V;2;100110059493 1
70050027;121;V;2;100220052705 8
 0826249;122;V;2;100140057564 7
S4029;123;V;2;100230059724 1
 0566007;124;V;2;100740057442 0
70650073E;125;V;2;789582504403 1
70740052;128;V;2;100040051523 3
31744131E;129;V;2;789582502045 5
70740053;130;V;2;789582504562 5
70100698;131;V;2;100070052064 7
0576007E;132;V;2;789582500970 2
0780007E;133;V;2;789582501093 7
70090010E;134;V;2;789582503033 1
33415123;135;V;2;100930053895 3
70200229E;136;V;2;789582503383 7
70920114E;137;V;2;789582504884 8
70820092E;138;V;2;789582504778 0
635449;139;V;2;100230053037 8
70820041;140;V;2;100140051521 6
7007195C1E;141;V;2;789582547603 0
32186405E;141;V;2;789582507157 0
70650008P;141;V;2;789001239948 2
0826628E;142;V;2;789582501167 5
70998056;143;V;2;100570053704 6
0095315E;144;V;2;789582500779 1
70570074E;145;V;2;789582504223 5
0920054E;146;V;2;789582501204 7
70820015E;147;V;2;789582504733 9
0576002E;148;V;2;789582500968 9
70180086;149;V;2;100600051775 2
70760011;150;V;2;100950050426 0
4111A008;151;V;2;789582502819 2
70200694E;153;V;2;789582503524 4
35511111E;156;V;2;789582502343 2
0746019E;157;V;2;789582501030 2
70997075;158;V;2;100870050611 1
2645K002;159;V;2;101000052150 3
 0827813;160;V;2;100140057640 8
33415133;162;V;2;100240059006 7
424819;163;V;2;789582500621 3
36854104E;164;V;2;789582502555 9
37188184; 001;X;2;100480053940 0
70991157E; 002;X;2;789582537856 3
70991014; 004;X;2;100480053334 7
2169743; 004;X;2;789004839087 3
37188519E; 005;X;2;100480055445 8
3718X717E; 006;X;2;789582502658 7
3718X717US; 006;X;2;789004832312 3
37188559E; 007;X;2;789582537713 9
70240271E; 008;X;2;789582503663 0
4142X051E;008A;X;2;789582507591 2
7008511R1E; 009;X;2;789000040905 6
70740047E; 009;X;2;789582537255 4
70740063E; 010;X;2;789582504570 0
50907190; 011;X;2;720020050851 8
 0490251; 011;X;2;100020057404 1
70740064E; 012;X;2;789582504571 7
70570097E; 013;X;2;789582504231 0
70950029E; 014;X;2;789582504962 3
0350025E; 015;X;2;789582500887 3
70998008; 016;X;2;100630050353 0
73187E; 017;X;2;789582508288 0
70740025E; 018;X;2;789582504548 9
70992847; 020;X;2;789582505779 6
70200766; 022;X;2;789582503559 6
CIN414; 023;X;2;789007038645 5
 0780224; 023;X;2;100700057371 7
CIN437; 023;X;2;789007038646 2
0746452E; 024;X;2;789582501052 4
70992082; 025;X;2;100110052160 9
37447511; 026;X;2;100800054255 0
 0096033; 027;X;2;100040056951 9
 0748352; 028;X;2;789582501061 6
ERR1973A; 029;X;2;100660339205 3
ERC7295BE; 030;X;2;789582506243 1
FT212401E; 031;X;2;789582506427 5
ERR0335BE; 032;X;2;789582507240 9
 0748505; 033;X;2;100040057537 4
 0920931; 034;X;2;100240053275 3
2645666E; 035;X;2;789582501383 9
70998136E; 036;X;2;789582506122 9
70440084; 038;X;2;100510053197 2
72122E; 039;X;2;789582536937 0
36832123; 040;X;2;100020052977 5
70780016; 041;X;2;100700052808 3
70200639; 042;X;2;100090052328 8
2415813E; 043;X;2;789582501318 1
36866722E; 044;X;2;789582502602 0
70351NA; 044;X;2;789000238750 5
36854103E; 045;X;2;789582502554 2
 0576101; 046;X;2;100210057459 6
0201526E; 047;X;2;789582500862 0
70576100E; 048;X;2;789582504239 6
0746253E; 049;X;2;789582501041 8
0920006E; 050;X;2;789582501196 5
33137408E; 051;X;2;789582502175 9
70730018E; 052;X;2;789582504529 8
70740763E; 053;X;2;789582508046 6
70650109E; 054;X;2;789582504412 3
70820016E; 055;X;2;789582504734 6
70490185; 056;X;2;100020052966 9
70090033; 057;X;2;100040051541 7
 0828005; 058;X;2;100140057643 9
2172142E; 059;X;2;789582501269 6
0500006E; 060;X;2;789582500950 4
70920081E; 061;X;2;789582504868 8
95X20X20; 061;X;2;789002439758 2
36872516; 062;X;2;100480050975 5
2417208; 063;X;2;100010057795 1
2415B121E; 064;X;2;789582501814 8
2232133; 065;X;2;100040057682 1
0095344E; 066;X;2;789582500780 7
70730027; 067;X;2;100480050093 6
CDD8007; 068;X;2;789006028140 1
70180153E; 068;X;2;789582503308 0
36447111; 069;X;2;100070055402 4
70920109E; 070;X;2;789582504879 4
70750078E; 071;X;2;789003838988 7
32455123; 071;X;2;789582537480 0
70650083E; 072;X;2;789582504411 6
37417482; 073;X;2;789582502664 8
70610068E; 074;X;2;789582504275 4
 0826612; 075;X;2;100140057613 2
0566005E; 076;X;2;789582500961 0
 0920113; 077;X;2;100240057608 5
9301421; 077;X;2;789002432313 0
0920113RE; 077;X;2;789582508810 3
0746354E; 078;X;2;789582501048 7
32181426E; 079;X;2;789582502083 7
70997005; 080;X;2;100020053696 4
70990477; 081;X;2;100660053280 3
32526322; 082;X;2;100140053889 5
31734116; 083;X;2;789582502041 7
70730034B; 084;X;2;100130051421 0
0826495E; 085;X;2;789582501155 2
0826451E; 086;X;2;789582501142 2
70820007P; 087;X;2;789001440036 0
70820007E; 087;X;2;789582504728 5
70820089E; 088;X;2;789582504776 6
0560244E; 089;X;2;789582500956 6
70150069E; 090;X;2;789582536692 8
 0920299; 091;X;2;100240057615 3
70820040; 092;X;2;100140051519 3
70600001E; 093;X;2;789582504249 5
41374013; 094;X;2;100170052572 4
70200655E; 095;X;2;789582503519 0
2318A208; 096;X;2;789582501804 9
70991004; 097;X;2;100660051238 6
70650051; 098;X;2;100120050364 2
70180156E; 099;X;2;789582503311 0
0500012E;100;X;2;789582500952 8
32526312;101;X;2;100140058881 4
70820019E;102;X;2;789582504735 3
70940066;103;X;2;100190053295 9
0576111E;104;X;2;789582500983 2
70620689;105;X;2;100110034765 0
70520085;106;X;2;100070050316 9
70920115E;107;X;2;789582504885 5
FB108251;108;X;2;789582507251 5
0746255E;109;X;2;789582501043 2
31733121E;111;X;2;789582502040 0
 0828008;112;X;2;100140057654 5
7004131C91E;113;X;2;789010936620 5
70992757;113;X;2;789582508671 0
 0576112;114;X;2;789582500984 9
70920083E;115;X;2;789582504870 1
70650121;116;X;2;789582504420 8
35731144E;117;X;2;789582502372 2
32716117E;118;X;2;789582502119 3
 0826478;120;X;2;100140057589 0
70600002E;121;X;2;789582504250 1
0095250P;122;X;2;789000440051 6
0095250E;122;X;2;789582500778 4
2314J010E;123;X;2;789582501783 7
70740060E;124;X;2;789582504567 0
70740048E;125;X;2;789582504557 1
7008513R1E;125;X;2;789582626871 9
3688X008E;127;X;2;789582507174 7
70100628E;128;X;2;789582503172 7
70330019;129;X;2;100080053167 3
445751E;130;X;2;789582500641 1
70650119;130;X;2;100120051300 9
32161209E;131;X;2;789582502071 4
70820105E;132;X;2;789582508067 1
70820079;132;X;2;789582504769 8
70820012;133;X;2;100140050236 0
70820027E;134;X;2;789582504736 0
 0920120;135;X;2;100240057609 2
 0995447;137;X;2;100570057645 8
70150039;138;X;2;789582503266 3
70820042E;139;X;2;100140051522 3
70820060;140;X;2;100140051534 6
0096439E;141;X;2;789582500816 3
0566002E;142;X;2;789582500958 0
41371078E;143;X;2;789582502880 2
50926198;144;X;2;720020050704 7
70336NA;144;X;2;789000838827 8
70490380RE;144;X;2;789582508602 4
 0576005;145;X;2;789582500969 6
70100587;146;X;2;789582503150 5
37534531;147;X;2;100480052019 4
32181424E;148;X;2;789582502081 3
FS106101E;149;X;2;789582506410 7
70240037;149;X;2;100510053138 5
31138105E;150;X;2;789582501946 6
70920120E;151;X;2;789582504887 9
2172530E;152;X;2;789582501273 3
70992501;153;X;2;789582508731 1
70990818;154;X;2;100480052319 5
2415715E;155A;X;2;789582501316 7
4142X062E;156;X;2;789582502900 7
32166219E;157;X;2;789582502073 8
70940149;158;X;2;789582504949 4
0826479E;159;X;2;789582501154 5
77352E;160;X;2;789582500336 6
70740147;161;X;2;100040051385 7
70570075E;162;X;2;789582504224 2
70740368E;163;X;2;789582504638 7
2313M083E;164;X;2;789582501747 9
2313M087P;165;X;2;789001439098 2
2313M087E;165;X;2;789582501748 6
2313H331E;166;X;2;789582501742 4
70740068;167;X;2;100040050185 4
70820098E;168;X;2;789582504782 7
70100181;169;X;2;100070052018 0
0746211E;170;X;2;789582501036 4
70820059E;171;X;2;789582504755 1
32184316;172;X;2;100040058863 3
2232151E;173;X;2;789582501293 1
33555131;174;X;2;100080053309 7
70100757E;174;X;2;789582503227 4
2314H003E;175;X;2;789582501762 2
70100787;176;X;2;789582503241 0
70180116;177;X;2;100620054194 6
70820051;178;X;2;100140051526 1
 0650685;179;X;2;100120057484 0
77237;180;X;2;100670053796 8
 0780009;181;X;2;100700057549 0
70550027;182;X;2;789582504210 5
70490175;183;X;2;100020053211 9
32754412;184;X;2;100140058896 8
70180104;185;X;2;789582503292 2
70810008;186;X;2;100480051504 6
 0746459;187;X;2;789582501056 2
32146306;188;X;2;100040058844 2
32413416E;189;X;2;789582502099 8
70100525;190;X;2;100070052024 1
 0826211;191;X;2;100140057556 2
70650071E;192;X;2;789582504401 7
0920053E;193;X;2;789582501203 0
0826201E;194;X;2;789582501104 0
 0490707;195;X;2;100020057310 5
70441NA;195;X;2;789000238933 2
50910698;195;X;2;720020050666 8
80201361E;196;X;2;789582506178 6
80201361P;196;X;2;789000840019 2
FS106161E;197;X;2;789582506412 1
2184545;198;X;2;100040057678 4
70991712;199;X;2;100570054201 9
0920058E;200;X;2;789582501207 8
50900316;201;X;2;720020050101 4
70490344;201;X;2;100020054037 4
36837409;201;X;2;100020051096 4
70621SC;201;X;2;130020050099 7
70490344RE;201;X;2;789582508635 2
70621NAK;201;X;2;789854428883 0
70240080;202;X;2;100480054319 3
0826232E;203;X;2;789582501112 5
 0201399;204;X;2;789582500861 3
0576054E;205;X;2;789582500974 0
70490317E;206;X;2;789582507820 3
70730029;207;X;2;100130053270 2
 0921246;208;X;2;100240057622 1
70490414;209;X;2;789582507911 8
70863NA;209;X;2;789007237922 6
0780006E;210;X;2;789582501092 0
53033050;210;X;2;789537209142 7
 0921241;211;X;2;100240053273 9
70100284;212;X;2;100070052764 6
70730003;214;X;2;100410051407 7
70240150;215;X;2;100480051760 6
0096633E;216;X;2;789582500825 5
 0826220;217;X;2;100140057558 6
 0826450;218;X;2;100140057581 4
 0096037;219;X;2;100040056952 6
FS112301E;220;X;2;789582508410 5
0746214E;221;X;2;789582501038 8
2551A014P;222;X;2;789005940076 9
2551A014E;222;X;2;789582501855 1
 0749053;223;X;2;100040057548 0
 0748420;224;X;2;100040057536 7
33153133E;225;X;2;789582502189 6
0096441E;226;X;2;789582500818 7
 0826424;227;X;2;100140057577 7
0095350E;228;X;2;789582500781 4
0095350P;228;X;2;789000440073 8
70820008;229;X;2;100140053286 2
FX106041;229;X;2;100210339352 1
70620666E;230;X;2;789582504294 5
 0096041;231;X;2;100040056954 0
33423122;232;X;2;100540053292 1
34824118;233;X;2;100050059503 6
0650582E;235;X;2;789582501010 4
70730025;236;X;2;100130050763 2
70740132E;237;X;2;789582504589 2
32162319E;238;X;2;789582502072 1
70200297;239;X;2;100050034776 5
70240149;240;X;2;100480051759 0
70920081P;61;X;2;789002440484 6
70670201E; 001;Y;2;789582504502 1
50920898;001A;Y;2;720020050669 9
 0576114; 002;Y;2;789582500986 3
70993810E;002A;Y;2;789582519913 7
3687Y002E; 003;Y;2;789582502630 3
70950035; 004;Y;2;100930338738 1
73159E; 005;Y;2;789582500157 7
70150047E;005A;Y;2;789582503268 7
FN108041E; 006;Y;2;789582506406 0
70920170E;006A;Y;2;789582504911 1
70610060; 007;Y;2;100040338617 5
70240498E;007A;Y;2;789582507758 9
ERR4709AE; 008;Y;2;789582506344 5
70520093;008A;Y;2;789582504102 3
FS108121E; 009;Y;2;789582506413 8
2314J603; 010;Y;2;789582501791 2
ERC4996AE; 011;Y;2;789582506242 4
70998161E; 012;Y;2;789582506137 3
70050238E; 013;Y;2;789582521822 7
70200729E; 014;Y;2;789582503532 9
70610056; 015;Y;2;789582504268 6
2114A046E;015A;Y;2;789582507413 7
70998165E; 016;Y;2;789582506141 0
70180182E; 017;Y;2;789582503325 7
70050152; 018;Y;2;789582502980 9
70100742E; 019;Y;2;789582503217 5
70810058E; 020;Y;2;789582504724 7
ERR0561AE; 021;Y;2;789582506248 6
ERR2023AE; 022;Y;2;789582506273 8
73038NA; 022;Y;2;789000238430 6
70151AN; 022;Y;2;130020050462 9
70610057E; 023;Y;2;789582504269 3
70610054E; 024;Y;2;789582504266 2
ETC8621B; 025;Y;2;789582506383 4
ERR3779AE; 026;Y;2;789582506322 3
70820117E; 027;Y;2;789582504793 3
ERR1560AE; 028;Y;2;789582506266 0
ERR2100AE; 029;Y;2;789582506277 6
70180174; 030;Y;2;100600054848 0
70610055; 031;Y;2;789582504267 9
70740181E; 032;Y;2;789582504602 8
70152AN; 033;Y;2;130020050463 6
73014NA; 033;Y;2;789854428881 6
70920158E; 034;Y;2;789582504903 6
70200742; 035;Y;2;100080051246 7
7008444R91E; 036;Y;2;789000040911 7
ERR3342DE; 036;Y;2;789582506301 8
ERR3342PAR; 036;Y;2;171090354241 3
7008118R1E; 036;Y;2;789010940239 2
70040020E; 037;Y;2;789582502947 2
TE108071E; 038;Y;2;789582506449 7
70200833E; 040;Y;2;789582503597 8
70050159; 041;Y;2;789582502986 1
ERR1209AE; 042;Y;2;789582506263 9
FS112401E; 043;Y;2;789582506423 7
70650133; 044;Y;2;100010014374 3
70420023E; 045;Y;2;789582503826 9
70420027E;045A;Y;2;789582507783 1
112054050;045A;Y;2;789537222135 0
FS108251E; 046;Y;2;789582506416 9
FS108301E; 047;Y;2;789582506417 6
ERR0900A; 048;Y;2;789582506255 4
70200834E; 049;Y;2;789582503598 5
70740384E; 050;Y;2;789582504647 9
FT108201E; 051;Y;2;789582506424 4
70998201E; 052;Y;2;789582508248 4
70570123E; 053;Y;2;789582504238 9
70820116E; 054;Y;2;789582504792 6
FB108171E; 055;Y;2;789582506394 0
70780032; 056;Y;2;789582504693 6
ERR3756A; 057;Y;2;789582506321 6
ERR4640AE; 058;Y;2;789582506334 6
73033NA; 059;Y;2;789000237923 4
50948267; 059;Y;2;720020050680 4
ERR3490AE; 059;Y;2;789582506309 4
70740364; 061;Y;2;789582504634 9
ERR2767BE; 062;Y;2;789582506925 6
70650034; 063;Y;2;100120054111 8
ERR5087A; 064;Y;2;789582506359 9
ERR1564B; 065;Y;2;100240331049 5
ERR0607CE; 067;Y;2;789582506250 9
70998112; 068;Y;2;101140053710 1
70740739E; 069;Y;2;789582504653 0
ETC8074BE; 070;Y;2;789582506377 3
T400001; 071;Y;2;789000438842 5
70991941; 072;Y;2;100970053370 1
 0330517; 073;Y;2;100220057023 8
70950018E; 074;Y;2;789582504956 2
AMR1425B; 075;Y;2;789582507223 2
 0096213; 076;Y;2;100040056957 1
70540140E; 077;Y;2;789582504181 8
41426003; 078;Y;2;100610058220 9
FC108131E; 079;Y;2;789582506402 2
HS068E; 080;Y;2;789582508415 0
7008100R1E; 080;Y;2;789582545158 7
2313M081E; 081;Y;2;789582507415 1
ERR4404AE;081A;Y;2;789582506331 5
32184422; 082;Y;2;789582502092 9
 0576116; 083;Y;2;100210057466 4
36567444E; 084;Y;2;789582507534 9
3775E012; 085;Y;2;100110050080 2
70650129E; 086;Y;2;789582504422 2
70920196; 087;Y;2;100240335242 6
70143AN; 088;Y;2;170020020687 3
ERR2028BE; 088;Y;2;789582506276 9
50947467; 088;Y;2;720020050147 2
73034NA; 088;Y;2;789000238703 1
FX108051E; 089;Y;2;789582506430 5
70998016; 090;Y;2;101060053700 3
ERR2405AE; 091;Y;2;789582506286 8
70150AN 050; 092;Y;2;170020020693 4
ERR1653AE; 092;Y;2;789582506269 1
U65996630; 093;Y;2;789000239380 3
ERR2344AE; 093;Y;2;789582506283 7
111996401; 093;Y;2;789000239382 7
ERR3417AE; 094;Y;2;789582506303 2
ERR1471CE; 095;Y;2;789582506265 3
50947967; 096;Y;2;720020050152 6
73037NA; 096;Y;2;789005137773 1
ERR3284AE; 096;Y;2;789582506294 3
50947867; 097;Y;2;720020050675 0
ERR1561AE; 097;Y;2;789582506267 7
70146AN 050; 097;Y;2;170020020690 3
70920129E; 098;Y;2;789582504892 3
70200793E; 099;Y;2;789582503576 3
70650137E;100;Y;2;789582504425 3
70680016E;101;Y;2;789582504511 3
70650065;102;Y;2;100120051719 9
70570107E;103;Y;2;789582504233 4
73036NA;104;Y;2;789000238753 6
50948167;104;Y;2;720020050676 7
70148AN 080;104;Y;2;170020020691 0
ERR2026AE;104;Y;2;789582506274 5
70740374E;105;Y;2;789582504642 4
70650045E;106;Y;2;789582504387 4
ERR4710AE;107;Y;2;789582506345 2
73157E;108;Y;2;789582500155 3
74192E;109;Y;2;789582508297 2
FS112251E;110;Y;2;789582506422 0
501593AE;111;Y;2;100630332875 8
2313C078E;112;Y;2;789582507414 4
74186E;113;Y;2;789582500221 5
70610059;114;Y;2;100940338616 1
2314J046E;115;Y;2;789582501789 9
70740379E;116;Y;2;789582504646 2
FS108351E;117;Y;2;789582506418 3
70998110;118;Y;2;100010053708 5
ERR4621BE;119;Y;2;789582506333 9
ERR3754AE;120;Y;2;789582506320 9
CN100209;121;Y;2;170600010775 4
UTO6676;123;Y;2;789005539227 3
ESR2348;123;Y;2;789582501698 4
70470107E;124;Y;2;789582503925 9
ERR3780CE;125;Y;2;789582506323 0
ERR4685AE;126;Y;2;789582506335 3
7008340R1E;59;Y;2;789000240782 1
3781N005; 001;Z;2;100480052071 2
73169E; 002;Z;2;789582508284 2
ETE7794; 002;Z;2;789006539303 1
T010002; 002;Z;2;789006538898 3
CDA2313; 002;Z;2;789006539749 7
70200689; 003;Z;2;100080052337 1
3688C018E; 004;Z;2;789582507175 4
70100756; 005;Z;2;789582503226 7
70100800E; 006;Z;2;789582503248 9
70200849E; 007;Z;2;789582503606 7
2314H033; 008;Z;2;789582507417 5
70340003; 009;Z;2;100940051844 2
70650136; 010;Z;2;100120054124 8
70410088E; 011;Z;2;789582507269 0
70991111; 012;Z;2;789582505119 0
70220CV; 012;Z;2;130020050109 3
3645E008E; 013;Z;2;789582502423 1
70740755E; 014;Z;2;789582508041 1
31744203; 015;Z;2;100700058827 8
2314J011E; 016;Z;2;789582501784 4
70100381; 017;Z;2;100070052773 8
3242N004; 018;Z;2;100570053900 2
37764241; 019;Z;2;100400052219 6
FT110351E; 020;Z;2;789582506426 8
37741691E; 021;Z;2;789582502734 8
70940151E; 022;Z;2;789582504950 0
36171114; 023;Z;2;789582502398 2
FS106122; 024;Z;2;789582506411 4
70100722E; 025;Z;2;789582503206 9
70820111E; 026;Z;2;789582504791 9
70570048; 027;Z;2;100210050645 0
70100765E; 028;Z;2;789582503232 8
70740858E; 029;Z;2;100010015269 1
70490172; 030;Z;2;100020051148 0
NJH25129A; 030;Z;2;789000240389 2
70820066E; 031;Z;2;789582504762 9
70740045; 032;Z;2;100040033247 2
70650020; 033;Z;2;100120054107 1
70740756E; 034;Z;2;789582508042 8
7008326R1E; 034;Z;2;789000440846 8
70740323E; 035;Z;2;789582504616 5
2346861; 036;Z;2;789000239089 5
NJH26139; 036;Z;2;789000239731 3
70490026; 036;Z;2;100020051038 4
70650033; 037;Z;2;100120054110 1
568431; 038;Z;2;789582500645 9
930504620024; 039;Z;2;260010011103 3
70230010E; 039;Z;2;789582503614 2
961204620014E; 039;Z;2;789582581409 2
50968690; 040;Z;2;720020050727 6
3684N026E; 040;Z;2;789582507545 5
70217AG; 040;Z;2;730020051591 9
50982667; 040;Z;2;720020050781 8
70993191E; 041;Z;2;789582505889 2
ERR1086E; 042;Z;2;789582501676 2
70200634; 043;Z;2;100090052311 0
70200702E; 044;Z;2;789582503528 2
70740369; 045;Z;2;789582504639 4
XS6E6065BA; 045;Z;2;789000438682 7
70740754E; 046;Z;2;789582508040 4
70740744E; 047;Z;2;789582504655 4
70650127E; 049;Z;2;789582504421 5
70820103E; 050;Z;2;789582504786 5
3271H004E; 051;Z;2;789582502123 0
70920009E; 052;Z;2;100240050153 7
0576113E; 053;Z;2;789582500985 6
ERR3683E; 054;Z;2;789582501683 0
70670208; 055;Z;2;789582504506 9
7008157R1E; 055;Z;2;789002940262 5
525497AE; 056;Z;2;789582501556 7
33173108E; 057;Z;2;789582507493 9
70200605E; 058;Z;2;789582503504 6
70230009E; 059;Z;2;789582503613 5
70200574; 060;Z;2;100080052297 8
70997057; 061;Z;2;100600054259 4
2415A076E; 062;Z;2;789582501813 1
70740814E;062A;Z;2;789582522088 6
0096243E; 063;Z;2;789582500805 7
32166337E; 064;Z;2;789582502077 6
32166338E; 065;Z;2;789582502078 3
32166339E; 066;Z;2;789582502079 0
32166339P; 066;Z;2;789000440635 8
70740853E; 067;Z;2;789582519469 9
70740854E; 068;Z;2;789582537107 6
70740855E; 069;Z;2;789582519454 5
70740855P; 069;Z;2;789000440636 5
 0201519; 070;Z;2;100040057402 5
 0746251; 071;Z;2;100040057503 9
70920089; 072;Z;2;100240051666 1
33813313; 073;Z;2;100520059413 6
36866447; 074;Z;2;100020057425 6
7110317100; 075;Z;2;789005938347 5
70991120; 076;Z;2;100110052264 4
70100655E; 077;Z;2;789582503184 0
70740803E;077A;Z;2;789582508833 2
70740804E;077B;Z;2;789582508832 5
70740805E;077C;Z;2;789582508719 9
70740188E; 078;Z;2;789582504603 5
70590010; 079;Z;2;789582504245 7
R7003022C1E; 079;Z;2;789582526003 5
70100696E; 080;Z;2;789582503192 5
 0490044; 081;Z;2;100020057274 0
70421SC; 081;Z;2;130020050100 0
2726194; 082;Z;2;100300057937 7
70590011E; 083;Z;2;789582504246 4
36866414; 084;Z;2;100020053337 6
50914590; 084;Z;2;720020050728 3
33116111; 086;Z;2;100240058908 5
 0827613; 087;Z;2;100140057624 8
50907998; 088;Z;2;720020050729 0
 0490288; 088;Z;2;100020051958 5
 0566001; 089;Z;2;100740053666 4
 0576092; 090;Z;2;100210057458 9
70650054; 091;Z;2;100120050365 9
2511A730E; 092;Z;2;789582501851 3
2511A730P; 092;Z;2;789002239745 4
70490265; 093;Z;2;100020051574 7
50939298; 093;Z;2;789000232402 9
36867132; 094;Z;2;100020051116 9
70233NA; 094;Z;2;789000240417 2
3343F041E; 095;Z;2;789582502240 4
70740133; 096;Z;2;789582504590 8
70200803E; 097;Z;2;789582503584 8
33121421; 098;Z;2;100240058923 8
70680017E; 099;Z;2;789582508022 0
70760010;100;Z;2;100950051502 0
0096437E;101;Z;2;789582500814 9
70740046E;102;Z;2;789582504555 7
7008512R1E;102;Z;2;789000440740 9
70740137E;103;Z;2;789582504591 5
77373;104;Z;2;789582500344 1
 0746652;105;Z;2;100040057523 7
 0826510;106;Z;2;100140057594 4
2182122;107;Z;2;789582501280 1
 0826602;108;Z;2;100140052970 1
70520177E;109;Z;2;789582507957 6
32754415E;110;Z;2;789582502134 6
70490376RE;111;Z;2;789582508599 7
70440002;112;Z;2;100880058296 1
70520080;113;Z;2;789582504096 5
70490336R;114;Z;2;100010014550 1
70490336E;114;Z;2;789582507834 0
70271AM;114;Z;2;130020051593 9
0826256E;115;Z;2;789582501120 0
0096431E;116;Z;2;789582500808 8
 0826444;117;Z;2;100140057580 7
70470055;118;Z;2;789582503905 1
2721130E;119;Z;2;789582501399 0
70760029E;120;Z;2;789582504677 6
36832138E;122;Z;2;789582502511 5
37521431;123;Z;2;100070056829 8
7008242R1E;124;Z;2;789582585226 1
71356NA;124;Z;2;789000239315 5
50969290;124;Z;2;720020050730 6
3686A511E;124;Z;2;789582502619 8
70244NA;124;Z;2;789000236089 8
70740087E;125;Z;2;789582504581 6
33826111;126;Z;2;100020059469 8
32166222E;127;Z;2;789582502075 2
70100483;128;Z;2;100070052789 9
 0576150;129;Z;2;100210057468 8
2184546E;130;Z;2;789582501284 9
2415B402P;131;Z;2;789003040298 0
70100KB;131;Z;2;789000240490 5
2415B402E;131;Z;2;789582501817 9
3781A003E;133;Z;2;789582502785 0
2315C053;134;Z;2;100040057765 1
70740328E;135;Z;2;789582504617 2
70393NA;136;Z;2;789000238301 9
3175H001;137;Z;2;100700058835 3
2415H031E;138;Z;2;789582501818 6
70217NA;40;Z;2;789000240341 0
7008241R1E;40;Z;2;789000240294 9
70040022E;75;Z;2;789582536932 5
